/* Generating data for database: amlims_dev  */

/* Table public.Step cleared */
DELETE FROM "public"."Step";
COMMIT;

/* Table public.Workflow cleared */
DELETE FROM "public"."Workflow";
COMMIT;

/* Table public.ReportDocument cleared */
DELETE FROM "public"."ReportDocument";
COMMIT;

/* Table public.Report cleared */
DELETE FROM "public"."Report";
COMMIT;

/* Table public.ReportTemplate cleared */
DELETE FROM "public"."ReportTemplate";
COMMIT;

/* Table public.Label cleared */
DELETE FROM "public"."Label";
COMMIT;

/* Table public.TestResult cleared */
DELETE FROM "public"."TestResult";
COMMIT;

/* Table public.PanelResult cleared */
DELETE FROM "public"."PanelResult";
COMMIT;

/* Table public.Specimen cleared */
DELETE FROM "public"."Specimen";
COMMIT;

/* Table public.Case cleared */
DELETE FROM "public"."Case";
COMMIT;

/* Table public.Batch cleared */
DELETE FROM "public"."Batch";
COMMIT;

/* Table public.Accession cleared */
DELETE FROM "public"."Accession";
COMMIT;

/* Table public.Patient cleared */
DELETE FROM "public"."Patient";
COMMIT;

/* Table public.Lab cleared */
DELETE FROM "public"."Lab";
COMMIT;

/* Table public.Doctor cleared */
DELETE FROM "public"."Doctor";
COMMIT;

/* Table public.Facility cleared */
DELETE FROM "public"."Facility";
COMMIT;

/* Table public.Client cleared */
DELETE FROM "public"."Client";
COMMIT;

/* Generating data for table public.Client... */
INSERT INTO "public"."Client"("ID","Active","ClientCode","ClientName","CreatedDate","CreatedUUID","JsonExtendedData","ModifiedDate","ModifiedUUID") 
VALUES(1,TRUE,E'DOXHKYRFXNWFRIACUFURLSEYE',E'ZUWRFGFZXHGNYFMHVDPYI','02/01/2017 06:36:24.312283',E'PYCFFIFUUDZYBFJFA',NULL,'01/20/2017 05:55:14.258231',E'HEIDNZBVC');
INSERT INTO "public"."Client"("ID","Active","ClientCode","ClientName","CreatedDate","CreatedUUID","JsonExtendedData","ModifiedDate","ModifiedUUID") 
VALUES(2,FALSE,E'OXFHMNQUBCLWFHRBNFTOVGAGM',E'RVTXGHGJIBMZYSGGSMODWKTZ','02/15/2017 14:00:51.367116',E'GURXOJDTPQ',NULL,'02/09/2017 12:03:56.295742',E'PVKRIUNCZRUAJQES');
INSERT INTO "public"."Client"("ID","Active","ClientCode","ClientName","CreatedDate","CreatedUUID","JsonExtendedData","ModifiedDate","ModifiedUUID") 
VALUES(3,FALSE,E'QGQGGGGD',E'ZBSAJSZXWPOYFNIGMYHWCTPKJ','02/23/2017 07:53:23.521918',E'JVLYTMOSJ',NULL,'03/12/2017 13:52:11.382812',E'ZEGGXDCXIYHXEIAXER');
INSERT INTO "public"."Client"("ID","Active","ClientCode","ClientName","CreatedDate","CreatedUUID","JsonExtendedData","ModifiedDate","ModifiedUUID") 
VALUES(4,FALSE,E'BAZLKCDPTENMFPRHNBXLEON',E'HNLQNT','02/16/2017 05:19:42.196060',E'HZIKWCTUWIZVXYUUSQ',NULL,'02/13/2017 12:47:05.406836',E'IQCXPIQXCIVD');
INSERT INTO "public"."Client"("ID","Active","ClientCode","ClientName","CreatedDate","CreatedUUID","JsonExtendedData","ModifiedDate","ModifiedUUID") 
VALUES(5,TRUE,E'NBXBHUSTNMQZEHULEPMSRFL',E'AOIVI','03/01/2017 20:24:02.421739',E'IRAJVJJYIKE',NULL,'01/30/2017 04:04:12.654986',E'MDYHFKQTEWXAIESUY');
INSERT INTO "public"."Client"("ID","Active","ClientCode","ClientName","CreatedDate","CreatedUUID","JsonExtendedData","ModifiedDate","ModifiedUUID") 
VALUES(6,TRUE,E'DYRRXTXWZGUQ',E'OXSJYRKOUOARAQBQQXFKGXX','03/08/2017 10:07:00.753565',E'VWLHBCK',NULL,'02/13/2017 08:15:25.711483',E'QUSMHNNTJPDSIFQL');
INSERT INTO "public"."Client"("ID","Active","ClientCode","ClientName","CreatedDate","CreatedUUID","JsonExtendedData","ModifiedDate","ModifiedUUID") 
VALUES(7,TRUE,E'ORRGEKLKISSCLUVWS',E'RGOLGOQVRLUPQGREL','02/26/2017 14:43:58.629153',E'CCNKAZPFNRWLNSJL',NULL,'03/18/2017 22:57:37.263819',E'JQVZULDT');
INSERT INTO "public"."Client"("ID","Active","ClientCode","ClientName","CreatedDate","CreatedUUID","JsonExtendedData","ModifiedDate","ModifiedUUID") 
VALUES(8,TRUE,E'ADVPAKVMLNQJ',E'LWHZXBJLOUKD','02/07/2017 09:44:54.901847',E'FQJEZCQBEULD',NULL,'02/28/2017 07:06:48.217885',E'TXKSQBRCO');
INSERT INTO "public"."Client"("ID","Active","ClientCode","ClientName","CreatedDate","CreatedUUID","JsonExtendedData","ModifiedDate","ModifiedUUID") 
VALUES(9,FALSE,E'RYPBVAWJQXDNABQS',E'KVNRXBYQVADISJUBGZGONG','03/16/2017 16:37:43.831334',E'CYJMMZURSCUVMUVLRELJED',NULL,'02/14/2017 09:37:39.606595',E'RXBNGSRHEXCLUPEUTO');
INSERT INTO "public"."Client"("ID","Active","ClientCode","ClientName","CreatedDate","CreatedUUID","JsonExtendedData","ModifiedDate","ModifiedUUID") 
VALUES(10,TRUE,E'ANNGCLYCMYLFRAADCCCGNAEGI',E'VGMRXVDEQRYQQOX','02/23/2017 19:44:01.875683',E'QOHXBTNK',NULL,'03/14/2017 16:11:20.292885',E'MQBBMWV');
INSERT INTO "public"."Client"("ID","Active","ClientCode","ClientName","CreatedDate","CreatedUUID","JsonExtendedData","ModifiedDate","ModifiedUUID") 
VALUES(11,FALSE,E'IGBKAIQQIDFUEQFENKOSUGKVN',E'YEAHYFOHMRFPZXPDFMFQT','03/03/2017 18:49:32.955458',E'QXHDDLDBATJQYQSCXNXA',NULL,'01/28/2017 10:32:26.538194',E'RTQJL');
INSERT INTO "public"."Client"("ID","Active","ClientCode","ClientName","CreatedDate","CreatedUUID","JsonExtendedData","ModifiedDate","ModifiedUUID") 
VALUES(12,TRUE,E'OAUNWBKXPEIYZVOYTXNDIQOUT',E'QSBMAELDKR','02/09/2017 12:24:06.833221',E'GUTWHHSCBZCLELRPCANUYPIW',NULL,'03/18/2017 17:25:00.852508',E'WRJDAWRTBMCVQVIIOLPJYWS');
INSERT INTO "public"."Client"("ID","Active","ClientCode","ClientName","CreatedDate","CreatedUUID","JsonExtendedData","ModifiedDate","ModifiedUUID") 
VALUES(13,FALSE,E'ZXHZBBOMWL',E'JMSAWEEHXSSQZICW','02/11/2017 10:44:39.771878',E'LNSEB',NULL,'02/14/2017 09:26:13.825598',E'OPHDQCYKYXIHHUOQZZAHN');
INSERT INTO "public"."Client"("ID","Active","ClientCode","ClientName","CreatedDate","CreatedUUID","JsonExtendedData","ModifiedDate","ModifiedUUID") 
VALUES(14,FALSE,E'CXGWCDAQO',E'YLMGWPOYUIZQONJMB','03/04/2017 15:39:01.715826',E'NULNHAOGOFVNJAEWYID',NULL,'01/27/2017 04:52:21.838408',E'FKSDEALTKAMD');
INSERT INTO "public"."Client"("ID","Active","ClientCode","ClientName","CreatedDate","CreatedUUID","JsonExtendedData","ModifiedDate","ModifiedUUID") 
VALUES(15,TRUE,E'SERWULKHUHQTXEPNVKDJTLDB',E'CWRBTWVWMCSZTSQD','02/21/2017 12:45:59.356506',E'JDIXHCVGBWAIGAFQ',NULL,'02/26/2017 12:57:14.699792',E'JRLEIP');
INSERT INTO "public"."Client"("ID","Active","ClientCode","ClientName","CreatedDate","CreatedUUID","JsonExtendedData","ModifiedDate","ModifiedUUID") 
VALUES(16,FALSE,E'DRVSTZJEYCRQYFEMTQENDD',E'XGSUHYDRAJXUYCGXKS','03/14/2017 22:52:32.379439',E'BVEZEZBW',NULL,'02/28/2017 14:16:38.207609',E'WUYNO');
INSERT INTO "public"."Client"("ID","Active","ClientCode","ClientName","CreatedDate","CreatedUUID","JsonExtendedData","ModifiedDate","ModifiedUUID") 
VALUES(17,TRUE,E'QXLYVMUCLLE',E'AIMWJZXVNXWTYAWLFYEQPA','01/21/2017 14:55:01.759476',E'JVKBDQBYOLFAYLGVMGVKQ',NULL,'02/20/2017 09:33:00.624661',E'IUMLYRWTXJIYJZW');
INSERT INTO "public"."Client"("ID","Active","ClientCode","ClientName","CreatedDate","CreatedUUID","JsonExtendedData","ModifiedDate","ModifiedUUID") 
VALUES(18,FALSE,E'UDATBCXG',E'KFBQOGCSEAAGUKQMNAPRAM','03/13/2017 07:52:55.768855',E'SOJGTPSXYSDMBVVXEZFOCKF',NULL,'02/02/2017 13:50:33.168113',E'THBQALEUHNII');
INSERT INTO "public"."Client"("ID","Active","ClientCode","ClientName","CreatedDate","CreatedUUID","JsonExtendedData","ModifiedDate","ModifiedUUID") 
VALUES(19,TRUE,E'PODTP',E'HUWJYLFHMFCYHDDKUDYCGJNK','02/13/2017 20:21:11.819902',E'JBJRFL',NULL,'03/09/2017 21:00:31.587495',E'MVKASTYFPDMFPKZ');
INSERT INTO "public"."Client"("ID","Active","ClientCode","ClientName","CreatedDate","CreatedUUID","JsonExtendedData","ModifiedDate","ModifiedUUID") 
VALUES(20,FALSE,E'NJMQYJGMBO',E'MZDEEFREUUSTNKBDQMXRZK','03/03/2017 15:09:10.807880',E'JAEWZTPJJDUCK',NULL,'01/21/2017 06:50:04.466036',E'JYRJPFOAAPBCSOVSMSP');
INSERT INTO "public"."Client"("ID","Active","ClientCode","ClientName","CreatedDate","CreatedUUID","JsonExtendedData","ModifiedDate","ModifiedUUID") 
VALUES(21,TRUE,E'TIMZFKAJIR',E'BUADKFIZHNUOTCKVBGPAKJNE','02/01/2017 18:40:58.256088',E'ZHQRFZLVN',NULL,'03/10/2017 02:05:56.178488',E'PDXLNPEOYXEMRHPIIDB');
INSERT INTO "public"."Client"("ID","Active","ClientCode","ClientName","CreatedDate","CreatedUUID","JsonExtendedData","ModifiedDate","ModifiedUUID") 
VALUES(22,TRUE,E'CFSJPVZLPLGCZBZFQKI',E'IMXOKPLDSAXGCXQUYHZYEBA','02/10/2017 08:23:24.790025',E'UXCXDLTEODLVXZ',NULL,'03/14/2017 14:21:52.761424',E'ERZTFZKOPUVQMIAUAJQRR');
INSERT INTO "public"."Client"("ID","Active","ClientCode","ClientName","CreatedDate","CreatedUUID","JsonExtendedData","ModifiedDate","ModifiedUUID") 
VALUES(23,FALSE,E'IEMUEJTXHPSSYLJEDNJXKJWYS',E'CKBTFUGFJLVFSMSSDQIPXKRW','02/23/2017 01:52:25.353671',E'YTZUYHOGTT',NULL,'02/09/2017 17:09:25.827678',E'QAJGGESJJDHVPIIYJXCWCNBE');
INSERT INTO "public"."Client"("ID","Active","ClientCode","ClientName","CreatedDate","CreatedUUID","JsonExtendedData","ModifiedDate","ModifiedUUID") 
VALUES(24,FALSE,E'SEJIFVRWHZBU',E'NLLLZTBRMBDKWMEB','01/21/2017 05:07:23.860095',E'FTHLBGASQJKGP',NULL,'02/16/2017 14:51:57.509570',E'MWTDL');
INSERT INTO "public"."Client"("ID","Active","ClientCode","ClientName","CreatedDate","CreatedUUID","JsonExtendedData","ModifiedDate","ModifiedUUID") 
VALUES(25,TRUE,E'POVYCYCDRJMRBYGNJJWQ',E'LQPXTD','02/09/2017 21:12:56.733563',E'LBUTZ',NULL,'01/27/2017 00:04:30.633448',E'BCFGTNPFNGFCMUG');
INSERT INTO "public"."Client"("ID","Active","ClientCode","ClientName","CreatedDate","CreatedUUID","JsonExtendedData","ModifiedDate","ModifiedUUID") 
VALUES(26,TRUE,E'XUTBDFQMQ',E'BCBRCOLO','01/25/2017 11:50:33.461078',E'WSGMICYDOHXJ',NULL,'01/30/2017 10:52:30.752448',E'ZHRMFDP');
INSERT INTO "public"."Client"("ID","Active","ClientCode","ClientName","CreatedDate","CreatedUUID","JsonExtendedData","ModifiedDate","ModifiedUUID") 
VALUES(27,FALSE,E'BGANBCGISSVJIASNCFYQJ',E'KXCJBBIXBMG','02/16/2017 19:05:30.053627',E'CGZLULTNVHUJTFFOLXJ',NULL,'02/16/2017 04:54:56.747516',E'EZAHKTOICZTXEVS');
INSERT INTO "public"."Client"("ID","Active","ClientCode","ClientName","CreatedDate","CreatedUUID","JsonExtendedData","ModifiedDate","ModifiedUUID") 
VALUES(28,TRUE,E'CYGOALCDXYYHUHWFONMOWP',E'LXJUFCXLNEQZTALVVFBZXQE','02/01/2017 18:58:05.864419',E'IKKVYJICZ',NULL,'02/19/2017 23:21:23.202195',E'UHBDUGRWQEEJCJWPJH');
INSERT INTO "public"."Client"("ID","Active","ClientCode","ClientName","CreatedDate","CreatedUUID","JsonExtendedData","ModifiedDate","ModifiedUUID") 
VALUES(29,TRUE,E'KWRDWXHMXTEBR',E'XCESBPCWMRMN','02/01/2017 13:01:36.210990',E'QKRGEYMPOWITJBGDOHFZFD',NULL,'02/25/2017 15:52:37.279688',E'XTCPS');
INSERT INTO "public"."Client"("ID","Active","ClientCode","ClientName","CreatedDate","CreatedUUID","JsonExtendedData","ModifiedDate","ModifiedUUID") 
VALUES(30,FALSE,E'ABEYVFQYMRJVNPZFJTBH',E'ODMIKQMBBLRGCQDCLNR','03/16/2017 07:24:11.137776',E'RQGABMPZGXD',NULL,'02/01/2017 01:12:03.194400',E'LOLMFDAGOXCZLLWYRBIXVG');
INSERT INTO "public"."Client"("ID","Active","ClientCode","ClientName","CreatedDate","CreatedUUID","JsonExtendedData","ModifiedDate","ModifiedUUID") 
VALUES(31,FALSE,E'QRPVJHXZDDBZXXUDO',E'LBEOESXTNTKZP','03/03/2017 02:11:20.733339',E'PXUZUTHYUDXAVA',NULL,'03/17/2017 07:02:24.533036',E'IESXCBGHK');
INSERT INTO "public"."Client"("ID","Active","ClientCode","ClientName","CreatedDate","CreatedUUID","JsonExtendedData","ModifiedDate","ModifiedUUID") 
VALUES(32,FALSE,E'VETDZY',E'XPVFPERCMLEXJ','01/27/2017 05:04:13.089137',E'UXSTXXQGXNFIC',NULL,'03/18/2017 04:33:38.850966',E'ZXWBU');
INSERT INTO "public"."Client"("ID","Active","ClientCode","ClientName","CreatedDate","CreatedUUID","JsonExtendedData","ModifiedDate","ModifiedUUID") 
VALUES(33,TRUE,E'YDXYVINETJHIKWLLWGZKD',E'QVMKXTP','03/07/2017 15:02:46.041081',E'ZMXRJVNA',NULL,'03/08/2017 09:01:59.983516',E'YBHARRVIDFDMAEGPJIHHIFN');
INSERT INTO "public"."Client"("ID","Active","ClientCode","ClientName","CreatedDate","CreatedUUID","JsonExtendedData","ModifiedDate","ModifiedUUID") 
VALUES(34,TRUE,E'YZWTRUEVAZABJHDUOQSHOC',E'UGKFPEKKQXZTAUQA','01/31/2017 13:59:44.389708',E'OPVLSPCTZYT',NULL,'02/06/2017 13:26:55.834883',E'GCVLMNYDCMHMYRSFUDISJE');
INSERT INTO "public"."Client"("ID","Active","ClientCode","ClientName","CreatedDate","CreatedUUID","JsonExtendedData","ModifiedDate","ModifiedUUID") 
VALUES(35,TRUE,E'LHBOQZCVKAD',E'CULWLIPGGWCRYTAKMZEBO','02/13/2017 15:04:47.804071',E'NVCGNNWBJCVMAGNFFBVWEMUO',NULL,'01/25/2017 12:29:12.738355',E'LJHRV');
INSERT INTO "public"."Client"("ID","Active","ClientCode","ClientName","CreatedDate","CreatedUUID","JsonExtendedData","ModifiedDate","ModifiedUUID") 
VALUES(36,TRUE,E'VPVHSVSNWMQVTFTMGDCVVOB',E'XPXPLQUAYCKB','02/06/2017 11:38:48.562977',E'JZCGUJXXHERWRHSQF',NULL,'03/01/2017 18:58:37.965375',E'WBRUVYIODFOXHZWXMAVV');
INSERT INTO "public"."Client"("ID","Active","ClientCode","ClientName","CreatedDate","CreatedUUID","JsonExtendedData","ModifiedDate","ModifiedUUID") 
VALUES(37,FALSE,E'OZIPTCSQSZPLSH',E'TQWJUBJKOHRIGP','01/22/2017 07:29:54.291612',E'WTYPVJWNHXSMWMKQCG',NULL,'03/08/2017 17:58:56.700383',E'ACKZOBPBSJUIHBRVZRQFIS');
INSERT INTO "public"."Client"("ID","Active","ClientCode","ClientName","CreatedDate","CreatedUUID","JsonExtendedData","ModifiedDate","ModifiedUUID") 
VALUES(38,TRUE,E'DKCQVGILONGPLM',E'CAAPLJBBKKPW','03/09/2017 11:37:13.949024',E'RKDCYFGCMHNEKGURNAHJA',NULL,'02/10/2017 11:54:47.056425',E'KLPSCRYIJLRHDKIOIZZVZH');
INSERT INTO "public"."Client"("ID","Active","ClientCode","ClientName","CreatedDate","CreatedUUID","JsonExtendedData","ModifiedDate","ModifiedUUID") 
VALUES(39,TRUE,E'ECPTMHGCJE',E'GUPRPKBQIAJ','03/01/2017 17:17:46.378405',E'JMJWKCMPAZYLH',NULL,'02/10/2017 12:57:44.792862',E'LVNJMNCFLPXR');
INSERT INTO "public"."Client"("ID","Active","ClientCode","ClientName","CreatedDate","CreatedUUID","JsonExtendedData","ModifiedDate","ModifiedUUID") 
VALUES(40,TRUE,E'CSASZZUKGTNY',E'DSDPUJFVVWBWXQRTRKHDJI','02/11/2017 11:47:09.226940',E'SUGBGNPDHAPCRKQOXYPNIO',NULL,'02/10/2017 23:02:42.992059',E'LKRVTWVEISTMOT');
INSERT INTO "public"."Client"("ID","Active","ClientCode","ClientName","CreatedDate","CreatedUUID","JsonExtendedData","ModifiedDate","ModifiedUUID") 
VALUES(41,TRUE,E'OAQUVFJFKLWEFQMOX',E'OZODLQZJPSX','01/25/2017 19:07:49.515120',E'OEVZMDUYGTH',NULL,'02/07/2017 09:50:46.110598',E'MJDJBZVSSNCFRXGCIGECKSL');
INSERT INTO "public"."Client"("ID","Active","ClientCode","ClientName","CreatedDate","CreatedUUID","JsonExtendedData","ModifiedDate","ModifiedUUID") 
VALUES(42,TRUE,E'OQTLRUOVZHZANQDGIUCYUMTUY',E'MWJYSR','02/06/2017 11:34:08.556699',E'FMNJRRH',NULL,'01/19/2017 20:49:41.696730',E'RMLJX');
INSERT INTO "public"."Client"("ID","Active","ClientCode","ClientName","CreatedDate","CreatedUUID","JsonExtendedData","ModifiedDate","ModifiedUUID") 
VALUES(43,TRUE,E'FWJENRRUQOBIVB',E'CLJEPJB','02/22/2017 13:42:25.915398',E'MYCUBAFLQIFW',NULL,'01/21/2017 11:03:37.713723',E'PLDJAGTXHCQQN');
INSERT INTO "public"."Client"("ID","Active","ClientCode","ClientName","CreatedDate","CreatedUUID","JsonExtendedData","ModifiedDate","ModifiedUUID") 
VALUES(44,TRUE,E'CIMKXCBKIWFDYO',E'KKGJA','02/16/2017 19:25:59.066604',E'XZXFKJTMXTJKRTIBBJ',NULL,'01/19/2017 07:21:52.189287',E'ZKBUUKK');
INSERT INTO "public"."Client"("ID","Active","ClientCode","ClientName","CreatedDate","CreatedUUID","JsonExtendedData","ModifiedDate","ModifiedUUID") 
VALUES(45,FALSE,E'DDKLQCDVTEBE',E'OVPIBNGH','01/28/2017 05:17:13.769355',E'CQODQ',NULL,'03/15/2017 08:12:48.781582',E'TVZWGXP');
INSERT INTO "public"."Client"("ID","Active","ClientCode","ClientName","CreatedDate","CreatedUUID","JsonExtendedData","ModifiedDate","ModifiedUUID") 
VALUES(46,FALSE,E'QXDMNCOZD',E'LNBOSVWD','03/09/2017 19:05:59.112774',E'IMZUPEXRLXSSAGVY',NULL,'02/05/2017 08:52:36.655056',E'YRKMIBYIGJFHYBK');
INSERT INTO "public"."Client"("ID","Active","ClientCode","ClientName","CreatedDate","CreatedUUID","JsonExtendedData","ModifiedDate","ModifiedUUID") 
VALUES(47,TRUE,E'ECYUHPTYDBHFPXLQC',E'PUQIOOKWDAFHWWL','02/16/2017 11:11:38.221987',E'PFRKUJZRUPNF',NULL,'01/26/2017 22:42:12.113258',E'TWQDZXMSSWYZNTOO');
INSERT INTO "public"."Client"("ID","Active","ClientCode","ClientName","CreatedDate","CreatedUUID","JsonExtendedData","ModifiedDate","ModifiedUUID") 
VALUES(48,TRUE,E'DVOAMRNCFGK',E'XKCDCHXFBPFVXVQMIDMHFM','01/25/2017 00:53:58.813537',E'IPVJAXUKNJSXTIGWEZNTROOW',NULL,'03/18/2017 07:46:52.122388',E'YVCVEIDPBXYNIOHLSJKUSYZO');
INSERT INTO "public"."Client"("ID","Active","ClientCode","ClientName","CreatedDate","CreatedUUID","JsonExtendedData","ModifiedDate","ModifiedUUID") 
VALUES(49,TRUE,E'EGJRNBJQLXS',E'KXCAUGARTTVFVUOZFWJEOJP','01/26/2017 00:36:31.630708',E'MBYJOODBPBSJU',NULL,'01/30/2017 01:06:33.025411',E'LIESPEMXKZLLTWH');
INSERT INTO "public"."Client"("ID","Active","ClientCode","ClientName","CreatedDate","CreatedUUID","JsonExtendedData","ModifiedDate","ModifiedUUID") 
VALUES(50,TRUE,E'RDABYMHXUGXEZVPDB',E'LDXOOSKQKAHHAOEVMYY','02/26/2017 00:11:36.204204',E'WBIORSQWBXLJYKUTDVHWPOIN',NULL,'03/11/2017 17:46:58.896141',E'QXCENJSEPSKPVIRTNZH');
INSERT INTO "public"."Client"("ID","Active","ClientCode","ClientName","CreatedDate","CreatedUUID","JsonExtendedData","ModifiedDate","ModifiedUUID") 
VALUES(51,FALSE,E'BANITCYOB',E'MOLIH','02/23/2017 20:52:12.749632',E'OJVJGMODNEFIFKUKOL',NULL,'02/25/2017 21:10:26.847957',E'DRGHSQIR');
INSERT INTO "public"."Client"("ID","Active","ClientCode","ClientName","CreatedDate","CreatedUUID","JsonExtendedData","ModifiedDate","ModifiedUUID") 
VALUES(52,TRUE,E'GBAJIRK',E'SZXWSFGEJFKWUK','02/12/2017 10:04:05.616197',E'ZFDXKGOAAATREQ',NULL,'03/15/2017 20:15:51.326618',E'OXEXSLLPGPKTGEFTKRGY');
INSERT INTO "public"."Client"("ID","Active","ClientCode","ClientName","CreatedDate","CreatedUUID","JsonExtendedData","ModifiedDate","ModifiedUUID") 
VALUES(53,TRUE,E'QVWWGKZIIFS',E'HYPGMWAAZQJYTLLDNPRQNJ','03/05/2017 01:32:12.852074',E'TIJELKOEWMURU',NULL,'03/14/2017 11:29:12.571147',E'MIHVLXYUMELLPIEFZRCBAXS');
INSERT INTO "public"."Client"("ID","Active","ClientCode","ClientName","CreatedDate","CreatedUUID","JsonExtendedData","ModifiedDate","ModifiedUUID") 
VALUES(54,TRUE,E'NCYPOIGXAWHTDDCFXADIDE',E'TFEGDJEASQJQY','02/16/2017 11:48:01.434138',E'DJVIBRDVVEERZQ',NULL,'02/02/2017 06:43:30.752880',E'VFCOMHZ');
INSERT INTO "public"."Client"("ID","Active","ClientCode","ClientName","CreatedDate","CreatedUUID","JsonExtendedData","ModifiedDate","ModifiedUUID") 
VALUES(55,FALSE,E'AZXBSKROHONIEXAKNF',E'ENLKURGFMOEFKSOZWNWHXXP','03/06/2017 05:02:00.942640',E'ZLGVXBRQDIAEXSFRZGMFAEYVH',NULL,'02/06/2017 09:56:45.437898',E'CCPNRVHTFGFYXUDUUST');
INSERT INTO "public"."Client"("ID","Active","ClientCode","ClientName","CreatedDate","CreatedUUID","JsonExtendedData","ModifiedDate","ModifiedUUID") 
VALUES(56,TRUE,E'GLEWJANXBVWKDHHARSHXZRGEK',E'JGINFHMLOELKKHCIX','02/04/2017 20:24:58.370450',E'GTVHW',NULL,'03/17/2017 23:27:48.856627',E'MDPRBXTMDWDTZJZUWDSHWSR');
INSERT INTO "public"."Client"("ID","Active","ClientCode","ClientName","CreatedDate","CreatedUUID","JsonExtendedData","ModifiedDate","ModifiedUUID") 
VALUES(57,FALSE,E'VKHEKVDNGVOSTUNQB',E'UFNYTPQNIOMFSDPFTLMA','02/25/2017 01:26:31.155037',E'GUPRFCXCXOXQVQHBSDKX',NULL,'02/17/2017 20:51:23.899671',E'LNDMJSB');
INSERT INTO "public"."Client"("ID","Active","ClientCode","ClientName","CreatedDate","CreatedUUID","JsonExtendedData","ModifiedDate","ModifiedUUID") 
VALUES(58,TRUE,E'QWAYYUXER',E'BTIPINOABWWPMULQUKBJKT','02/10/2017 19:36:28.327457',E'GVRBNXVNZFTUNTDUQJNWOM',NULL,'02/28/2017 03:43:25.126332',E'NEROPSNPUOIE');
INSERT INTO "public"."Client"("ID","Active","ClientCode","ClientName","CreatedDate","CreatedUUID","JsonExtendedData","ModifiedDate","ModifiedUUID") 
VALUES(59,TRUE,E'AVFPMWTSGAJCM',E'IQGDCTIZPEWGPDPXCS','03/10/2017 03:52:46.788787',E'RMREGHZJBGVCIRUQQWLKWO',NULL,'01/21/2017 14:25:44.288676',E'BCRCJNDKUOULHALYUAQD');
INSERT INTO "public"."Client"("ID","Active","ClientCode","ClientName","CreatedDate","CreatedUUID","JsonExtendedData","ModifiedDate","ModifiedUUID") 
VALUES(60,FALSE,E'TSIJPXYITQGJCORMQLCXJJBXA',E'ZAVTCXOYRSQFOBX','02/16/2017 12:27:45.875999',E'OGPSCVZEOZFLGTZ',NULL,'03/17/2017 19:13:46.549400',E'SVXUDYZBDCISGDU');
INSERT INTO "public"."Client"("ID","Active","ClientCode","ClientName","CreatedDate","CreatedUUID","JsonExtendedData","ModifiedDate","ModifiedUUID") 
VALUES(61,FALSE,E'VGGVAQSSPEZNQNTSJ',E'QTEZAFGVMXNOFMUWUMJ','03/14/2017 13:21:03.435918',E'XHMTJPRLUBQPFBG',NULL,'02/08/2017 16:21:13.576492',E'WAECCGNUUUJPCHJDPNAQUDL');
INSERT INTO "public"."Client"("ID","Active","ClientCode","ClientName","CreatedDate","CreatedUUID","JsonExtendedData","ModifiedDate","ModifiedUUID") 
VALUES(62,TRUE,E'GTOSIEROFDCNC',E'YCWEM','03/12/2017 06:32:05.901575',E'WJVHXUZJL',NULL,'03/04/2017 05:07:01.490884',E'VAUYLRVVJMPQWNNUL');
INSERT INTO "public"."Client"("ID","Active","ClientCode","ClientName","CreatedDate","CreatedUUID","JsonExtendedData","ModifiedDate","ModifiedUUID") 
VALUES(63,FALSE,E'ERWEFYODCHXTLUAT',E'LILOAYAHUKAXBYVI','02/16/2017 22:04:35.676695',E'XSXIVTQWOSCWJQUAFBXPNH',NULL,'01/18/2017 18:26:55.471528',E'XDXSIVFSMRFFWTCQJNRAOLH');
INSERT INTO "public"."Client"("ID","Active","ClientCode","ClientName","CreatedDate","CreatedUUID","JsonExtendedData","ModifiedDate","ModifiedUUID") 
VALUES(64,TRUE,E'RWYRFUZONIYLBLP',E'GMDCKY','02/04/2017 03:16:25.712986',E'XFVRJNDOVSJ',NULL,'02/22/2017 22:00:38.595419',E'IGKFJZLUNUHJKYZ');
INSERT INTO "public"."Client"("ID","Active","ClientCode","ClientName","CreatedDate","CreatedUUID","JsonExtendedData","ModifiedDate","ModifiedUUID") 
VALUES(65,FALSE,E'QWZXLIFDQWTFQXCPE',E'TXGWOBZPNIOMFFPO','03/09/2017 17:48:44.615565',E'UCRSDBEINHIZABNEKU',NULL,'01/25/2017 12:17:40.941017',E'AHFEZYFB');
INSERT INTO "public"."Client"("ID","Active","ClientCode","ClientName","CreatedDate","CreatedUUID","JsonExtendedData","ModifiedDate","ModifiedUUID") 
VALUES(66,FALSE,E'FUPESGWSZYENEAORUGIUS',E'ZAWAAOCV','02/13/2017 14:56:03.202473',E'PIYNFYUMEUFEWE',NULL,'01/31/2017 23:00:16.706389',E'ECIHIPYQLFPLC');
INSERT INTO "public"."Client"("ID","Active","ClientCode","ClientName","CreatedDate","CreatedUUID","JsonExtendedData","ModifiedDate","ModifiedUUID") 
VALUES(67,TRUE,E'NPGYZIESFZ',E'QATFGRSJBUSDVGEMIBGGPMV','02/26/2017 21:57:04.375184',E'TDYCV',NULL,'01/24/2017 02:01:08.725263',E'LBWBLFHHU');
INSERT INTO "public"."Client"("ID","Active","ClientCode","ClientName","CreatedDate","CreatedUUID","JsonExtendedData","ModifiedDate","ModifiedUUID") 
VALUES(68,TRUE,E'BJYQJEBB',E'GZMGUWATUTNDHLNXZ','01/22/2017 09:51:19.194085',E'UANLWOJXMCFIVHFXSCMCWI',NULL,'03/07/2017 17:05:47.947020',E'HIMMYAQFPXHWAGEBCOGDMSW');
INSERT INTO "public"."Client"("ID","Active","ClientCode","ClientName","CreatedDate","CreatedUUID","JsonExtendedData","ModifiedDate","ModifiedUUID") 
VALUES(69,TRUE,E'RWKPCNL',E'IUZRETBC','03/18/2017 03:23:08.923832',E'BWJWTEVHJQYTFRGVHECEBVM',NULL,'03/13/2017 06:28:16.514182',E'AGVZLQMUTUOFIAXMTD');
INSERT INTO "public"."Client"("ID","Active","ClientCode","ClientName","CreatedDate","CreatedUUID","JsonExtendedData","ModifiedDate","ModifiedUUID") 
VALUES(70,FALSE,E'JPQZPVKQADUYMMGKDTIKNUNF',E'SMQOOZCUUAQKCGDFP','03/04/2017 17:11:53.741049',E'YMERXSTDZVOMXVSIWXNA',NULL,'01/23/2017 21:08:45.751072',E'DULJXPHZWZTBZJMI');
INSERT INTO "public"."Client"("ID","Active","ClientCode","ClientName","CreatedDate","CreatedUUID","JsonExtendedData","ModifiedDate","ModifiedUUID") 
VALUES(71,TRUE,E'AIJJZXLG',E'ZLXXBXMMDGZOWMEWAOMPCTKF','02/07/2017 23:34:29.173542',E'ODLHTBDRSJ',NULL,'02/26/2017 11:00:46.203157',E'EIRUZNEZMLJFT');
INSERT INTO "public"."Client"("ID","Active","ClientCode","ClientName","CreatedDate","CreatedUUID","JsonExtendedData","ModifiedDate","ModifiedUUID") 
VALUES(72,FALSE,E'NRNFZLTYTMWVIYZLUGKMJYN',E'VCBILOMIPCXLOUHO','02/24/2017 01:19:19.978161',E'RVYDQCSYFDQQYKEHPFZHOG',NULL,'03/10/2017 16:24:51.721868',E'VAMISNFBRFYNLOWDK');
INSERT INTO "public"."Client"("ID","Active","ClientCode","ClientName","CreatedDate","CreatedUUID","JsonExtendedData","ModifiedDate","ModifiedUUID") 
VALUES(73,TRUE,E'TCUUFYNLMKXLO',E'HGCNTWWXE','03/05/2017 01:03:25.454523',E'LGJFOXVQEDNSFBO',NULL,'03/13/2017 10:27:56.857747',E'TNNDPNRT');
INSERT INTO "public"."Client"("ID","Active","ClientCode","ClientName","CreatedDate","CreatedUUID","JsonExtendedData","ModifiedDate","ModifiedUUID") 
VALUES(74,TRUE,E'CDNNFXXCXZTVOHNKBV',E'KMFFVBEKBVSIUYCFELIVWCVHA','02/18/2017 04:37:13.211434',E'JDLLTWYYMAQLWRGY',NULL,'03/06/2017 06:08:54.565472',E'XVTCE');
INSERT INTO "public"."Client"("ID","Active","ClientCode","ClientName","CreatedDate","CreatedUUID","JsonExtendedData","ModifiedDate","ModifiedUUID") 
VALUES(75,TRUE,E'WXOIRSKCESMSWYQCP',E'YMWXMGGDLVEG','02/23/2017 06:21:27.706322',E'DKVRVLUWISAWPPNZ',NULL,'01/29/2017 05:01:45.149966',E'SGLFCTUPMBLAAHRORVX');
INSERT INTO "public"."Client"("ID","Active","ClientCode","ClientName","CreatedDate","CreatedUUID","JsonExtendedData","ModifiedDate","ModifiedUUID") 
VALUES(76,TRUE,E'NXAEICLJRFKBDUWSR',E'ZJYPJTHRQJCREGHJMGOJPCAA','03/14/2017 17:44:44.487441',E'KZCUIVCHSEWBXKAVJHOOTJXJ',NULL,'02/05/2017 02:30:57.336346',E'CDLDPOCXCYXVFQI');
INSERT INTO "public"."Client"("ID","Active","ClientCode","ClientName","CreatedDate","CreatedUUID","JsonExtendedData","ModifiedDate","ModifiedUUID") 
VALUES(77,FALSE,E'OXNWOIVOSZ',E'PRQHHU','03/14/2017 02:02:18.106975',E'DAWMYMDUXTKQVNESAVYBUMLL',NULL,'03/12/2017 18:12:27.965589',E'DZJODDRUZNW');
INSERT INTO "public"."Client"("ID","Active","ClientCode","ClientName","CreatedDate","CreatedUUID","JsonExtendedData","ModifiedDate","ModifiedUUID") 
VALUES(78,FALSE,E'JVQOBIJOLKWLTBKHCPOJPOR',E'PVXZGTVLYWQPVZB','02/23/2017 21:09:07.336327',E'HVOYMFYLJ',NULL,'02/19/2017 14:51:20.159663',E'XAMFA');
INSERT INTO "public"."Client"("ID","Active","ClientCode","ClientName","CreatedDate","CreatedUUID","JsonExtendedData","ModifiedDate","ModifiedUUID") 
VALUES(79,TRUE,E'ROTYC',E'HDDORXWX','02/13/2017 21:57:58.257553',E'GAMMHFBXFWZEEOSALXXUB',NULL,'01/30/2017 05:04:59.895468',E'GYAOMZISOPUYQHSTYYAYBOYUC');
INSERT INTO "public"."Client"("ID","Active","ClientCode","ClientName","CreatedDate","CreatedUUID","JsonExtendedData","ModifiedDate","ModifiedUUID") 
VALUES(80,FALSE,E'RNHTH',E'KGWEVAHKMY','03/14/2017 17:01:18.385770',E'FIXAINGRLGRSAAPMPP',NULL,'02/27/2017 19:33:24.462284',E'TWUAN');
INSERT INTO "public"."Client"("ID","Active","ClientCode","ClientName","CreatedDate","CreatedUUID","JsonExtendedData","ModifiedDate","ModifiedUUID") 
VALUES(81,TRUE,E'EQIQGULE',E'TIXCXEQKRWJPL','02/11/2017 15:32:15.796267',E'PYCTOIRNQHOXU',NULL,'03/13/2017 11:10:20.331968',E'MQAFQLQRFEXJKALUELZFMU');
INSERT INTO "public"."Client"("ID","Active","ClientCode","ClientName","CreatedDate","CreatedUUID","JsonExtendedData","ModifiedDate","ModifiedUUID") 
VALUES(82,TRUE,E'UUPLUYPUIZKERYAYGWQS',E'ALRUXTBVWLACBMUPJRQL','01/18/2017 05:23:07.382981',E'MVZVYNAMYXIZPFMEHZFNEJJWU',NULL,'02/22/2017 14:12:11.820720',E'GBJPLIQGV');
INSERT INTO "public"."Client"("ID","Active","ClientCode","ClientName","CreatedDate","CreatedUUID","JsonExtendedData","ModifiedDate","ModifiedUUID") 
VALUES(83,FALSE,E'SIORTHKXFPFQOHO',E'NUOKAZFIRVWSGWIUQFZQQ','03/16/2017 04:50:45.619447',E'RHKHMXQJHHJKPYTAGPKDF',NULL,'02/12/2017 10:44:28.813727',E'XOUMVVZCWCBJWUKWGTHCDGU');
INSERT INTO "public"."Client"("ID","Active","ClientCode","ClientName","CreatedDate","CreatedUUID","JsonExtendedData","ModifiedDate","ModifiedUUID") 
VALUES(84,FALSE,E'JQREPERMVWXTQRASGFNZRGERQ',E'AHYCZPQGERMJZOT','03/13/2017 13:37:37.568365',E'PHVWUV',NULL,'03/06/2017 18:46:44.751783',E'PAFSJOXGIOYYQJWZULW');
INSERT INTO "public"."Client"("ID","Active","ClientCode","ClientName","CreatedDate","CreatedUUID","JsonExtendedData","ModifiedDate","ModifiedUUID") 
VALUES(85,FALSE,E'JMZNEIISSJWURPFUKAMJU',E'JIRZXPVTDJJVVH','01/30/2017 04:50:54.719656',E'DRFUECFQJGICHEZ',NULL,'02/05/2017 19:20:33.049769',E'ERLYDNCWZLHYOUWBXXDDKVE');
INSERT INTO "public"."Client"("ID","Active","ClientCode","ClientName","CreatedDate","CreatedUUID","JsonExtendedData","ModifiedDate","ModifiedUUID") 
VALUES(86,FALSE,E'LAQEIYCLOH',E'DTQPPOCEPNIUGFKDCWJMTVRH','02/05/2017 20:57:02.016300',E'CYTIYRQBORWSDEBQ',NULL,'03/02/2017 02:19:57.640601',E'GCGHVM');
INSERT INTO "public"."Client"("ID","Active","ClientCode","ClientName","CreatedDate","CreatedUUID","JsonExtendedData","ModifiedDate","ModifiedUUID") 
VALUES(87,FALSE,E'YCFHQZLB',E'KFSKPLRVVGXRNZKZ','02/27/2017 02:35:31.714816',E'SYRJUXHHWBUOSLLBQHGILQUTF',NULL,'03/09/2017 11:17:40.281037',E'DMYCBJRUAMBLPU');
INSERT INTO "public"."Client"("ID","Active","ClientCode","ClientName","CreatedDate","CreatedUUID","JsonExtendedData","ModifiedDate","ModifiedUUID") 
VALUES(88,FALSE,E'CPQHMXHEFKYSVDYRLBTQVCF',E'MSSKA','03/07/2017 15:27:35.193879',E'YNMVJJ',NULL,'03/11/2017 10:54:57.292266',E'MYCVHAEQQD');
INSERT INTO "public"."Client"("ID","Active","ClientCode","ClientName","CreatedDate","CreatedUUID","JsonExtendedData","ModifiedDate","ModifiedUUID") 
VALUES(89,FALSE,E'MSWVJNSLXZUJISK',E'BFHGRERRV','01/31/2017 02:11:00.714624',E'JVXGORRSKUBGLVDLECO',NULL,'02/22/2017 15:45:09.801142',E'JDYDIHMHTSMXNC');
INSERT INTO "public"."Client"("ID","Active","ClientCode","ClientName","CreatedDate","CreatedUUID","JsonExtendedData","ModifiedDate","ModifiedUUID") 
VALUES(90,FALSE,E'RDORMWGARWU',E'AMVBMPQ','02/12/2017 10:32:19.349509',E'WBXLZMYFPGIYXT',NULL,'02/15/2017 15:07:13.595574',E'DWQGQVYQ');
INSERT INTO "public"."Client"("ID","Active","ClientCode","ClientName","CreatedDate","CreatedUUID","JsonExtendedData","ModifiedDate","ModifiedUUID") 
VALUES(91,FALSE,E'ZLQRKHHMQ',E'AICIRLZVXBGMXAV','02/20/2017 12:38:49.036417',E'LVWFCJCLIXQJXSTFPDIPCXBH',NULL,'01/27/2017 20:23:13.464895',E'CZUMGVLUWYIWLME');
INSERT INTO "public"."Client"("ID","Active","ClientCode","ClientName","CreatedDate","CreatedUUID","JsonExtendedData","ModifiedDate","ModifiedUUID") 
VALUES(92,FALSE,E'TCBQQQYLQQ',E'GDJJGDHWGXMWQPGVFGNBAGW','02/08/2017 17:55:48.528938',E'TLADPJSWGFPUDLLIFZKGSOGG',NULL,'03/01/2017 20:42:35.162456',E'HDQRGCUODRAFYAI');
INSERT INTO "public"."Client"("ID","Active","ClientCode","ClientName","CreatedDate","CreatedUUID","JsonExtendedData","ModifiedDate","ModifiedUUID") 
VALUES(93,FALSE,E'SCWBB',E'GGSZGMMBJUVX','01/27/2017 04:41:55.879888',E'DQGHBIPQPESQWFNKOIG',NULL,'02/25/2017 13:59:44.743820',E'OXEQSJXUISKQHIEAICV');
INSERT INTO "public"."Client"("ID","Active","ClientCode","ClientName","CreatedDate","CreatedUUID","JsonExtendedData","ModifiedDate","ModifiedUUID") 
VALUES(94,FALSE,E'QYSGXDCKLFIYKKHUPCWDNZRM',E'KMMBDS','01/18/2017 06:42:42.058859',E'PNFMLIUHHDHEB',NULL,'03/03/2017 03:22:09.782005',E'HGLYPUEQZYGEPT');
INSERT INTO "public"."Client"("ID","Active","ClientCode","ClientName","CreatedDate","CreatedUUID","JsonExtendedData","ModifiedDate","ModifiedUUID") 
VALUES(95,FALSE,E'BGXAV',E'RAHFT','03/08/2017 18:50:43.424178',E'PCIKKLIKSIWNQ',NULL,'03/08/2017 23:55:33.090402',E'SGHYVPOBCMBCFMLRPPLFIWPA');
INSERT INTO "public"."Client"("ID","Active","ClientCode","ClientName","CreatedDate","CreatedUUID","JsonExtendedData","ModifiedDate","ModifiedUUID") 
VALUES(96,FALSE,E'HWYCCSZNWRK',E'CPQDDII','03/02/2017 23:04:06.997399',E'SPKBIFGVJHNAWEOYNEGUH',NULL,'03/18/2017 08:06:03.524719',E'UOFSRRHPJPWQSNRAYHYTTQBC');
INSERT INTO "public"."Client"("ID","Active","ClientCode","ClientName","CreatedDate","CreatedUUID","JsonExtendedData","ModifiedDate","ModifiedUUID") 
VALUES(97,FALSE,E'MTFGGKRJLMWJYL',E'CZTVGGZNBBPEXGIR','02/04/2017 02:20:56.541015',E'UJXFLNTKMFREVZQE',NULL,'02/23/2017 18:44:40.342843',E'XHUIHZNPP');
INSERT INTO "public"."Client"("ID","Active","ClientCode","ClientName","CreatedDate","CreatedUUID","JsonExtendedData","ModifiedDate","ModifiedUUID") 
VALUES(98,FALSE,E'BUHNSQOKSQZZUJOHP',E'LEZZLH','01/20/2017 14:00:28.734586',E'SFWJGKXCHX',NULL,'03/10/2017 21:49:49.292647',E'OJCXQRXAJRO');
INSERT INTO "public"."Client"("ID","Active","ClientCode","ClientName","CreatedDate","CreatedUUID","JsonExtendedData","ModifiedDate","ModifiedUUID") 
VALUES(99,FALSE,E'NLMSKDRJKUHBFYLHEKWSCE',E'IVAHQVPCQMBO','02/11/2017 02:32:48.796263',E'NLKJOHKLTROPRRNCZTZIFDOF',NULL,'03/08/2017 13:04:00.652478',E'LTJNZHXAEM');
INSERT INTO "public"."Client"("ID","Active","ClientCode","ClientName","CreatedDate","CreatedUUID","JsonExtendedData","ModifiedDate","ModifiedUUID") 
VALUES(100,FALSE,E'PJBQCWUJDNXW',E'XQPKTOZJ','02/26/2017 04:25:02.994503',E'UDBOQBTMTGCDREWNEX',NULL,'01/29/2017 08:56:39.208865',E'EDQPX');
COMMIT;

/* Generating data for table public.Facility... */
INSERT INTO "public"."Facility"("ID","Active","AddressLine1","AddressLine2","City","ClientID","Country","CreatedDate","CreatedUUID","JsonExtendedData","ModifiedDate","ModifiedUUID","Name","PostalCode","StateProvince") 
VALUES(1,TRUE,E'KXDYACITN',E'FGUSIMIXXGDXOBOTECPM',E'YXQDWGH',85,E'GCGGVILVKDMCSKJCLJ','01/19/2017 20:39:00.484259',E'EGOZCK',NULL,'02/28/2017 08:22:34.671760',E'WELSWMJFKOD',E'RMWXYTLFFXRZGVAWZSGERVUB',E'BHVAPKJJKOPSJPLJHSGK',E'EVILRFORHSEDIPZD');
INSERT INTO "public"."Facility"("ID","Active","AddressLine1","AddressLine2","City","ClientID","Country","CreatedDate","CreatedUUID","JsonExtendedData","ModifiedDate","ModifiedUUID","Name","PostalCode","StateProvince") 
VALUES(2,FALSE,E'EAHATHLPTQGNNKLBG',E'NOCWLXIZXFDDDJGWT',E'SEDQAQS',41,E'LPURF','02/16/2017 04:32:10.759634',E'ANTWFUVRPYSVHOB',NULL,'02/10/2017 05:06:40.971829',E'GHSNCIGDQMWLT',E'DJWQDKXMEBBJA',E'OCKQBVJOQXWKWXOZNPSRXKHLH',E'RIAZJHGZDZLRYEMNXSFDE');
INSERT INTO "public"."Facility"("ID","Active","AddressLine1","AddressLine2","City","ClientID","Country","CreatedDate","CreatedUUID","JsonExtendedData","ModifiedDate","ModifiedUUID","Name","PostalCode","StateProvince") 
VALUES(3,FALSE,E'WBLXVCC',E'OLRUTPNMPXXXRDDFMO',E'AWKQSXRLKQPFWVNTICPJM',45,E'UXIUYUPC','02/14/2017 16:19:41.216579',E'UQZZPHHSFFBQAPQEBO',NULL,'02/06/2017 09:58:33.074922',E'DJSFQRGWT',E'PULUMKXERFQBDPPWLBWQ',E'BEXBAMMFEAHCLHQMGBNC',E'BEEOCYEZDPSNRGBNPYPVIAFZ');
INSERT INTO "public"."Facility"("ID","Active","AddressLine1","AddressLine2","City","ClientID","Country","CreatedDate","CreatedUUID","JsonExtendedData","ModifiedDate","ModifiedUUID","Name","PostalCode","StateProvince") 
VALUES(4,TRUE,E'KCBLWTCCNQX',E'INVOONLMXRMJDNTPVXHBQ',E'OWRSSX',93,E'MWSZARJGAQZICACNG','02/23/2017 08:10:28.304585',E'ITBGUCPKBSWZQPXABHFRYJH',NULL,'02/22/2017 04:25:27.941449',E'LXKAVLRFPIQAEMSA',E'XHUDBFMFKMADEEDW',E'QKQKSEYHERYOBR',E'JHCELLTCQNGDKIFTVSXKOERA');
INSERT INTO "public"."Facility"("ID","Active","AddressLine1","AddressLine2","City","ClientID","Country","CreatedDate","CreatedUUID","JsonExtendedData","ModifiedDate","ModifiedUUID","Name","PostalCode","StateProvince") 
VALUES(5,TRUE,E'PHAXQGNVEBTXEUQWVDMMW',E'UALLZYXMZVCKULQBXAC',E'EXOQUFDXFAEPEVXBNLRUET',3,E'FDXSGBRWSQKGUDMSXQMIYQAWV','02/14/2017 14:00:08.689151',E'QMDDJNTEKJGB',NULL,'02/02/2017 19:05:10.705012',E'YYMDYHRKWHUKR',E'ENRCAJAMVMJLYJSAAKBB',E'IPZMEMFYOJXLKCXHRZBDI',E'ZIFRMSTUN');
INSERT INTO "public"."Facility"("ID","Active","AddressLine1","AddressLine2","City","ClientID","Country","CreatedDate","CreatedUUID","JsonExtendedData","ModifiedDate","ModifiedUUID","Name","PostalCode","StateProvince") 
VALUES(6,TRUE,E'EBGTBYMIKMJDEOYMCNXEIYR',E'HEZDVKPSPALCD',E'JSDLRQQZIVREJXXY',8,E'VAPBGIY','03/06/2017 12:27:54.279776',E'SNFUIZNIRUOICL',NULL,'03/15/2017 07:08:19.990168',E'EJQOYSURASUOBXQTRFYN',E'CFIQZHQSFCKI',E'XUXAQUWMCSVXA',E'XDRUAGTXWRDKOGIXKZOVLOO');
INSERT INTO "public"."Facility"("ID","Active","AddressLine1","AddressLine2","City","ClientID","Country","CreatedDate","CreatedUUID","JsonExtendedData","ModifiedDate","ModifiedUUID","Name","PostalCode","StateProvince") 
VALUES(7,FALSE,E'IJOSCRKHQUMQVIB',E'IJKPUHSOWBDUWCLXPEHPC',E'ECNIJBJNEKEXWAD',75,E'PTMOJWZLIMXLTNLNNP','02/12/2017 06:08:46.451168',E'ZPPCRCSESEVZBFGHMHPDDJ',NULL,'03/10/2017 16:49:14.372319',E'BYTHRFFGMSQOMRXSZER',E'SMMZEGJNIQYGXIPYICDVYRB',E'IJCFCEAISK',E'JVPBTIZKILVWSTDK');
INSERT INTO "public"."Facility"("ID","Active","AddressLine1","AddressLine2","City","ClientID","Country","CreatedDate","CreatedUUID","JsonExtendedData","ModifiedDate","ModifiedUUID","Name","PostalCode","StateProvince") 
VALUES(8,TRUE,E'RFMDFTROWRCMVUXFMVHVPXHNN',E'TMTCCLZQWI',E'HDDZXPIGXRZOQQU',21,E'CMJLECCXXICHDIA','03/06/2017 03:55:43.562249',E'IVZSTYGMBRRYBUIQNVSKKYRPT',NULL,'01/18/2017 03:47:40.851464',E'WWRNGJ',E'GRVDNKPPQ',E'JIRFGIRXJMYBYQVWSF',E'UOOHEEEBOX');
INSERT INTO "public"."Facility"("ID","Active","AddressLine1","AddressLine2","City","ClientID","Country","CreatedDate","CreatedUUID","JsonExtendedData","ModifiedDate","ModifiedUUID","Name","PostalCode","StateProvince") 
VALUES(9,FALSE,E'LGUUAFWYYEFWLRXVRRWCUIRCG',E'RFCMXXYOWRTBHZUMCCU',E'OJUFKQJENSZGTYI',84,E'JOWESDSWXLRIIO','03/11/2017 03:04:06.303331',E'UYZJMLHTFKFQUIBECVXWXTF',NULL,'01/30/2017 07:55:18.572538',E'RJKUX',E'MBSSHHPDF',E'GFYKGJNKPCOUIZGFHROXJPMP',E'NUYIMIP');
INSERT INTO "public"."Facility"("ID","Active","AddressLine1","AddressLine2","City","ClientID","Country","CreatedDate","CreatedUUID","JsonExtendedData","ModifiedDate","ModifiedUUID","Name","PostalCode","StateProvince") 
VALUES(10,TRUE,E'MQNOFOYWXKKKETREFM',E'OTWYDUVTPA',E'XMKNVLYDLOIAEXGKRAGJ',67,E'REOMMWRHECWAHNOGYYGTHDP','02/05/2017 05:13:09.706931',E'LTXBRORTAHQIEPYJBWYTDXJ',NULL,'03/09/2017 06:10:31.410819',E'JVSVSRBRTFVHXUBI',E'HRNLEKFXZFOOMXMQZFVJNX',E'FKEBXYADHFSLHAGC',E'MUXZUUVXKAWE');
INSERT INTO "public"."Facility"("ID","Active","AddressLine1","AddressLine2","City","ClientID","Country","CreatedDate","CreatedUUID","JsonExtendedData","ModifiedDate","ModifiedUUID","Name","PostalCode","StateProvince") 
VALUES(11,FALSE,E'QXIEGYQFBZHOVXQBSB',E'MWKNTESZBDJTUNWF',E'ATYKXJLPIFMSNTGHZ',71,E'BQAVIQJCRCCWNCUHXFGAKTH','02/14/2017 13:47:36.084466',E'RZEXWOERERR',NULL,'01/29/2017 07:16:57.919541',E'NFYJXAMWQPPIOEHSES',E'BGHITHTDP',E'YTUIYHDWTQMIYCIPCNE',E'NQYWKNRTSIHDVDDK');
INSERT INTO "public"."Facility"("ID","Active","AddressLine1","AddressLine2","City","ClientID","Country","CreatedDate","CreatedUUID","JsonExtendedData","ModifiedDate","ModifiedUUID","Name","PostalCode","StateProvince") 
VALUES(12,FALSE,E'DGRGYLCTDJJPVFHGUPVF',E'WJSGIOSMWRLDSJFVXEBSOH',E'YHUDQJPNBI',52,E'JIXVEZHW','03/16/2017 21:46:02.971849',E'GNOKFNHGTAEQQOEDLVMSEC',NULL,'03/04/2017 23:55:10.126145',E'LWZFUM',E'FZGEMIHTU',E'WGNDIZKQTPMTMCJOV',E'WBASTOFNEAN');
INSERT INTO "public"."Facility"("ID","Active","AddressLine1","AddressLine2","City","ClientID","Country","CreatedDate","CreatedUUID","JsonExtendedData","ModifiedDate","ModifiedUUID","Name","PostalCode","StateProvince") 
VALUES(13,TRUE,E'RHUPKIBWXCWA',E'NIUCPDST',E'MVQZQOGXGZUHCXFTOZ',78,E'VYRHFAOXQ','03/14/2017 12:51:46.687958',E'CXGLMEOGKGRZKNXOJJHALAR',NULL,'01/23/2017 03:30:30.638962',E'DMFRSD',E'INWBAGHAK',E'AMWFEISBSCLRFDDUEPDKDRQIE',E'FPXJKRMAPLVAYHTLHECR');
INSERT INTO "public"."Facility"("ID","Active","AddressLine1","AddressLine2","City","ClientID","Country","CreatedDate","CreatedUUID","JsonExtendedData","ModifiedDate","ModifiedUUID","Name","PostalCode","StateProvince") 
VALUES(14,FALSE,E'TORSNB',E'ENIKSPRJBOERKAGFHIEM',E'GYLYFZOTUWBJVJKAGPHRED',64,E'QISNVWVUEKMHEYVGZG','02/16/2017 19:01:59.354866',E'ZPVEZQVOCIDKUVTOP',NULL,'03/14/2017 18:06:27.728511',E'FALZG',E'GPAFBUXHDABL',E'FLFVRWAFAGXNSHNKKCCCJQIEY',E'NHEPZCSXPCGDUKHYXJUAFTAN');
INSERT INTO "public"."Facility"("ID","Active","AddressLine1","AddressLine2","City","ClientID","Country","CreatedDate","CreatedUUID","JsonExtendedData","ModifiedDate","ModifiedUUID","Name","PostalCode","StateProvince") 
VALUES(15,FALSE,E'GIVQA',E'JJCQSPTPKRHAIIBYYCVE',E'PVFWGOQVTHAUL',12,E'VJNPQDYEUBBMAZVSVYGVA','02/10/2017 20:39:53.406707',E'MPICMDKFLZNCSIFLOEGLZCOKK',NULL,'03/07/2017 23:27:43.274553',E'ZQOFZKUCKOCB',E'SDKCJVMAPDVXR',E'XJIOZRXJOHFNCTXFYINA',E'PKQRTEOERUVHMYIXYQGETYI');
INSERT INTO "public"."Facility"("ID","Active","AddressLine1","AddressLine2","City","ClientID","Country","CreatedDate","CreatedUUID","JsonExtendedData","ModifiedDate","ModifiedUUID","Name","PostalCode","StateProvince") 
VALUES(16,FALSE,E'NOMOFCH',E'WLDCH',E'QKTCZTVGDSYYVFJTZXRKR',88,E'CUZOAN','02/25/2017 11:52:50.008288',E'TJUJCNBMBYTX',NULL,'03/03/2017 06:40:25.485728',E'HXYMECMPWIYDNENOWJHQKHSJN',E'UNFFWTALDSIZSB',E'LMFBZRDGT',E'HFVXGRCMYGZYJDFIKCIEWPYFP');
INSERT INTO "public"."Facility"("ID","Active","AddressLine1","AddressLine2","City","ClientID","Country","CreatedDate","CreatedUUID","JsonExtendedData","ModifiedDate","ModifiedUUID","Name","PostalCode","StateProvince") 
VALUES(17,TRUE,E'MMCEVDOCTPCPBDYH',E'TNMXHZZFSCVLAPDQMLVBECG',E'WUTOZUNYKXVM',97,E'HWFMBAJWCS','02/03/2017 15:52:19.570531',E'EUDPXRBERDMU',NULL,'03/14/2017 07:51:16.966220',E'XQVGPYJMWORZB',E'KUZSPTN',E'SMYASVIEDUJAENTEEZND',E'JNOPRMZCLJTVI');
INSERT INTO "public"."Facility"("ID","Active","AddressLine1","AddressLine2","City","ClientID","Country","CreatedDate","CreatedUUID","JsonExtendedData","ModifiedDate","ModifiedUUID","Name","PostalCode","StateProvince") 
VALUES(18,FALSE,E'NFWEYXGKJGDDBKWRNYUFLBYZU',E'RPAEXEWCZBSGGBHIFZ',E'MZXLN',66,E'WLHAJOMQED','02/18/2017 11:09:40.543243',E'KOGPT',NULL,'02/08/2017 13:54:27.323668',E'JXLYXMRPVZAHLEYKLLOW',E'WHSARTURYPREFBKHWXKYNMLJ',E'AXJMXPQUEJHWCEUJTQCF',E'OQJXVNBZNDVQVRMJZSTIKVXOD');
INSERT INTO "public"."Facility"("ID","Active","AddressLine1","AddressLine2","City","ClientID","Country","CreatedDate","CreatedUUID","JsonExtendedData","ModifiedDate","ModifiedUUID","Name","PostalCode","StateProvince") 
VALUES(19,TRUE,E'EEQJVYEBRMBRQT',E'JDCPOJKABMMP',E'XLNEVDIEMCZXGTL',19,E'JWZSQXLD','02/02/2017 01:33:18.775036',E'PABWTHLSJORFHNTQXOGUA',NULL,'02/18/2017 02:20:56.000123',E'RNMXFUWRFEWSHRSBSIEXP',E'YZRKLKU',E'VAZDDJZU',E'XUNXFNA');
INSERT INTO "public"."Facility"("ID","Active","AddressLine1","AddressLine2","City","ClientID","Country","CreatedDate","CreatedUUID","JsonExtendedData","ModifiedDate","ModifiedUUID","Name","PostalCode","StateProvince") 
VALUES(20,TRUE,E'ZUUMSHEZOLODGWXFOQPFM',E'BQJCAOOPYE',E'QXNHLP',89,E'HLDSYELBMIMYUVDIE','01/18/2017 16:27:19.402026',E'SAJTNJXNJHP',NULL,'03/10/2017 20:55:59.752115',E'WHKVXPMIYAPQBNDQI',E'CEDBFWSRFWLWWAJSBJFVIOXBN',E'TBAMLGKDLW',E'CBTBOPYXHIECHBK');
INSERT INTO "public"."Facility"("ID","Active","AddressLine1","AddressLine2","City","ClientID","Country","CreatedDate","CreatedUUID","JsonExtendedData","ModifiedDate","ModifiedUUID","Name","PostalCode","StateProvince") 
VALUES(21,FALSE,E'PZVCOASLARO',E'EPIRSSKWFGJ',E'DSLTFTFPWMGFN',44,E'CHXRJN','03/13/2017 22:39:04.919419',E'TLQDWJDKNPKORGDSPEHTJHORH',NULL,'01/23/2017 01:07:27.866916',E'OPYGSAVZKTDTJQESL',E'OOJKBQJFFYFDCFERSGVOP',E'BGJMWZTRRIFMBTOJ',E'QIZXNFCLRYRCE');
INSERT INTO "public"."Facility"("ID","Active","AddressLine1","AddressLine2","City","ClientID","Country","CreatedDate","CreatedUUID","JsonExtendedData","ModifiedDate","ModifiedUUID","Name","PostalCode","StateProvince") 
VALUES(22,TRUE,E'KITXDVAGMAHA',E'LWMBBKA',E'JTSEBPMKNSVEE',18,E'OOSJFIESXEHSONEQFLESSB','02/16/2017 03:44:32.450688',E'EZEOPANTOVPSEVRO',NULL,'03/07/2017 23:41:30.014758',E'LEZZVQYWOJOZNHG',E'ARGNRBQFM',E'XJESFESBJJMUO',E'DJLZSYPKKAUCQ');
INSERT INTO "public"."Facility"("ID","Active","AddressLine1","AddressLine2","City","ClientID","Country","CreatedDate","CreatedUUID","JsonExtendedData","ModifiedDate","ModifiedUUID","Name","PostalCode","StateProvince") 
VALUES(23,TRUE,E'HROCPBAMINDTAPBTLZUYP',E'MNVIDLWITPNIURVXFYDYH',E'UBYCUB',63,E'QOPMYTVADLAUALFAC','03/03/2017 17:36:36.497903',E'KQEQTAQGHICGNUTQZSO',NULL,'02/03/2017 20:19:10.166692',E'BSCNRVJFNKWJFEYYCT',E'BITXDWSEOHGZGXWUAUTLHXXL',E'CRRHTAXPKIGR',E'UCQTCKDBOHOQANXAETMYCI');
INSERT INTO "public"."Facility"("ID","Active","AddressLine1","AddressLine2","City","ClientID","Country","CreatedDate","CreatedUUID","JsonExtendedData","ModifiedDate","ModifiedUUID","Name","PostalCode","StateProvince") 
VALUES(24,FALSE,E'APHAEAPFOYKEDBK',E'JQPNCXZS',E'UAXOJCV',61,E'GZPVEFOUSHSKVXBZW','02/01/2017 13:14:26.060894',E'TRACDPLPQLRGAOTOYCV',NULL,'03/17/2017 15:26:11.008612',E'ZBUAEDX',E'YKDTVUBLEKHEBCF',E'ULQPZR',E'WZXREVNPPLLCQQZVKMBLZHHX');
INSERT INTO "public"."Facility"("ID","Active","AddressLine1","AddressLine2","City","ClientID","Country","CreatedDate","CreatedUUID","JsonExtendedData","ModifiedDate","ModifiedUUID","Name","PostalCode","StateProvince") 
VALUES(25,FALSE,E'LVKKNDKTFDED',E'TEVKGPWNV',E'KWGCLCXHOVZEOEMV',20,E'HVRNPHMNZBBJCM','03/05/2017 23:00:10.328417',E'LIJKJNPCH',NULL,'02/07/2017 14:07:41.405748',E'QEQLMOFQWBOWP',E'SLQIBBRIOCF',E'WRKNPVENQEOGJMAPQMOQTWEUR',E'ISOMKFTUPQOWEOCQKIPQVRS');
INSERT INTO "public"."Facility"("ID","Active","AddressLine1","AddressLine2","City","ClientID","Country","CreatedDate","CreatedUUID","JsonExtendedData","ModifiedDate","ModifiedUUID","Name","PostalCode","StateProvince") 
VALUES(26,FALSE,E'MKWSYGZFMKHSUUPROXSFGM',E'TSSMERCMQCYXQIBIKC',E'YPHVNVSY',31,E'CCNXKUMDPXQGSRAVSAR','02/08/2017 21:40:23.997044',E'VILLPVLFOAKBGGIQNOYZT',NULL,'03/02/2017 04:57:04.403874',E'ZWVAYNGYACUGCBYDL',E'ENFNTIHNMXQRSPXFLNTEKCNH',E'ONRPRFDFNIXOAYKDHVYZIF',E'QNQHCXRE');
INSERT INTO "public"."Facility"("ID","Active","AddressLine1","AddressLine2","City","ClientID","Country","CreatedDate","CreatedUUID","JsonExtendedData","ModifiedDate","ModifiedUUID","Name","PostalCode","StateProvince") 
VALUES(27,TRUE,E'SHGPLG',E'CTJNTKPSXERARYJVF',E'GDQAAFTSVIRRYCDPHFOKFPJFN',37,E'SMFNQIVGLZGYGGDUVQRON','01/22/2017 09:19:07.211627',E'ONYRFZS',NULL,'02/25/2017 13:42:06.850607',E'YFFDFVMBPPWAJN',E'DCXTOZFXQMZKPRG',E'PIGZMNOKCJ',E'QVTTABVCXBLRWEVW');
INSERT INTO "public"."Facility"("ID","Active","AddressLine1","AddressLine2","City","ClientID","Country","CreatedDate","CreatedUUID","JsonExtendedData","ModifiedDate","ModifiedUUID","Name","PostalCode","StateProvince") 
VALUES(28,TRUE,E'DXIDXDAWWDWDSOXMVERXQ',E'SWLYCVJXJZJ',E'UKXSRVIFWA',1,E'PCSPVIKKDL','03/13/2017 21:23:43.292474',E'NFODLUHDYMVSXX',NULL,'02/08/2017 13:33:22.411482',E'HLSJGRK',E'FVOHIVYA',E'JVCJNOXLGPGCFJZUBEUDXBVHX',E'ASJLZVYGHGVGJOTGWLFAZTB');
INSERT INTO "public"."Facility"("ID","Active","AddressLine1","AddressLine2","City","ClientID","Country","CreatedDate","CreatedUUID","JsonExtendedData","ModifiedDate","ModifiedUUID","Name","PostalCode","StateProvince") 
VALUES(29,TRUE,E'PXRKDCKCLHCSLPHPW',E'CDIDHZNDZUPHDAD',E'UXSHEMSYQM',55,E'YZMQPPLWRZOESQRDR','02/13/2017 08:12:14.224779',E'DJYRIUO',NULL,'03/16/2017 12:26:18.892125',E'NTSEXFOMDRKCTZIWWVGPG',E'UXYUJWUYJZTOHMUUVMM',E'AVFWZVMVQCEMGTAOJ',E'KULUYUOYHI');
INSERT INTO "public"."Facility"("ID","Active","AddressLine1","AddressLine2","City","ClientID","Country","CreatedDate","CreatedUUID","JsonExtendedData","ModifiedDate","ModifiedUUID","Name","PostalCode","StateProvince") 
VALUES(30,FALSE,E'FWTRGSJRBQS',E'XYUQKNUIRQMJGGBEA',E'ZMFROWCTTOXBWFGONVWOHITSF',82,E'UHPEIENNRBJKE','02/03/2017 22:56:55.797725',E'HVIOCNUONIMU',NULL,'02/05/2017 23:28:09.048217',E'QGGDMNCHDTCBMGF',E'DORVNXWBCDTDINYGL',E'BBSIYAWZPJCLH',E'TIISYUPKCRAJXFTVJQ');
INSERT INTO "public"."Facility"("ID","Active","AddressLine1","AddressLine2","City","ClientID","Country","CreatedDate","CreatedUUID","JsonExtendedData","ModifiedDate","ModifiedUUID","Name","PostalCode","StateProvince") 
VALUES(31,FALSE,E'VJXIEHLXPVA',E'SOQNTIPXDTXCYW',E'WOXASCAUZZNWTSIMWDCJF',15,E'SOIWVWBDVTXNHDV','02/24/2017 16:24:25.912087',E'EICXVGJQO',NULL,'02/05/2017 11:34:05.959600',E'BEUWFGFCYUIHFUUWVLONDCQB',E'XJYLKCAQIVRZERX',E'SNIJIJUWIBUCQIDKZO',E'BVJXOXKTYQOOVXQNSHZR');
INSERT INTO "public"."Facility"("ID","Active","AddressLine1","AddressLine2","City","ClientID","Country","CreatedDate","CreatedUUID","JsonExtendedData","ModifiedDate","ModifiedUUID","Name","PostalCode","StateProvince") 
VALUES(32,TRUE,E'BSFIORYXQWSTQZD',E'UPRKHQWHUGMRTTOGHZESYUNT',E'PMOCVNLRONCHMSJZJCTJLFYY',65,E'MZHLBANU','02/14/2017 22:14:28.674942',E'BOFZPEGAV',NULL,'01/24/2017 01:57:02.273476',E'BDLSZNVJIOGZ',E'PRZVEDYNWFVXXBDRWFFOCMP',E'ZOVQVNIBBYGRITNRMMUJDYD',E'ZWZNWQLFPVRSIGNVTURAOL');
INSERT INTO "public"."Facility"("ID","Active","AddressLine1","AddressLine2","City","ClientID","Country","CreatedDate","CreatedUUID","JsonExtendedData","ModifiedDate","ModifiedUUID","Name","PostalCode","StateProvince") 
VALUES(33,TRUE,E'JZXPBWUPZSE',E'SDTSEAKDMFPCLU',E'ZHUVZEWKGUQRJJURJOL',53,E'BSOKISU','03/07/2017 05:56:40.040067',E'XULPF',NULL,'02/04/2017 21:24:06.129436',E'ZTTTCJRLK',E'FECUTSPSDXJIZJCQXPLAHZEI',E'PKHJXECFMTFYDY',E'CTBLRGYFVHO');
INSERT INTO "public"."Facility"("ID","Active","AddressLine1","AddressLine2","City","ClientID","Country","CreatedDate","CreatedUUID","JsonExtendedData","ModifiedDate","ModifiedUUID","Name","PostalCode","StateProvince") 
VALUES(34,TRUE,E'GCESFLFHPOUORYIJIJJFPNL',E'BPZVRHEBGUADFXD',E'LUONKUTFQNAS',77,E'MOHNSN','02/13/2017 03:23:27.463743',E'TYFUB',NULL,'03/16/2017 02:45:25.694956',E'OKMMHKOPFALNFIVMRFBPDYXU',E'CMOFYMUJ',E'IEZAERZHAHR',E'HTULJEBWGBKYHJYWJFMQNKGW');
INSERT INTO "public"."Facility"("ID","Active","AddressLine1","AddressLine2","City","ClientID","Country","CreatedDate","CreatedUUID","JsonExtendedData","ModifiedDate","ModifiedUUID","Name","PostalCode","StateProvince") 
VALUES(35,TRUE,E'OMFJPVUJKYYMIFV',E'ZEOYMXFXWZBG',E'KQBLSRWOBCBJTXWLDUJ',50,E'ZRKYSKZSFQZCAIJUUELTIWXTB','03/10/2017 23:25:37.972172',E'SUEMIRBKKEMLPCEGNGONQQWWQ',NULL,'02/19/2017 20:45:58.538214',E'QBXOIGLEGZVILXHV',E'RRQRNJCPA',E'VZJBRXOLRMMRCK',E'IKJYNAHIBLLD');
INSERT INTO "public"."Facility"("ID","Active","AddressLine1","AddressLine2","City","ClientID","Country","CreatedDate","CreatedUUID","JsonExtendedData","ModifiedDate","ModifiedUUID","Name","PostalCode","StateProvince") 
VALUES(36,FALSE,E'EAMUUCYZYWZUXCPEEMUPX',E'IIIYCDHSTAXZXSVFTVFNDZBX',E'MDBTVMIFSRIQHZFNID',100,E'ISPDJDJBMWJQZKTHIXA','02/26/2017 00:45:27.975883',E'GPWENVGTLVVWOBNFBSGH',NULL,'02/07/2017 14:54:31.648926',E'ZCMUX',E'IHNZFOCKPNXDWAIKFVDRNEFK',E'TIJFQKJNFAWBRJSGTKMRUTI',E'LVFHIF');
INSERT INTO "public"."Facility"("ID","Active","AddressLine1","AddressLine2","City","ClientID","Country","CreatedDate","CreatedUUID","JsonExtendedData","ModifiedDate","ModifiedUUID","Name","PostalCode","StateProvince") 
VALUES(37,FALSE,E'LFYOUCEROQKPCJCHPUU',E'KGZPMUFSAKWTGXGVYWNXQDV',E'HYSWUHMCNO',59,E'ZQQTEMIKYCFFIGTVXYNLASTPH','02/18/2017 17:55:12.822285',E'HRFZTAXPXDSMOMKEHFY',NULL,'02/22/2017 05:18:18.083081',E'EUDNAXOOBHXWCVPWE',E'YUQXOZKCWYKJI',E'LWICSYNSLNTNIEAWQANLV',E'UPZGQHNL');
INSERT INTO "public"."Facility"("ID","Active","AddressLine1","AddressLine2","City","ClientID","Country","CreatedDate","CreatedUUID","JsonExtendedData","ModifiedDate","ModifiedUUID","Name","PostalCode","StateProvince") 
VALUES(38,FALSE,E'WGEWCOBUYMAZLHAGY',E'JIPBDPRRSVTWNOXFJDZZACO',E'UMUTGKN',60,E'VWSYXVFUNPZBWLNYKZNGWNF','02/18/2017 08:13:23.823314',E'MMVFAAKYZATF',NULL,'01/21/2017 18:30:14.469145',E'TSZWQMJUDLPRLIAUOLDFET',E'IXZJD',E'MZLYA',E'RJODCY');
INSERT INTO "public"."Facility"("ID","Active","AddressLine1","AddressLine2","City","ClientID","Country","CreatedDate","CreatedUUID","JsonExtendedData","ModifiedDate","ModifiedUUID","Name","PostalCode","StateProvince") 
VALUES(39,TRUE,E'RGOBJGXWCFQ',E'AIRGJFVMTRVPYHKVYWFI',E'AFGZBPWWXCFFJOQEGKYE',29,E'DPDJNYWSVXJ','02/07/2017 15:38:08.957920',E'PIVYAGEIAQ',NULL,'03/11/2017 17:49:42.254002',E'DWKZEAPFTQZBVXSNOJVWSZG',E'ZZWKLCEKDPRMMVXMHCXKKPJUJ',E'UBKGHAY',E'GWCEUGJUBQUEFEOHKWRPN');
INSERT INTO "public"."Facility"("ID","Active","AddressLine1","AddressLine2","City","ClientID","Country","CreatedDate","CreatedUUID","JsonExtendedData","ModifiedDate","ModifiedUUID","Name","PostalCode","StateProvince") 
VALUES(40,FALSE,E'BUTZFSUCQFNTWRYON',E'OIBIWHIDZDXFLKHHTOW',E'NKMLKLV',14,E'KTLYKQWAWBMK','02/12/2017 21:19:35.821135',E'AHNBZINADQKLCVRVQJXIGC',NULL,'02/06/2017 02:49:26.330573',E'GHYQAJIZGY',E'NXWKHRHRDY',E'CDXQFHRGCDFMKP',E'EPRLBMNCCVVS');
INSERT INTO "public"."Facility"("ID","Active","AddressLine1","AddressLine2","City","ClientID","Country","CreatedDate","CreatedUUID","JsonExtendedData","ModifiedDate","ModifiedUUID","Name","PostalCode","StateProvince") 
VALUES(41,FALSE,E'EABJBAVMVKCUUZMURBC',E'VUTPTQCRMARH',E'FZINNAFMMGV',58,E'NJGHOJL','02/13/2017 16:36:27.216646',E'SKFAHHABNRYGGHP',NULL,'02/01/2017 00:44:45.580182',E'KUUAJJGTUZB',E'EYQSPEIUDILFLHXCUILSLKWA',E'OKMUNNCOECV',E'UCSDVO');
INSERT INTO "public"."Facility"("ID","Active","AddressLine1","AddressLine2","City","ClientID","Country","CreatedDate","CreatedUUID","JsonExtendedData","ModifiedDate","ModifiedUUID","Name","PostalCode","StateProvince") 
VALUES(42,TRUE,E'ZNIBHEZQICPTAECARHB',E'CTTQSSCHUUSXZZGQ',E'YNMUX',6,E'VKPUIMHDGNDRNIJZGKX','02/09/2017 07:46:19.593352',E'BTOQSDUUZFDPBUKBWPJ',NULL,'02/19/2017 14:51:12.025993',E'LFEONDLMVBQDOWRFMWEAZX',E'FSZQPSRIGMEVSEVBYBXPYL',E'VSVJJONVAA',E'KKHUWGL');
INSERT INTO "public"."Facility"("ID","Active","AddressLine1","AddressLine2","City","ClientID","Country","CreatedDate","CreatedUUID","JsonExtendedData","ModifiedDate","ModifiedUUID","Name","PostalCode","StateProvince") 
VALUES(43,TRUE,E'KVHODU',E'JYKGDDXVHBUVRJDTGYNHD',E'BGURMDTAIBKYWOQX',16,E'NCZII','02/12/2017 22:48:17.811430',E'XHNPJBRRWWXYFGGNFY',NULL,'03/16/2017 02:57:56.890884',E'IGZKLLC',E'WNXOPNLNPO',E'TTTGPNMEHZGESVJUCU',E'TZYUYWBGEJZCBQ');
INSERT INTO "public"."Facility"("ID","Active","AddressLine1","AddressLine2","City","ClientID","Country","CreatedDate","CreatedUUID","JsonExtendedData","ModifiedDate","ModifiedUUID","Name","PostalCode","StateProvince") 
VALUES(44,TRUE,E'QGLWYJWOHFHLCKWO',E'DIMZHKKJWVQUISF',E'LRHGLFAJZKDGCMU',87,E'WBFFYCXRZASGDFM','01/29/2017 21:35:22.499719',E'DAVDHERHFMGBLTOIZAUCVMDZN',NULL,'01/20/2017 22:06:00.878878',E'LHTULQRZQLVQMFHJOOSUR',E'UMWREKY',E'JWGODQCPVIBUYZ',E'BDUGBYLAWBDL');
INSERT INTO "public"."Facility"("ID","Active","AddressLine1","AddressLine2","City","ClientID","Country","CreatedDate","CreatedUUID","JsonExtendedData","ModifiedDate","ModifiedUUID","Name","PostalCode","StateProvince") 
VALUES(45,FALSE,E'JEBYUTAIGN',E'EDVSUICAGSFLHYIVMKGE',E'RZNAZOXBNB',68,E'RCDBUMZY','03/15/2017 13:52:03.157660',E'OJUYZSDFKEFEW',NULL,'03/09/2017 16:36:51.375277',E'JFDTAZKMXZGGGHYHDOEWN',E'XBNJAOIITOCMVDNAFN',E'MWVCJLOVYQVGDWSZGMCRZYC',E'IRZFTVR');
INSERT INTO "public"."Facility"("ID","Active","AddressLine1","AddressLine2","City","ClientID","Country","CreatedDate","CreatedUUID","JsonExtendedData","ModifiedDate","ModifiedUUID","Name","PostalCode","StateProvince") 
VALUES(46,TRUE,E'KBYOPFEEKYGSNY',E'LUISIZTZHCUSLHZRI',E'AZKKR',47,E'OTTTHEOBU','01/23/2017 01:27:26.504480',E'UNQXPONCPLLBJS',NULL,'01/29/2017 20:52:47.921788',E'CHYBCMYMVVYYBPPAARUOCNLI',E'ETYYCQTFTKFMTTSZO',E'NFHBNKEHNXENZXRCMRMRMDGOU',E'FJMJL');
INSERT INTO "public"."Facility"("ID","Active","AddressLine1","AddressLine2","City","ClientID","Country","CreatedDate","CreatedUUID","JsonExtendedData","ModifiedDate","ModifiedUUID","Name","PostalCode","StateProvince") 
VALUES(47,FALSE,E'RJZZFAWOJ',E'FZSAVZDUSBSCYX',E'VJDNOVKYWRWDSIDTKUXEHZ',98,E'WWJDWQEYAIEBRKHHADRMZYQD','02/05/2017 20:27:54.365632',E'DZEUWAPZUFXUOEAZU',NULL,'03/16/2017 09:40:11.030491',E'VXOVHSWMLSXEF',E'VMSTMZGZPLPAOLAXM',E'SNQWKQZINSALOYHQRKEYDEBQ',E'BTAMDRYADVPYNNZFWB');
INSERT INTO "public"."Facility"("ID","Active","AddressLine1","AddressLine2","City","ClientID","Country","CreatedDate","CreatedUUID","JsonExtendedData","ModifiedDate","ModifiedUUID","Name","PostalCode","StateProvince") 
VALUES(48,FALSE,E'QGRYPH',E'GMCZAWNNAYKHCPV',E'OPYPLQLJKPRIUNPSBWD',96,E'HADUSVHGQCC','01/29/2017 22:07:24.985450',E'FWEPZQ',NULL,'03/10/2017 10:34:52.274198',E'WQUZKYKUXVEETXMOEROTQ',E'WZOGVLUI',E'SOLCLGSZORCWQKSDBSFRUJUNX',E'CTZTYURXVGZQAULLOTR');
INSERT INTO "public"."Facility"("ID","Active","AddressLine1","AddressLine2","City","ClientID","Country","CreatedDate","CreatedUUID","JsonExtendedData","ModifiedDate","ModifiedUUID","Name","PostalCode","StateProvince") 
VALUES(49,FALSE,E'XPWBUS',E'ZBQFBDXLXXZLDDAYTLZBWJOD',E'UXFDOHYEJX',83,E'GEKRPJHEKTDMIOQGZZXJ','03/17/2017 08:10:39.324024',E'BYHBCHFPVTEUIRM',NULL,'02/04/2017 07:27:49.281311',E'UMQMNXNYNIOCZBYMCZPWA',E'KLUJTRKE',E'MJHGKFUTK',E'EVSEAWRU');
INSERT INTO "public"."Facility"("ID","Active","AddressLine1","AddressLine2","City","ClientID","Country","CreatedDate","CreatedUUID","JsonExtendedData","ModifiedDate","ModifiedUUID","Name","PostalCode","StateProvince") 
VALUES(50,TRUE,E'UYRKZ',E'UCGMYEWWH',E'CNXYOISBSVNFREGFWHBTZ',46,E'OMYRFZLAJ','02/14/2017 23:47:32.727598',E'GDSOOCDQRGEYWQSACFLQ',NULL,'02/24/2017 15:28:38.232002',E'SVOWKGXV',E'KNIEFPGCIWENK',E'LVAFTDPFUOOJLCWMXXEQ',E'CQATQSLDTHQLBCJ');
INSERT INTO "public"."Facility"("ID","Active","AddressLine1","AddressLine2","City","ClientID","Country","CreatedDate","CreatedUUID","JsonExtendedData","ModifiedDate","ModifiedUUID","Name","PostalCode","StateProvince") 
VALUES(51,FALSE,E'FRMZIKFDNRWXT',E'KBFOFOGCIADQ',E'NWJSTHNL',43,E'RQORSWSJYTJEBQKJXDR','03/01/2017 13:54:22.837649',E'TCFOFUSMMIGLZTENVBJLBOC',NULL,'02/17/2017 19:02:22.695289',E'LOZQEYDMMLAJBKXIBCPPQPZGT',E'KBBSAAINNDNYVJRLMDETC',E'CECXMRCF',E'VLYEGIXMC');
INSERT INTO "public"."Facility"("ID","Active","AddressLine1","AddressLine2","City","ClientID","Country","CreatedDate","CreatedUUID","JsonExtendedData","ModifiedDate","ModifiedUUID","Name","PostalCode","StateProvince") 
VALUES(52,TRUE,E'TKOPIRZUPZPCNFSUP',E'GMOEYPHTLEINKKSQGNJDO',E'RTCOUFWRSHWYPFGBJ',91,E'HOTZXQLPHBUEPALXIZ','02/19/2017 01:59:32.711976',E'QHVBWWEVYTWVAQUGCAPQIQQ',NULL,'02/21/2017 11:01:03.936961',E'YMTRN',E'QPUWKQQHZDVTR',E'BAIPJR',E'POBAXDTBVOCVCVZPWOEKDM');
INSERT INTO "public"."Facility"("ID","Active","AddressLine1","AddressLine2","City","ClientID","Country","CreatedDate","CreatedUUID","JsonExtendedData","ModifiedDate","ModifiedUUID","Name","PostalCode","StateProvince") 
VALUES(53,TRUE,E'MRQQGXK',E'OJERVFKVKTACUHM',E'KCEJXWGAONNTAKAWXEI',80,E'MAXUOSOIRY','01/21/2017 08:54:02.552514',E'JLMZGJNWKEXRVOJETQTLZQDW',NULL,'01/31/2017 04:33:22.289334',E'FTUDNIX',E'FBMVEE',E'DCRUXHXJKVAXN',E'ZLTKLZEBZGIUZFIVQNSZVJC');
INSERT INTO "public"."Facility"("ID","Active","AddressLine1","AddressLine2","City","ClientID","Country","CreatedDate","CreatedUUID","JsonExtendedData","ModifiedDate","ModifiedUUID","Name","PostalCode","StateProvince") 
VALUES(54,TRUE,E'GYXQHSESWIZME',E'AOQCYAHCNGUYMAQZFNEE',E'YLKDDNXRIE',99,E'EJCUBYBTNHGYNSFZNBBIDOKH','03/18/2017 17:16:32.859448',E'BZDCTZW',NULL,'02/16/2017 22:13:10.840981',E'SIVMJXUDXRWSQHWWAQ',E'HGRUJAUEZWRJXELP',E'NJRRXUBCKVJJXVNBA',E'QPRXVQMXFMGQACFLFIMMYDE');
INSERT INTO "public"."Facility"("ID","Active","AddressLine1","AddressLine2","City","ClientID","Country","CreatedDate","CreatedUUID","JsonExtendedData","ModifiedDate","ModifiedUUID","Name","PostalCode","StateProvince") 
VALUES(55,TRUE,E'DHZDKXZUQMIFA',E'ORUVSHDWRQVJ',E'ARILHGD',56,E'QWUEBRCZPGJXGYPSFJNJR','02/28/2017 16:13:34.311994',E'SNSJN',NULL,'01/18/2017 00:33:12.357209',E'FNPEQJOPITNZDSIXSW',E'BXTVEJRVMSRXKJYD',E'KSXGEEXNUBZKQGXPUPPBRM',E'MRVQGWITOCUPKZSVAVDABYP');
INSERT INTO "public"."Facility"("ID","Active","AddressLine1","AddressLine2","City","ClientID","Country","CreatedDate","CreatedUUID","JsonExtendedData","ModifiedDate","ModifiedUUID","Name","PostalCode","StateProvince") 
VALUES(56,FALSE,E'LBQJENRQRSIXAKAQSCUJVG',E'UGMENBVWXHTMBUQHUX',E'SNRVYNQRWIXBSTYVUAUU',69,E'CCTWENCUOJKGVGBAZNJKQLVIS','03/16/2017 23:25:59.579155',E'QERDZYRUKM',NULL,'03/16/2017 08:45:12.185339',E'DCUNFBJLFOVQ',E'ERYLMQPVWHTCWOWKJI',E'FAVOWBNAGJMZX',E'PVRLLOVNVGLNEPK');
INSERT INTO "public"."Facility"("ID","Active","AddressLine1","AddressLine2","City","ClientID","Country","CreatedDate","CreatedUUID","JsonExtendedData","ModifiedDate","ModifiedUUID","Name","PostalCode","StateProvince") 
VALUES(57,TRUE,E'LBVOIVMQRSLVQGQNXWKELMMQF',E'WPOAKIRZJS',E'JFRUZCNXTMLOYDSOAMDZIYCV',39,E'QLEZXQ','02/03/2017 05:44:39.334590',E'GRRDKLQEIKYJAFNAONXFBIIJ',NULL,'01/31/2017 16:03:13.424484',E'KQBCRPOM',E'IKKYPQCX',E'UJRAWJFN',E'YWMQVWGFEHSEHOK');
INSERT INTO "public"."Facility"("ID","Active","AddressLine1","AddressLine2","City","ClientID","Country","CreatedDate","CreatedUUID","JsonExtendedData","ModifiedDate","ModifiedUUID","Name","PostalCode","StateProvince") 
VALUES(58,FALSE,E'EMNKEOUPNFZGQHYVDN',E'RLDOJ',E'GVNMMEEZTMJRMIJCQJMCIDLB',2,E'SIPVHIDQBCAMSENV','01/24/2017 15:28:13.870313',E'JSZBGVSEJENCO',NULL,'02/10/2017 18:09:55.999918',E'BBLEBVFZOZUONDJHAKKUCZ',E'SDQJYMHGVVLO',E'OXKDEUMXVFTQAEWFFXKZ',E'OFTCJJFFTX');
INSERT INTO "public"."Facility"("ID","Active","AddressLine1","AddressLine2","City","ClientID","Country","CreatedDate","CreatedUUID","JsonExtendedData","ModifiedDate","ModifiedUUID","Name","PostalCode","StateProvince") 
VALUES(59,TRUE,E'OUERLIWYVNFSUVTFUSTJ',E'HLWBAGEATWYOAVLPQU',E'FZCLLWQCHSKBKXYHLDKZANL',34,E'CTNWDFSEOYSWXS','02/17/2017 00:48:45.074741',E'ZVLCRKIXKGAWJTRONZXT',NULL,'03/15/2017 23:57:38.016758',E'QBOJKGYBLYNMPZMBH',E'COEJGYWSCOSAITUHMAWAMZ',E'LPPEFPVHBVRKV',E'JHYVRF');
INSERT INTO "public"."Facility"("ID","Active","AddressLine1","AddressLine2","City","ClientID","Country","CreatedDate","CreatedUUID","JsonExtendedData","ModifiedDate","ModifiedUUID","Name","PostalCode","StateProvince") 
VALUES(60,FALSE,E'MIHJBTTJSGJRNKYFV',E'LNLQWZIJDOTPNMKQZOBLXHJEK',E'BWQUDDYBHJEYDLVUHJIPQLTCV',10,E'AGCEEUTMF','03/09/2017 07:18:03.640861',E'ZXGPOENFCJNAMQSFNJKQT',NULL,'01/24/2017 20:50:06.959365',E'VVHZHLNNBXBQTNJJW',E'EPKPIEVLOOZULBHZAY',E'OBMWXMNCZGMHTAFIR',E'WRQLXCEFXRMCNB');
INSERT INTO "public"."Facility"("ID","Active","AddressLine1","AddressLine2","City","ClientID","Country","CreatedDate","CreatedUUID","JsonExtendedData","ModifiedDate","ModifiedUUID","Name","PostalCode","StateProvince") 
VALUES(61,TRUE,E'JNYZUKHPNXLINIQFG',E'KFLHAJZJLVQBAR',E'NPRPVQYSQVJ',9,E'SNNKAEUCJBQJLLCALX','02/18/2017 23:43:26.185186',E'THMVRKCMDNGPSGIID',NULL,'03/13/2017 05:59:24.342807',E'GPPKKJJJWKPNULQBB',E'PDBFLJFQJIXRUOXIOSIQ',E'RZEIJGRLCJN',E'JAGVMKJSPZJWVVTLSGKZ');
INSERT INTO "public"."Facility"("ID","Active","AddressLine1","AddressLine2","City","ClientID","Country","CreatedDate","CreatedUUID","JsonExtendedData","ModifiedDate","ModifiedUUID","Name","PostalCode","StateProvince") 
VALUES(62,TRUE,E'DLTJDMTBFCPANXHPCWDDAWKOU',E'PNGUQETTECVRQBIIYQPYLCRGF',E'ILEXXGBKGMY',36,E'SXFVOTILZQHIOOVBD','03/11/2017 07:26:59.445701',E'ZURLBNZYBWTWTPKDGFLASA',NULL,'02/27/2017 21:35:20.360563',E'BRYWNDOWYINXIHUNYIB',E'YKLLHB',E'BZOKRLUGKKRCSVGKSHTEL',E'JOMBA');
INSERT INTO "public"."Facility"("ID","Active","AddressLine1","AddressLine2","City","ClientID","Country","CreatedDate","CreatedUUID","JsonExtendedData","ModifiedDate","ModifiedUUID","Name","PostalCode","StateProvince") 
VALUES(63,TRUE,E'PJPAHY',E'QDAYOAZH',E'RPZZSFALNMCTSTR',94,E'WXKZIYRWUHOBIKNGXKYLHYJRQ','03/10/2017 12:14:50.307430',E'DCTYIXRXVT',NULL,'02/23/2017 13:37:45.925105',E'ROJAVBMQIPVPRDUQWKWX',E'RBMIVJSSKFAHLCRXXHUKDAFE',E'AHZIKFXDEVWUUA',E'TOBVBZHYHASDF');
INSERT INTO "public"."Facility"("ID","Active","AddressLine1","AddressLine2","City","ClientID","Country","CreatedDate","CreatedUUID","JsonExtendedData","ModifiedDate","ModifiedUUID","Name","PostalCode","StateProvince") 
VALUES(64,TRUE,E'KRHKJMH',E'TMLIRIVIQVHMIVDIHFPHL',E'SKTOCUJ',48,E'YJNBJVUXNSGKGXVRUBCVOUY','02/15/2017 23:07:49.963185',E'MELJUU',NULL,'02/05/2017 00:07:33.259375',E'PVVLLMX',E'AOUCLILGBSVBZMJJ',E'UWEQWWQNX',E'SZVLJLTXBJVKQ');
INSERT INTO "public"."Facility"("ID","Active","AddressLine1","AddressLine2","City","ClientID","Country","CreatedDate","CreatedUUID","JsonExtendedData","ModifiedDate","ModifiedUUID","Name","PostalCode","StateProvince") 
VALUES(65,FALSE,E'QMVKYWAGFLMOLM',E'URTFERFYTYUHFJKAMEGFRMYWH',E'UJKZZWWRNETZ',92,E'EZKGOYZAYSETPJXCSRCMV','01/24/2017 10:02:02.501131',E'ZJJDBKXWWBJHICOGMF',NULL,'03/12/2017 15:07:09.859101',E'BNETRBVZQCPLEUYOQUBD',E'HMSUIX',E'WJCHUGPYMBFZXUWRGYPSH',E'DFEFIZHDOIPZZHKZXSZ');
INSERT INTO "public"."Facility"("ID","Active","AddressLine1","AddressLine2","City","ClientID","Country","CreatedDate","CreatedUUID","JsonExtendedData","ModifiedDate","ModifiedUUID","Name","PostalCode","StateProvince") 
VALUES(66,FALSE,E'VBQIOISNT',E'HVHMKSDGDOA',E'ABIFSDMFA',57,E'EYCGQPNOIL','03/04/2017 23:31:36.412517',E'AFPPITCMGAMTMICDURRBD',NULL,'03/03/2017 05:28:03.457490',E'XONWLISAFXYELOLTZOUIRSSXN',E'QHHPWBZIPL',E'FAABTPR',E'JTUIYFJKAUETWOOR');
INSERT INTO "public"."Facility"("ID","Active","AddressLine1","AddressLine2","City","ClientID","Country","CreatedDate","CreatedUUID","JsonExtendedData","ModifiedDate","ModifiedUUID","Name","PostalCode","StateProvince") 
VALUES(67,FALSE,E'YRDBZDYGLUZQJNJ',E'XUSERWYFDDSNM',E'ASCCBIIO',70,E'APIOTHMGXALOCI','03/09/2017 21:08:38.440703',E'ECVCXBYFT',NULL,'02/09/2017 03:02:57.901479',E'BVJLPLZBQFERTKMQQ',E'KJKOYNTCHKBJ',E'MMDNRJTOMCTTFJZGZILRYGJDI',E'OOGOCZPWJOLFPONYHJDZR');
INSERT INTO "public"."Facility"("ID","Active","AddressLine1","AddressLine2","City","ClientID","Country","CreatedDate","CreatedUUID","JsonExtendedData","ModifiedDate","ModifiedUUID","Name","PostalCode","StateProvince") 
VALUES(68,FALSE,E'NVQXHTG',E'VFOSCSK',E'RYUASMDPMFZT',95,E'RITFBQFLWLKGGBOZQCGVDF','02/27/2017 12:55:02.402936',E'RYGSUUKYSRSYOROGBMLDZG',NULL,'03/10/2017 23:42:04.653027',E'GQNMDVHIPZHMIXVRH',E'NCIWUUACJKQCW',E'OQBNMUNPYNQAHKBIHU',E'BNZQHPMMUSIAAG');
INSERT INTO "public"."Facility"("ID","Active","AddressLine1","AddressLine2","City","ClientID","Country","CreatedDate","CreatedUUID","JsonExtendedData","ModifiedDate","ModifiedUUID","Name","PostalCode","StateProvince") 
VALUES(69,FALSE,E'TDVCQKHNGFRMCCNPX',E'RKBFF',E'GFSCFKLMJCRHEN',33,E'XPIZCYBWYFOSJBM','02/07/2017 17:48:42.311345',E'GABFFYVDMYVJQDFYOF',NULL,'03/04/2017 13:34:03.131775',E'RKGLBKFBEUZSU',E'MZOTZMDJMYUSSZIWAQ',E'SBCUKONQ',E'XIATRLHCKXMMBIT');
INSERT INTO "public"."Facility"("ID","Active","AddressLine1","AddressLine2","City","ClientID","Country","CreatedDate","CreatedUUID","JsonExtendedData","ModifiedDate","ModifiedUUID","Name","PostalCode","StateProvince") 
VALUES(70,TRUE,E'UQEEEPFIJWKFNDZBWUM',E'BUBMVFBQOCXVBMRNJEKUXUS',E'VUNNQMSCHAEMK',42,E'AUINMLHTNCKCMU','02/01/2017 22:33:41.854864',E'MHSKWXJAMAUEIJO',NULL,'02/02/2017 15:17:07.353302',E'XARVSGUGAAPEHXBGU',E'GFBWBVVZVMKUHSNYWPZUUJVU',E'GSVBCUHCBLJMZGGUYGKGSSTJ',E'HQUCACZRZHZKOLKOFWURVP');
INSERT INTO "public"."Facility"("ID","Active","AddressLine1","AddressLine2","City","ClientID","Country","CreatedDate","CreatedUUID","JsonExtendedData","ModifiedDate","ModifiedUUID","Name","PostalCode","StateProvince") 
VALUES(71,FALSE,E'PLHPVHPMSIPKYKTAQ',E'DNEZNMCZPYHCBPGGHNG',E'JMEDEAKWAKKSL',40,E'VPGKP','02/26/2017 17:54:07.188559',E'INKKLU',NULL,'01/25/2017 11:27:28.949650',E'QIGPITDOJILLRSARXZVDGA',E'UDMZXMWKQUOPFLXL',E'WSFKLADJOJAUZNOGEDCLWXLSR',E'AHDFPT');
INSERT INTO "public"."Facility"("ID","Active","AddressLine1","AddressLine2","City","ClientID","Country","CreatedDate","CreatedUUID","JsonExtendedData","ModifiedDate","ModifiedUUID","Name","PostalCode","StateProvince") 
VALUES(72,TRUE,E'TELYUFVO',E'ZRLRBLILVFBKLBVDKYPB',E'RLBGCSAODCTZ',30,E'FXHIG','03/01/2017 03:35:19.940930',E'OPOOKGBNUBFRMTYOVCWJT',NULL,'03/03/2017 06:49:58.367383',E'ZRKWCUPGIVRCPJWJAUF',E'MTSLXLMCSMNFASOVZAZY',E'KNJKOCXI',E'SUVOMANCHDUJMCDERS');
INSERT INTO "public"."Facility"("ID","Active","AddressLine1","AddressLine2","City","ClientID","Country","CreatedDate","CreatedUUID","JsonExtendedData","ModifiedDate","ModifiedUUID","Name","PostalCode","StateProvince") 
VALUES(73,FALSE,E'MDAWACTWFCY',E'AZXMEWTCMYNIDP',E'GAVIRRLFQACXJQHSJJAJYAKXR',22,E'LXMLPEPESRHBMN','03/16/2017 00:37:26.196004',E'ULJLACWP',NULL,'01/20/2017 08:57:26.542355',E'ZJLFQWMCGYGURGAZXJ',E'CNCSSMY',E'NAOIZDEMTKNGCUKTGLVWCDC',E'JTQLBGVQVLYXJEPAYYXLLE');
INSERT INTO "public"."Facility"("ID","Active","AddressLine1","AddressLine2","City","ClientID","Country","CreatedDate","CreatedUUID","JsonExtendedData","ModifiedDate","ModifiedUUID","Name","PostalCode","StateProvince") 
VALUES(74,FALSE,E'FLJZTDCESGQCXHAETYW',E'QDCHLEBGEXXAPR',E'HGFYACPDWOBYTFYT',7,E'BZXJAVOKIVLYUMZVFNA','01/18/2017 13:55:31.188210',E'OFKKBSAXNDQBDNEMDUI',NULL,'03/14/2017 00:44:16.617355',E'HVTEMEKLLN',E'QLAMBVVZAIJAGMKKEUDUREKGJ',E'LWOYPVOG',E'IZWRXYEPQWPQTQRLUPHXPDVDN');
INSERT INTO "public"."Facility"("ID","Active","AddressLine1","AddressLine2","City","ClientID","Country","CreatedDate","CreatedUUID","JsonExtendedData","ModifiedDate","ModifiedUUID","Name","PostalCode","StateProvince") 
VALUES(75,FALSE,E'JQLLLSBNBTEAF',E'KNWMLENXBJRZLWJZWJWEX',E'MURGFQMVLUCKSZTMFWKDD',25,E'HMABW','01/21/2017 18:55:34.063740',E'LHGMMJD',NULL,'02/05/2017 11:48:44.508845',E'SWKRFBSZAGXU',E'QTPEDIWRRNNGTUFYP',E'EWCQTVQNEQONPFBDRXT',E'AQDBPCNXGJM');
INSERT INTO "public"."Facility"("ID","Active","AddressLine1","AddressLine2","City","ClientID","Country","CreatedDate","CreatedUUID","JsonExtendedData","ModifiedDate","ModifiedUUID","Name","PostalCode","StateProvince") 
VALUES(76,TRUE,E'VVWJEFNC',E'TRHZGNO',E'QDWNSFEDIEXIIRGOFYNEBWZNP',4,E'ARMDMXA','01/30/2017 14:02:31.748493',E'NPWSEJJAESSAKCI',NULL,'02/27/2017 00:56:15.693471',E'YSJBUYAA',E'SHEYXTYGNDXEYTQNHZ',E'XXSNOJHTYVTGRE',E'GRRGD');
INSERT INTO "public"."Facility"("ID","Active","AddressLine1","AddressLine2","City","ClientID","Country","CreatedDate","CreatedUUID","JsonExtendedData","ModifiedDate","ModifiedUUID","Name","PostalCode","StateProvince") 
VALUES(77,TRUE,E'DIGAWMKJUZSOHGGCEKNMKGZ',E'PTSHJOXCPBLGPYZTDPNOE',E'XXSRWJXMVVW',38,E'FTYKGAHJSHRPAJ','03/09/2017 13:36:04.492791',E'VSKABAAVIZYFLOPGMDC',NULL,'02/19/2017 05:36:41.547497',E'RAOVOFQOCIVNRTZXBVNSJ',E'TSIDKATYVDROSGHOXVFKDFCS',E'CBTQX',E'SDMWSCSRGJ');
INSERT INTO "public"."Facility"("ID","Active","AddressLine1","AddressLine2","City","ClientID","Country","CreatedDate","CreatedUUID","JsonExtendedData","ModifiedDate","ModifiedUUID","Name","PostalCode","StateProvince") 
VALUES(78,TRUE,E'LSQERZYXKIJTFN',E'ONMXNEIEDRFVOKHMAAUTHQYQG',E'IWBZVTHTZOIP',90,E'IPCABQBSIFQZ','02/03/2017 08:16:41.068142',E'USXGSPBGHS',NULL,'02/02/2017 16:51:55.193737',E'ARUEQAAEFQAPX',E'KRMZOCIKVZZBHCTZWCMGPASWN',E'JBZQNFECZKMMPIDWOMF',E'LUVHWLASHKFOGXFSI');
INSERT INTO "public"."Facility"("ID","Active","AddressLine1","AddressLine2","City","ClientID","Country","CreatedDate","CreatedUUID","JsonExtendedData","ModifiedDate","ModifiedUUID","Name","PostalCode","StateProvince") 
VALUES(79,FALSE,E'CHMEIFRRBCR',E'DKXAMACTBB',E'WLDDPWIJFQZMQJLLKKFT',17,E'OZQXSPOPGFDFXO','01/23/2017 18:47:06.510231',E'RVKJFDTBSIWZVMLPEK',NULL,'02/18/2017 04:28:36.673047',E'UTBATNXCDNVQNUXFWRW',E'KVWXFWIAOFFKOFE',E'SLASQJ',E'PTIEOLIJZENXZFMQTDCI');
INSERT INTO "public"."Facility"("ID","Active","AddressLine1","AddressLine2","City","ClientID","Country","CreatedDate","CreatedUUID","JsonExtendedData","ModifiedDate","ModifiedUUID","Name","PostalCode","StateProvince") 
VALUES(80,TRUE,E'ULGRBOOAUCFLCGGQUAU',E'IVTLJGBUAX',E'RHWGQMGHOKENMAQQUNT',81,E'ZVOBXMEZNEOJIHUZQIQIHBZZJ','02/01/2017 10:37:46.930073',E'OQSQAXLIZZAUOGXUVR',NULL,'02/16/2017 16:59:57.252754',E'XFUIRFOCYHPC',E'QHSGIF',E'HTCNAP',E'GYCIVAAQODQMPUCYRCL');
INSERT INTO "public"."Facility"("ID","Active","AddressLine1","AddressLine2","City","ClientID","Country","CreatedDate","CreatedUUID","JsonExtendedData","ModifiedDate","ModifiedUUID","Name","PostalCode","StateProvince") 
VALUES(81,TRUE,E'PGNLGBPGSMIJYCOQJHW',E'LVGIEUPBBPOOJJOVCATVGQS',E'DAHCMLXCF',73,E'FCTKEHZTGYFUZRIMDB','02/22/2017 12:12:09.119623',E'KHZSQ',NULL,'03/05/2017 05:47:52.707197',E'MSGKIYMDRMLMISD',E'UHGDWG',E'TKOSVDPDXGX',E'HHUZQBNQJURBAAOC');
INSERT INTO "public"."Facility"("ID","Active","AddressLine1","AddressLine2","City","ClientID","Country","CreatedDate","CreatedUUID","JsonExtendedData","ModifiedDate","ModifiedUUID","Name","PostalCode","StateProvince") 
VALUES(82,TRUE,E'RVAZIKYQTEQMVFWIGKSWEB',E'QAAFSEWZWMMGQYBLXQNHI',E'WUTNMPZNENJBGK',32,E'ICSTX','01/25/2017 08:12:54.375872',E'VTMLNAMQRCGJEM',NULL,'02/07/2017 02:06:04.470842',E'BESRTAZJPWVIHHXYTIHOEDDYX',E'RPKTZJWYBTC',E'ABUVKFZJJV',E'RNBIOJVZKJHAUKSOBSWAUFDC');
INSERT INTO "public"."Facility"("ID","Active","AddressLine1","AddressLine2","City","ClientID","Country","CreatedDate","CreatedUUID","JsonExtendedData","ModifiedDate","ModifiedUUID","Name","PostalCode","StateProvince") 
VALUES(83,TRUE,E'AFWFCAASGILUOFLUTNYX',E'XJQSZJZGQGXTZLODXBAIE',E'ICPTUHGF',27,E'CJVSNAPHJVYXMLCGCFN','02/14/2017 01:45:35.332819',E'KULJIG',NULL,'03/14/2017 02:45:58.680328',E'IOIBTZMOKFEHVFGYNJGSJHVEK',E'PYGMUMZVTOKXJJKUEGKQLHDSZ',E'PZWBLW',E'SONKJHBTVTQEKGASKNNPRGTPJ');
INSERT INTO "public"."Facility"("ID","Active","AddressLine1","AddressLine2","City","ClientID","Country","CreatedDate","CreatedUUID","JsonExtendedData","ModifiedDate","ModifiedUUID","Name","PostalCode","StateProvince") 
VALUES(84,FALSE,E'IOYABW',E'YSHCUADDIR',E'SZSYQLMHVVSLZLIAMYRV',86,E'RUPBRU','01/21/2017 11:39:38.329528',E'NTGIZ',NULL,'03/11/2017 10:11:27.249096',E'SMTPNVP',E'CXUZU',E'OKSNASIUW',E'WEXPZUKXOJ');
INSERT INTO "public"."Facility"("ID","Active","AddressLine1","AddressLine2","City","ClientID","Country","CreatedDate","CreatedUUID","JsonExtendedData","ModifiedDate","ModifiedUUID","Name","PostalCode","StateProvince") 
VALUES(85,FALSE,E'DXENAUPSIIYQHJMEUJGU',E'RZBMGTFWFRCMEQPXCOK',E'GTWAGNZNMSBGIJLNZK',76,E'YZVQUBZSRYG','02/17/2017 18:57:58.568275',E'PWLGCSUFLZJAZYOAFWTMSU',NULL,'02/18/2017 16:12:00.932010',E'DNPWDYYOIMXHUGMOPBX',E'VZURROFXYQZMDJZBL',E'YVLSGPWRZZPWKOEUQDDRO',E'GGIAYZ');
INSERT INTO "public"."Facility"("ID","Active","AddressLine1","AddressLine2","City","ClientID","Country","CreatedDate","CreatedUUID","JsonExtendedData","ModifiedDate","ModifiedUUID","Name","PostalCode","StateProvince") 
VALUES(86,TRUE,E'GBFBLDPPJVAQLBSVGUA',E'QBRTUIZPIVSBQIHOCSXYLNA',E'YJCPEKDI',5,E'VADLDTTPNBQFFLLLZOREA','02/19/2017 14:18:24.584531',E'WBKWVUIQOVZJPLTWUYXGQ',NULL,'02/07/2017 11:20:14.657188',E'ONZPHGNFMWMTJFYSE',E'HVYLYKN',E'XRZMULXIPFWUXNHTKIZLVOXIL',E'UYYMCEOCZUADOJMWINOBYUVTK');
INSERT INTO "public"."Facility"("ID","Active","AddressLine1","AddressLine2","City","ClientID","Country","CreatedDate","CreatedUUID","JsonExtendedData","ModifiedDate","ModifiedUUID","Name","PostalCode","StateProvince") 
VALUES(87,TRUE,E'OMDZWXEJ',E'JPRGDZMFAHSGBKHEYA',E'XGZLSYUJMNRUJESODRQHQGO',26,E'HQBBGYVPNXBYPTPRHEPC','02/15/2017 10:02:53.347880',E'QQOIAWQOFBTBPPCA',NULL,'01/25/2017 14:23:13.097905',E'GEPIUVVIECCUJASB',E'CWQOQKSPSACWL',E'XGVVFXRVTMFGPSMEUISJVAAP',E'RCFTVJIJRCFRTGTUYZ');
INSERT INTO "public"."Facility"("ID","Active","AddressLine1","AddressLine2","City","ClientID","Country","CreatedDate","CreatedUUID","JsonExtendedData","ModifiedDate","ModifiedUUID","Name","PostalCode","StateProvince") 
VALUES(88,TRUE,E'URCLY',E'HKQDL',E'FRSXTBKADVMNTKHCFO',28,E'GMXXQVYQGSHURRMVJEBIOT','01/18/2017 07:51:48.498761',E'JWPZGMHMLBUCAFNT',NULL,'01/19/2017 03:08:36.122784',E'OKYKUKLDDIWBRN',E'YLHFGJEWKHU',E'POOBACPINMBVMIZGNFYMUOU',E'YMCRYKBPHWVKWJZFIEYPJIO');
INSERT INTO "public"."Facility"("ID","Active","AddressLine1","AddressLine2","City","ClientID","Country","CreatedDate","CreatedUUID","JsonExtendedData","ModifiedDate","ModifiedUUID","Name","PostalCode","StateProvince") 
VALUES(89,FALSE,E'DLQHEBINOQRI',E'ODGRIXMPMHLSTHBWI',E'JYYKEVLJUDYATSS',72,E'AXBPJGLDFUKEFIMZL','02/26/2017 02:55:24.533719',E'GTVEOFPYD',NULL,'02/18/2017 11:22:45.836613',E'TQAURHUZWFBPYEXBENDEE',E'YZSYDVESWYROZS',E'HCPIBHFRN',E'ZZHULGBEMZ');
INSERT INTO "public"."Facility"("ID","Active","AddressLine1","AddressLine2","City","ClientID","Country","CreatedDate","CreatedUUID","JsonExtendedData","ModifiedDate","ModifiedUUID","Name","PostalCode","StateProvince") 
VALUES(90,TRUE,E'HUTMG',E'XVSPNTVCDEGLWIEBJZZZG',E'XQTWSSLAAROBMTMETP',62,E'LKAPDUPNNVRRWX','02/13/2017 20:50:21.402440',E'UBMTOOJUZMPDKWLWXLAHJ',NULL,'03/16/2017 05:26:03.595692',E'ZGZFCAT',E'KZKJEGMZWYRGVWLPSONWSZP',E'QUNCMLMORAEOU',E'NUWYVZMBPLBP');
INSERT INTO "public"."Facility"("ID","Active","AddressLine1","AddressLine2","City","ClientID","Country","CreatedDate","CreatedUUID","JsonExtendedData","ModifiedDate","ModifiedUUID","Name","PostalCode","StateProvince") 
VALUES(91,FALSE,E'EQZDFLP',E'UYLLOJPICI',E'WTDAQUWHTRHAWMDJDCTHZPJQ',24,E'EAPLZUVDRSHIHPAQCZOMIHETS','03/03/2017 08:05:33.135335',E'DQNCF',NULL,'02/12/2017 09:00:06.372248',E'IVTSSJHCZDLJJZ',E'BWRLTLEZAQGJNLETX',E'OBZADUTWEEHWAMKZZONB',E'CLKHMRSNJXJJRZXGMLZOHZWWF');
INSERT INTO "public"."Facility"("ID","Active","AddressLine1","AddressLine2","City","ClientID","Country","CreatedDate","CreatedUUID","JsonExtendedData","ModifiedDate","ModifiedUUID","Name","PostalCode","StateProvince") 
VALUES(92,TRUE,E'EIDMBRG',E'SIVJWACQR',E'BVJUNDZEXLLIOACZA',51,E'MRXZJJFXCMHAHRIBJVZVCST','02/22/2017 07:51:21.067068',E'LARKDIVHFCK',NULL,'03/16/2017 05:23:04.519551',E'DBLXQTGJFAJFMNTXNFPNHCA',E'WZNSOMRNMMTCOUCZ',E'KELJVNJ',E'IWQKJXZO');
INSERT INTO "public"."Facility"("ID","Active","AddressLine1","AddressLine2","City","ClientID","Country","CreatedDate","CreatedUUID","JsonExtendedData","ModifiedDate","ModifiedUUID","Name","PostalCode","StateProvince") 
VALUES(93,FALSE,E'CLEEVZXDAM',E'EVGCT',E'YMDIISGAGKPXWFUSPD',35,E'MNFZM','03/16/2017 01:30:41.606493',E'NWINXGUIZNOQDLVWTRLGSOK',NULL,'01/31/2017 20:48:01.396645',E'EUHYSK',E'XEJDE',E'FXALBP',E'BSSLUPXERVYPSTA');
INSERT INTO "public"."Facility"("ID","Active","AddressLine1","AddressLine2","City","ClientID","Country","CreatedDate","CreatedUUID","JsonExtendedData","ModifiedDate","ModifiedUUID","Name","PostalCode","StateProvince") 
VALUES(94,FALSE,E'ZOKEOOTODCGIXUPLUF',E'YOBVOFJBUWHLUSWTPDIOXULFC',E'UHQMUBRZ',54,E'MOYQKXL','03/05/2017 18:55:57.051976',E'COXXLHKHIHPHEVZWMPM',NULL,'03/13/2017 12:48:23.642545',E'UXZPJBYCKWNCY',E'GSTGHNGIRMM',E'JGMEN',E'RMMJKWEXYJCMRQMMITJQANKYK');
INSERT INTO "public"."Facility"("ID","Active","AddressLine1","AddressLine2","City","ClientID","Country","CreatedDate","CreatedUUID","JsonExtendedData","ModifiedDate","ModifiedUUID","Name","PostalCode","StateProvince") 
VALUES(95,FALSE,E'KTDHJNS',E'PCXWA',E'LSARNOSELBNFVTTGELTZXAWF',74,E'DSRJOZMMRXWHTOLCIVFDMCDCV','02/01/2017 23:40:04.584336',E'BQWRZEIXBDLBZLQYKILMCFES',NULL,'02/08/2017 15:20:52.768756',E'PTHBPVWYUKSUEBVBL',E'QRTBKHVDMMJYOBBRNZKQR',E'GZEBZYUNXQQDLUXWN',E'LCERVINGQYPCASREIXW');
INSERT INTO "public"."Facility"("ID","Active","AddressLine1","AddressLine2","City","ClientID","Country","CreatedDate","CreatedUUID","JsonExtendedData","ModifiedDate","ModifiedUUID","Name","PostalCode","StateProvince") 
VALUES(96,FALSE,E'KOYIDKTZRPIGABBYMCIUWNFTS',E'CMOXPTJ',E'YSDUGTQJIZTUSFKKCKGRYSN',49,E'QWIUHWAACEGBNJCFPLZR','01/18/2017 11:32:45.872164',E'WFHUIYHOKNUB',NULL,'03/17/2017 19:20:27.637905',E'EIFSUBQKZJPT',E'GYLIJUVJKR',E'VHOVXOPVFFJOLGKEZ',E'OWCOVOIFEX');
INSERT INTO "public"."Facility"("ID","Active","AddressLine1","AddressLine2","City","ClientID","Country","CreatedDate","CreatedUUID","JsonExtendedData","ModifiedDate","ModifiedUUID","Name","PostalCode","StateProvince") 
VALUES(97,TRUE,E'STAVMAUTDVN',E'UPSIVRX',E'ZLEADCCOOJUVUAY',11,E'NFPMWGQTDZYTUBUGCRR','03/09/2017 07:44:55.863649',E'KSSHF',NULL,'02/04/2017 05:38:13.693617',E'RQCNVHJCR',E'NDMLMNJL',E'WPBWFYTUWQFMOF',E'NEAUVLJSSCP');
INSERT INTO "public"."Facility"("ID","Active","AddressLine1","AddressLine2","City","ClientID","Country","CreatedDate","CreatedUUID","JsonExtendedData","ModifiedDate","ModifiedUUID","Name","PostalCode","StateProvince") 
VALUES(98,FALSE,E'CHIUIEMORHKJGERU',E'MWTJHVILVKZKCGJSOQNH',E'HIVKUDV',79,E'KFNZUAPJEOB','02/25/2017 06:04:25.226973',E'LQBUAIXEIBTDPHIGJCLQKC',NULL,'03/15/2017 20:12:57.251069',E'IPMMDHLXNRPCVCRXMFVMAD',E'HBNMQTU',E'LWRBMWSGWJNLKQUW',E'QEPDKHRRHMDVK');
INSERT INTO "public"."Facility"("ID","Active","AddressLine1","AddressLine2","City","ClientID","Country","CreatedDate","CreatedUUID","JsonExtendedData","ModifiedDate","ModifiedUUID","Name","PostalCode","StateProvince") 
VALUES(99,FALSE,E'YNGDWGEMKBITGFKO',E'MJEDSNPRGRMYOE',E'UZPMLUUDFUVY',13,E'ZVGNPLLSDSVWTCR','03/05/2017 03:13:47.884134',E'ZFJOHX',NULL,'01/20/2017 12:57:29.750397',E'SNRUMJNVMWFWXQ',E'IMBFOJXULLJNCIMOVK',E'YBIEUFV',E'GDDTLJLEHTMUCDDS');
INSERT INTO "public"."Facility"("ID","Active","AddressLine1","AddressLine2","City","ClientID","Country","CreatedDate","CreatedUUID","JsonExtendedData","ModifiedDate","ModifiedUUID","Name","PostalCode","StateProvince") 
VALUES(100,FALSE,E'XCJJFQFUXWDEEJNGNHPANP',E'DFPEAAW',E'RWXBIGZDKJ',23,E'THMQCLIRJBXDJSG','01/25/2017 17:00:45.082284',E'VFCTW',NULL,'02/12/2017 16:49:12.145436',E'ZWLBKMDNC',E'WVBGT',E'NYWYXSJGNRDHDHOPWQK',E'FWUQXHMZWYZGQ');
COMMIT;

/* Generating data for table public.Doctor... */
INSERT INTO "public"."Doctor"("ID","Active","ClientID","CreatedDate","CreatedUUID","FirstName","JsonExtendedData","LastName","ModifiedDate","ModifiedUUID") 
VALUES(1,FALSE,90,'02/20/2017 18:47:39.048160',E'FGAEGOBXQUJCHPSGWGMGUVX',E'WGFKS',NULL,E'TDCMCOCFMWLZNPXP','01/29/2017 01:37:47.432289',E'SOHNDWQINHGITA');
INSERT INTO "public"."Doctor"("ID","Active","ClientID","CreatedDate","CreatedUUID","FirstName","JsonExtendedData","LastName","ModifiedDate","ModifiedUUID") 
VALUES(2,FALSE,43,'03/11/2017 00:52:35.444791',E'RXQQGALAZSV',E'MGSCQEJ',NULL,E'NIWPHYPBEVHU','02/02/2017 06:26:05.375027',E'JRQRL');
INSERT INTO "public"."Doctor"("ID","Active","ClientID","CreatedDate","CreatedUUID","FirstName","JsonExtendedData","LastName","ModifiedDate","ModifiedUUID") 
VALUES(3,TRUE,62,'03/05/2017 11:20:34.271950',E'KWUGZ',E'SBMLAFW',NULL,E'ZSRLSOCOVZ','01/19/2017 15:43:05.310537',E'DMZDC');
INSERT INTO "public"."Doctor"("ID","Active","ClientID","CreatedDate","CreatedUUID","FirstName","JsonExtendedData","LastName","ModifiedDate","ModifiedUUID") 
VALUES(4,TRUE,22,'02/17/2017 15:45:14.690066',E'OYPBRBSLJJLNCVXXZJVJKOYXB',E'UUATFYNAX',NULL,E'VOXHESTMBHXXWAQZ','01/27/2017 14:47:20.665834',E'EBDJMARAVEDRRKBXMAIXAD');
INSERT INTO "public"."Doctor"("ID","Active","ClientID","CreatedDate","CreatedUUID","FirstName","JsonExtendedData","LastName","ModifiedDate","ModifiedUUID") 
VALUES(5,FALSE,46,'03/17/2017 07:47:37.174773',E'KNLEZUWNNVY',E'BJCGWWUSYQXNPMSBKYDQCETE',NULL,E'QFXYVEKAYIG','02/19/2017 15:07:09.331434',E'KGHLQYJNDDFL');
INSERT INTO "public"."Doctor"("ID","Active","ClientID","CreatedDate","CreatedUUID","FirstName","JsonExtendedData","LastName","ModifiedDate","ModifiedUUID") 
VALUES(6,TRUE,38,'02/04/2017 22:31:35.248825',E'TWUNEIVQAGKXQ',E'HUELS',NULL,E'YQTZYSTGA','02/03/2017 13:50:45.918387',E'BNISGKSWBZD');
INSERT INTO "public"."Doctor"("ID","Active","ClientID","CreatedDate","CreatedUUID","FirstName","JsonExtendedData","LastName","ModifiedDate","ModifiedUUID") 
VALUES(7,TRUE,69,'01/24/2017 16:49:18.278884',E'YQTZBWLJZTJEFYHYG',E'RESSANTMIUUSSWSFXQFKYZFS',NULL,E'ZWDJI','01/19/2017 13:34:41.287449',E'QSFUEOLYRJMSZZ');
INSERT INTO "public"."Doctor"("ID","Active","ClientID","CreatedDate","CreatedUUID","FirstName","JsonExtendedData","LastName","ModifiedDate","ModifiedUUID") 
VALUES(8,FALSE,17,'02/02/2017 20:09:13.460459',E'HKCKEOYVQIOBHBUYEBYDHRM',E'AIEQBSTRKLMFAPWLCWTS',NULL,E'AQUBVNWDBWFBQSMZ','02/22/2017 12:08:38.726244',E'ZPZIRKMIROAC');
INSERT INTO "public"."Doctor"("ID","Active","ClientID","CreatedDate","CreatedUUID","FirstName","JsonExtendedData","LastName","ModifiedDate","ModifiedUUID") 
VALUES(9,FALSE,26,'02/18/2017 06:21:32.384479',E'JQHREDHECMXURYVMGWLIXQF',E'BIUIPXKIRGBYZFJLLJKXRXIHN',NULL,E'CKRBVEACNEEEJFSFGXTOK','03/13/2017 14:26:12.400225',E'FKSCPNH');
INSERT INTO "public"."Doctor"("ID","Active","ClientID","CreatedDate","CreatedUUID","FirstName","JsonExtendedData","LastName","ModifiedDate","ModifiedUUID") 
VALUES(10,FALSE,75,'02/08/2017 19:31:53.557627',E'BTCFQKLTIZTFEUSPF',E'FUWCKDINRBWJODUHEUEZBSHCS',NULL,E'WJTMKQNADKEHIYZOBGFJVH','02/09/2017 02:45:49.470139',E'JFQUR');
INSERT INTO "public"."Doctor"("ID","Active","ClientID","CreatedDate","CreatedUUID","FirstName","JsonExtendedData","LastName","ModifiedDate","ModifiedUUID") 
VALUES(11,TRUE,85,'01/25/2017 13:50:46.773012',E'WIHMIIZCFJXBKIFMYBHFVZP',E'PXAAFLUWUKEYWIWWLNVAVGBY',NULL,E'LEAFTYGJO','01/22/2017 20:44:02.706332',E'ETSVCCFFSQJFWHRQOKDCUMJ');
INSERT INTO "public"."Doctor"("ID","Active","ClientID","CreatedDate","CreatedUUID","FirstName","JsonExtendedData","LastName","ModifiedDate","ModifiedUUID") 
VALUES(12,FALSE,35,'03/09/2017 11:42:29.660905',E'LYWQACMHCSZDLIBLVIBZAX',E'FDRBBUOWBQSQLT',NULL,E'HALMUTXNMIFBORHRGPHNHI','01/19/2017 05:37:52.454200',E'LCAVABPZQGIBXOKDGZI');
INSERT INTO "public"."Doctor"("ID","Active","ClientID","CreatedDate","CreatedUUID","FirstName","JsonExtendedData","LastName","ModifiedDate","ModifiedUUID") 
VALUES(13,FALSE,30,'03/16/2017 05:30:24.538993',E'ODBTQAUJQOGIBDHSISMJF',E'LIXBDALIIXOMKEJFJTT',NULL,E'DGOUNLK','02/15/2017 00:40:39.752574',E'SAKSTHXEZLSYROV');
INSERT INTO "public"."Doctor"("ID","Active","ClientID","CreatedDate","CreatedUUID","FirstName","JsonExtendedData","LastName","ModifiedDate","ModifiedUUID") 
VALUES(14,FALSE,12,'03/01/2017 22:04:10.816327',E'GAWOW',E'ZADZOLKKBBCTNHOSQRTT',NULL,E'BRJHJYWGSP','02/08/2017 19:24:09.865819',E'JDQDSDZPATWPWSYVHMTJ');
INSERT INTO "public"."Doctor"("ID","Active","ClientID","CreatedDate","CreatedUUID","FirstName","JsonExtendedData","LastName","ModifiedDate","ModifiedUUID") 
VALUES(15,TRUE,44,'03/06/2017 10:37:09.620338',E'NYLZBAJI',E'RDWPEIDI',NULL,E'YYQBZOXLFSA','01/25/2017 19:23:36.545975',E'UCONPWZYCKOOCUSU');
INSERT INTO "public"."Doctor"("ID","Active","ClientID","CreatedDate","CreatedUUID","FirstName","JsonExtendedData","LastName","ModifiedDate","ModifiedUUID") 
VALUES(16,FALSE,52,'03/04/2017 08:57:06.701818',E'JCHWJQWTOIDDOKPC',E'RFIQKGXC',NULL,E'SHGWB','02/11/2017 02:52:02.188155',E'RQKUTCDAJCSHOERDVJUCJ');
INSERT INTO "public"."Doctor"("ID","Active","ClientID","CreatedDate","CreatedUUID","FirstName","JsonExtendedData","LastName","ModifiedDate","ModifiedUUID") 
VALUES(17,FALSE,70,'01/19/2017 10:54:14.881944',E'MCYJDZPR',E'NABHTIF',NULL,E'IHTMCYWZQDCQIELOFYHBUEX','02/28/2017 19:52:18.676449',E'HVHRSAVVOCAEZNJM');
INSERT INTO "public"."Doctor"("ID","Active","ClientID","CreatedDate","CreatedUUID","FirstName","JsonExtendedData","LastName","ModifiedDate","ModifiedUUID") 
VALUES(18,TRUE,76,'01/27/2017 12:38:41.480201',E'GPBWOZNUUQDCPZOIIWJNJJ',E'TPBDHAG',NULL,E'IULWMAPKAMKBHJPEFWIHZ','01/29/2017 05:16:12.573946',E'UWRWVBBKYFYWGJHSFGWBHTBB');
INSERT INTO "public"."Doctor"("ID","Active","ClientID","CreatedDate","CreatedUUID","FirstName","JsonExtendedData","LastName","ModifiedDate","ModifiedUUID") 
VALUES(19,FALSE,24,'02/27/2017 15:03:02.347875',E'TUDEDIQWAWTPYOAWVRDJC',E'CJPDBHFIMMCZRBYTYTTMK',NULL,E'TXCQGSHO','03/01/2017 12:33:39.671686',E'QMPPMKGMJQUTADOF');
INSERT INTO "public"."Doctor"("ID","Active","ClientID","CreatedDate","CreatedUUID","FirstName","JsonExtendedData","LastName","ModifiedDate","ModifiedUUID") 
VALUES(20,TRUE,28,'03/04/2017 15:57:49.400719',E'FFYALA',E'HGVRWLLZWWYBQK',NULL,E'VVEYTZJGDKWQLKQ','01/20/2017 20:52:56.053602',E'XMTRRFITQUWSQXPCCSX');
INSERT INTO "public"."Doctor"("ID","Active","ClientID","CreatedDate","CreatedUUID","FirstName","JsonExtendedData","LastName","ModifiedDate","ModifiedUUID") 
VALUES(21,TRUE,8,'02/23/2017 16:04:57.132066',E'UEQUXV',E'BZMFCSVYDLRAQYUERRL',NULL,E'URJQEZQXGXKSE','02/21/2017 06:57:31.682596',E'HVCBOFBDWKCDSEHDMYSMTRIB');
INSERT INTO "public"."Doctor"("ID","Active","ClientID","CreatedDate","CreatedUUID","FirstName","JsonExtendedData","LastName","ModifiedDate","ModifiedUUID") 
VALUES(22,TRUE,49,'01/30/2017 06:54:08.909490',E'FRNMAHPHC',E'YUXRGBYWFPQEISNZAYSHA',NULL,E'PUPSTIXAPBMW','02/06/2017 22:01:58.433186',E'SVDHKQBLVYSVJIWLNQFSACZDG');
INSERT INTO "public"."Doctor"("ID","Active","ClientID","CreatedDate","CreatedUUID","FirstName","JsonExtendedData","LastName","ModifiedDate","ModifiedUUID") 
VALUES(23,FALSE,64,'02/10/2017 02:13:28.009611',E'EKJMFFVYCTPFON',E'ROLCJMMMVCFAFMHG',NULL,E'CURJDIFAUJGSQOBHLWHQ','02/14/2017 10:55:55.014209',E'HUHMQESVXEGQTZHDOGQIV');
INSERT INTO "public"."Doctor"("ID","Active","ClientID","CreatedDate","CreatedUUID","FirstName","JsonExtendedData","LastName","ModifiedDate","ModifiedUUID") 
VALUES(24,TRUE,79,'02/07/2017 21:58:55.891476',E'YMNIWOTOUCBDNMAGQWETRS',E'HWZUTDYQYTLADHXQISQZN',NULL,E'GGDHZWQMHZPOLZZB','02/16/2017 04:45:29.421939',E'NWHYVFWNPML');
INSERT INTO "public"."Doctor"("ID","Active","ClientID","CreatedDate","CreatedUUID","FirstName","JsonExtendedData","LastName","ModifiedDate","ModifiedUUID") 
VALUES(25,FALSE,67,'03/01/2017 00:18:05.342084',E'NNWNSMGTLNUBFKH',E'EOKRLPCEN',NULL,E'YYQEHLKABDAV','03/04/2017 17:32:59.457899',E'UPUEUVGZPADBZY');
INSERT INTO "public"."Doctor"("ID","Active","ClientID","CreatedDate","CreatedUUID","FirstName","JsonExtendedData","LastName","ModifiedDate","ModifiedUUID") 
VALUES(26,FALSE,97,'03/05/2017 18:02:38.240597',E'EVHYQEMKNNHAJMKJXXLD',E'DCMVRQWLN',NULL,E'YYVAZ','02/02/2017 12:02:23.846142',E'ZTPWWBGXPGG');
INSERT INTO "public"."Doctor"("ID","Active","ClientID","CreatedDate","CreatedUUID","FirstName","JsonExtendedData","LastName","ModifiedDate","ModifiedUUID") 
VALUES(27,FALSE,60,'02/27/2017 18:24:30.602964',E'EFFABRGHXL',E'VJPUIUPEWDTCYQ',NULL,E'HWUMELIXGQZMGNAHKDFKBJKP','01/30/2017 12:38:16.935906',E'AVZSPRRORFPAQ');
INSERT INTO "public"."Doctor"("ID","Active","ClientID","CreatedDate","CreatedUUID","FirstName","JsonExtendedData","LastName","ModifiedDate","ModifiedUUID") 
VALUES(28,FALSE,98,'03/14/2017 02:18:44.910970',E'URNERDSKLHFJVWGPEVZFJTWYH',E'OBFLJWFKJMHKBRKKTUPREZFE',NULL,E'AJACGSBS','02/01/2017 01:03:46.243043',E'ZTYJFVDYPXQPEUHIJOG');
INSERT INTO "public"."Doctor"("ID","Active","ClientID","CreatedDate","CreatedUUID","FirstName","JsonExtendedData","LastName","ModifiedDate","ModifiedUUID") 
VALUES(29,FALSE,93,'02/27/2017 06:50:20.210967',E'XFZEPKCIWLF',E'XLOZXMVHXMYHXHANHDJFYCI',NULL,E'EYMQSWUCNJEI','03/11/2017 19:14:26.340431',E'GOTXMYDPFCCAMTTBZEP');
INSERT INTO "public"."Doctor"("ID","Active","ClientID","CreatedDate","CreatedUUID","FirstName","JsonExtendedData","LastName","ModifiedDate","ModifiedUUID") 
VALUES(30,TRUE,82,'03/12/2017 00:53:26.499800',E'NHZVALT',E'LOPCOO',NULL,E'KKSDPZPAOAINCVNEAUACY','02/20/2017 01:52:37.155537',E'SXFYKSS');
INSERT INTO "public"."Doctor"("ID","Active","ClientID","CreatedDate","CreatedUUID","FirstName","JsonExtendedData","LastName","ModifiedDate","ModifiedUUID") 
VALUES(31,TRUE,89,'01/26/2017 16:20:43.754428',E'BYAKFKEVCLZQSTDV',E'IJVESFRYO',NULL,E'WPACCLHQRK','02/23/2017 06:16:27.187554',E'JDUBWYFXWLS');
INSERT INTO "public"."Doctor"("ID","Active","ClientID","CreatedDate","CreatedUUID","FirstName","JsonExtendedData","LastName","ModifiedDate","ModifiedUUID") 
VALUES(32,FALSE,16,'02/21/2017 22:55:44.868887',E'QIQRBFYGZXSLFJOELEDCZSM',E'KBPDCRFNCMGGIFRPNWHDTWBGG',NULL,E'GNCASQP','02/28/2017 16:55:39.596577',E'KEYPTMAPYJYJSOFYZMPZN');
INSERT INTO "public"."Doctor"("ID","Active","ClientID","CreatedDate","CreatedUUID","FirstName","JsonExtendedData","LastName","ModifiedDate","ModifiedUUID") 
VALUES(33,FALSE,54,'03/01/2017 08:17:33.556734',E'AEMQPDBGWHUACZTS',E'XREJNTMCIRMTGYIRWGKUEIJT',NULL,E'WJCVGEJTBAFEBUJKGEGMHZ','02/17/2017 10:55:47.269692',E'DOTPUKTZBTHTGH');
INSERT INTO "public"."Doctor"("ID","Active","ClientID","CreatedDate","CreatedUUID","FirstName","JsonExtendedData","LastName","ModifiedDate","ModifiedUUID") 
VALUES(34,TRUE,88,'01/31/2017 09:23:07.437601',E'GPXSVMCODRRYMLVSD',E'SVFNQECUCUELVXYTCWLMHXB',NULL,E'GITMGIHMZDFJPNNNTDKVVHZO','03/14/2017 07:38:54.674843',E'QWOJBMUAVSNZYEDABFB');
INSERT INTO "public"."Doctor"("ID","Active","ClientID","CreatedDate","CreatedUUID","FirstName","JsonExtendedData","LastName","ModifiedDate","ModifiedUUID") 
VALUES(35,FALSE,4,'02/20/2017 23:08:34.708609',E'YAQJWC',E'ZXGFMX',NULL,E'PSJRNHWAZKR','01/19/2017 04:29:32.492291',E'ZPNOBKGMXPQEFFXNV');
INSERT INTO "public"."Doctor"("ID","Active","ClientID","CreatedDate","CreatedUUID","FirstName","JsonExtendedData","LastName","ModifiedDate","ModifiedUUID") 
VALUES(36,TRUE,55,'03/12/2017 09:58:02.180332',E'CMMPT',E'YFTZYVPYFWATY',NULL,E'NSGHPV','01/21/2017 05:26:19.126686',E'WXUCTUWMLZI');
INSERT INTO "public"."Doctor"("ID","Active","ClientID","CreatedDate","CreatedUUID","FirstName","JsonExtendedData","LastName","ModifiedDate","ModifiedUUID") 
VALUES(37,TRUE,71,'02/20/2017 21:21:33.741027',E'GSCLBYWEEXPRIYWEYFLNSGZI',E'AGRHXSJOVR',NULL,E'RPIJDEGYRDCVHDWAVMTSXMDF','02/05/2017 07:44:12.661115',E'OFRZRIBLQUBLMUFXWAN');
INSERT INTO "public"."Doctor"("ID","Active","ClientID","CreatedDate","CreatedUUID","FirstName","JsonExtendedData","LastName","ModifiedDate","ModifiedUUID") 
VALUES(38,TRUE,5,'02/04/2017 23:26:07.071112',E'HDXSXAMDIZSXSFSTJ',E'RECDQUMH',NULL,E'EBBEHPMNWFFITXLAQW','03/17/2017 06:54:37.324784',E'GBZAWQQWPBBZZMHL');
INSERT INTO "public"."Doctor"("ID","Active","ClientID","CreatedDate","CreatedUUID","FirstName","JsonExtendedData","LastName","ModifiedDate","ModifiedUUID") 
VALUES(39,FALSE,99,'03/07/2017 08:39:50.323668',E'AIBAQMXPIAQSHVUDQ',E'JQLKOVQKPATW',NULL,E'DNKLHG','03/07/2017 00:25:22.355562',E'BJWRQBKVQKIBDCQQSIILB');
INSERT INTO "public"."Doctor"("ID","Active","ClientID","CreatedDate","CreatedUUID","FirstName","JsonExtendedData","LastName","ModifiedDate","ModifiedUUID") 
VALUES(40,TRUE,11,'02/06/2017 20:34:27.328312',E'YHQDSANWQULLMLYB',E'XSOIVOCLHSFYYDQUVG',NULL,E'XZDOOIEURQNGVTZKQBNV','02/18/2017 08:33:52.009831',E'ESSVXRPT');
INSERT INTO "public"."Doctor"("ID","Active","ClientID","CreatedDate","CreatedUUID","FirstName","JsonExtendedData","LastName","ModifiedDate","ModifiedUUID") 
VALUES(41,FALSE,19,'02/02/2017 21:53:57.978927',E'EUXQOHVEXLSHQLRHYHWQYQ',E'IJQVXT',NULL,E'AJMKUK','02/10/2017 00:34:01.255456',E'PZBWHM');
INSERT INTO "public"."Doctor"("ID","Active","ClientID","CreatedDate","CreatedUUID","FirstName","JsonExtendedData","LastName","ModifiedDate","ModifiedUUID") 
VALUES(42,TRUE,94,'03/02/2017 11:54:21.211630',E'INJFKC',E'EJNCGPPYJJUGJEODSVGZAIS',NULL,E'MPDYTMVFNLAUUSBMVKC','01/27/2017 00:21:33.221660',E'WMOFROWMXCFO');
INSERT INTO "public"."Doctor"("ID","Active","ClientID","CreatedDate","CreatedUUID","FirstName","JsonExtendedData","LastName","ModifiedDate","ModifiedUUID") 
VALUES(43,TRUE,20,'01/27/2017 03:17:31.195904',E'FDIFPKPDG',E'DAMYEQSFFKERXFVJJGU',NULL,E'KVDJBQ','01/24/2017 04:15:35.166784',E'XWUKQMANJAVLTEGMROGBQBP');
INSERT INTO "public"."Doctor"("ID","Active","ClientID","CreatedDate","CreatedUUID","FirstName","JsonExtendedData","LastName","ModifiedDate","ModifiedUUID") 
VALUES(44,FALSE,74,'02/01/2017 00:16:27.802610',E'FAUXDWXZGZLZZZCELO',E'NUTSAPEMPHUJBURZFICHCYSUD',NULL,E'ZMIROWFIGIDNKNIFHK','02/11/2017 06:25:35.013685',E'AYJRWCCD');
INSERT INTO "public"."Doctor"("ID","Active","ClientID","CreatedDate","CreatedUUID","FirstName","JsonExtendedData","LastName","ModifiedDate","ModifiedUUID") 
VALUES(45,FALSE,36,'03/12/2017 21:14:04.066997',E'GPULPVNBXDUWVASWKGFKPUSD',E'TFENJSFJSUBXOUJEQEVYKEGGV',NULL,E'OWZDOPILTUZUSLOGATYLHONEI','01/21/2017 17:00:00.940323',E'DIQPN');
INSERT INTO "public"."Doctor"("ID","Active","ClientID","CreatedDate","CreatedUUID","FirstName","JsonExtendedData","LastName","ModifiedDate","ModifiedUUID") 
VALUES(46,FALSE,32,'03/13/2017 13:20:52.516800',E'ZIJHJEGNRGOWVXCLDYT',E'ELVTPTH',NULL,E'KGPWSOFPFQYNSQXQGZS','03/07/2017 21:27:59.192488',E'RSWINKECIIQGZCNXFNMZEIFN');
INSERT INTO "public"."Doctor"("ID","Active","ClientID","CreatedDate","CreatedUUID","FirstName","JsonExtendedData","LastName","ModifiedDate","ModifiedUUID") 
VALUES(47,FALSE,66,'01/26/2017 02:04:24.912116',E'EPPJIAZXUDVUSJFINYQF',E'FCTRXCTBOWGILMADWNRTVPQ',NULL,E'XSHVY','02/13/2017 17:48:20.096534',E'LDZSMPUOIVKBTKTQXIMN');
INSERT INTO "public"."Doctor"("ID","Active","ClientID","CreatedDate","CreatedUUID","FirstName","JsonExtendedData","LastName","ModifiedDate","ModifiedUUID") 
VALUES(48,TRUE,86,'02/19/2017 15:03:37.743591',E'KTFPRSDJVWQNIFVQZDPJD',E'UNYIMPK',NULL,E'FHLPZCVTUSBARFEKDXDBVS','01/25/2017 18:28:00.711955',E'GXYGI');
INSERT INTO "public"."Doctor"("ID","Active","ClientID","CreatedDate","CreatedUUID","FirstName","JsonExtendedData","LastName","ModifiedDate","ModifiedUUID") 
VALUES(49,FALSE,91,'01/28/2017 22:33:17.710969',E'ZZZYJNOIXPSJTYZ',E'XVOQQKQZFU',NULL,E'COFQFKHRFSGWAIVA','02/15/2017 22:09:20.019287',E'SQFZBRADNPQO');
INSERT INTO "public"."Doctor"("ID","Active","ClientID","CreatedDate","CreatedUUID","FirstName","JsonExtendedData","LastName","ModifiedDate","ModifiedUUID") 
VALUES(50,FALSE,57,'03/12/2017 12:10:00.058536',E'ATKXBPAJ',E'BMHOZD',NULL,E'GDEYSNKSMHFOGZGPCLPXURTY','03/10/2017 15:39:21.181036',E'IUKENG');
INSERT INTO "public"."Doctor"("ID","Active","ClientID","CreatedDate","CreatedUUID","FirstName","JsonExtendedData","LastName","ModifiedDate","ModifiedUUID") 
VALUES(51,TRUE,15,'03/12/2017 15:15:01.503204',E'ZDHRAZPCILGNKRVLLTXK',E'SCLMTYC',NULL,E'NLCXYIRAWGYZHLIE','01/26/2017 19:39:40.662779',E'XHQHXXPMSBRFRVAHGCFQFPN');
INSERT INTO "public"."Doctor"("ID","Active","ClientID","CreatedDate","CreatedUUID","FirstName","JsonExtendedData","LastName","ModifiedDate","ModifiedUUID") 
VALUES(52,FALSE,100,'01/23/2017 00:41:57.485349',E'ZSLJTIPFYAI',E'TDREUZVDMLRTDBPYJM',NULL,E'OCWSHMPOQODIYSETORFHQ','03/12/2017 05:04:06.001773',E'PBFXTXEWWA');
INSERT INTO "public"."Doctor"("ID","Active","ClientID","CreatedDate","CreatedUUID","FirstName","JsonExtendedData","LastName","ModifiedDate","ModifiedUUID") 
VALUES(53,FALSE,78,'03/04/2017 05:09:57.150992',E'DHRIHXVLWOFZ',E'GKBBEQKDA',NULL,E'BWFFJTDPBIJZHDGHFEUVAMRAT','03/09/2017 07:55:17.954899',E'TBZBMOUPBLYGTX');
INSERT INTO "public"."Doctor"("ID","Active","ClientID","CreatedDate","CreatedUUID","FirstName","JsonExtendedData","LastName","ModifiedDate","ModifiedUUID") 
VALUES(54,TRUE,53,'01/24/2017 15:39:46.278718',E'IXCLEGRFYRGL',E'PFQREIMJFISVXSGMUJL',NULL,E'YKPXN','01/19/2017 04:26:18.785199',E'WCSCLMHVMGCOAWDEIZHDLKKSX');
INSERT INTO "public"."Doctor"("ID","Active","ClientID","CreatedDate","CreatedUUID","FirstName","JsonExtendedData","LastName","ModifiedDate","ModifiedUUID") 
VALUES(55,TRUE,1,'02/12/2017 13:14:32.257789',E'SMWGENDKE',E'ANATUMVZEACAGVLZDSZTD',NULL,E'FWVDWTGZPXJYXNVSA','03/04/2017 07:08:46.699712',E'KHUACUNJSJWAQXYSKF');
INSERT INTO "public"."Doctor"("ID","Active","ClientID","CreatedDate","CreatedUUID","FirstName","JsonExtendedData","LastName","ModifiedDate","ModifiedUUID") 
VALUES(56,TRUE,61,'01/24/2017 07:47:06.578219',E'CVLTFPQNQBMZYSW',E'LISLCKDPVVAJCVEPT',NULL,E'XYHZUKZKHRUARGVOSYTOIWL','01/25/2017 02:56:10.017881',E'NRVNBOPMZEITOSQFRUZVSWBRQ');
INSERT INTO "public"."Doctor"("ID","Active","ClientID","CreatedDate","CreatedUUID","FirstName","JsonExtendedData","LastName","ModifiedDate","ModifiedUUID") 
VALUES(57,TRUE,31,'03/01/2017 22:20:44.313249',E'PACBGSYRGLUZCCHH',E'OUYUIEUOAXMK',NULL,E'IUFVNADKIPKGOEGKFAVFV','03/11/2017 19:34:53.235222',E'BEFVVKRZYAYJNDDFQR');
INSERT INTO "public"."Doctor"("ID","Active","ClientID","CreatedDate","CreatedUUID","FirstName","JsonExtendedData","LastName","ModifiedDate","ModifiedUUID") 
VALUES(58,TRUE,68,'01/31/2017 10:24:08.320960',E'NLOKWAR',E'XHWEPXIKOLQTOUGGUG',NULL,E'OCGHVDQSGHWHOBCQFNHE','02/13/2017 13:04:39.859554',E'QPGTOLSJC');
INSERT INTO "public"."Doctor"("ID","Active","ClientID","CreatedDate","CreatedUUID","FirstName","JsonExtendedData","LastName","ModifiedDate","ModifiedUUID") 
VALUES(59,FALSE,80,'02/07/2017 11:51:33.841660',E'DBSASUZIDNXTKQDFMNS',E'TIRVMKONGT',NULL,E'PAWSKPVCEAPKMIH','02/28/2017 11:33:15.479114',E'DYFYTSYUYAFVJVYABGAFRFLE');
INSERT INTO "public"."Doctor"("ID","Active","ClientID","CreatedDate","CreatedUUID","FirstName","JsonExtendedData","LastName","ModifiedDate","ModifiedUUID") 
VALUES(60,TRUE,63,'02/19/2017 23:29:27.810555',E'AQJVLZVRC',E'NQCGFCDZZJUODAKC',NULL,E'VUBPVELHSXOPVFS','02/24/2017 11:31:31.670426',E'IBATVHUEFHTRYVLZNYZU');
INSERT INTO "public"."Doctor"("ID","Active","ClientID","CreatedDate","CreatedUUID","FirstName","JsonExtendedData","LastName","ModifiedDate","ModifiedUUID") 
VALUES(61,FALSE,10,'03/08/2017 02:36:41.529900',E'JMXKPHRKPP',E'CFJCFCNWZSSYEK',NULL,E'UPYDUCANO','03/06/2017 13:06:39.986781',E'MLTSBNETJTELBMNXHBHDVMQW');
INSERT INTO "public"."Doctor"("ID","Active","ClientID","CreatedDate","CreatedUUID","FirstName","JsonExtendedData","LastName","ModifiedDate","ModifiedUUID") 
VALUES(62,FALSE,56,'02/01/2017 03:29:45.201845',E'HUCLFATLLGXFFKCXPTQ',E'ZLAIPPPWYJKYF',NULL,E'NYWRFPCDNODCQCTFPVJNDOP','01/19/2017 21:57:28.560635',E'MOEZPJNKRIMNVVOSIVLFSBV');
INSERT INTO "public"."Doctor"("ID","Active","ClientID","CreatedDate","CreatedUUID","FirstName","JsonExtendedData","LastName","ModifiedDate","ModifiedUUID") 
VALUES(63,FALSE,84,'02/10/2017 17:11:12.043722',E'LYSIVGZTLMPYSVPQSLU',E'JMTMZBKCIMLASBVHCBZBXP',NULL,E'WDYZFSBABS','02/20/2017 23:58:26.342369',E'JJNIRUOEZPICMWUKBQ');
INSERT INTO "public"."Doctor"("ID","Active","ClientID","CreatedDate","CreatedUUID","FirstName","JsonExtendedData","LastName","ModifiedDate","ModifiedUUID") 
VALUES(64,FALSE,18,'02/09/2017 10:27:24.046819',E'CUKMBHDUKPLQSCEFDQQQXELGG',E'MOFPZMT',NULL,E'MZHEGYVADHXZVSKFVESSNDUT','01/23/2017 15:19:04.464210',E'PFWCAXNUM');
INSERT INTO "public"."Doctor"("ID","Active","ClientID","CreatedDate","CreatedUUID","FirstName","JsonExtendedData","LastName","ModifiedDate","ModifiedUUID") 
VALUES(65,TRUE,59,'03/02/2017 18:37:33.453162',E'ZDRUEFKJBSCMGQDR',E'OQNDDELABBUURLQRXCYDIXKM',NULL,E'EVYGTRNLCRRDKGHWHZGKF','01/23/2017 12:22:35.844374',E'RKPGCYO');
INSERT INTO "public"."Doctor"("ID","Active","ClientID","CreatedDate","CreatedUUID","FirstName","JsonExtendedData","LastName","ModifiedDate","ModifiedUUID") 
VALUES(66,FALSE,72,'03/12/2017 23:31:58.966193',E'SOHNVENNTBCPYHGX',E'SBJHNHPXKTHENOLEHW',NULL,E'AQXRW','02/10/2017 16:06:56.206680',E'GMCPDQZBPXNVE');
INSERT INTO "public"."Doctor"("ID","Active","ClientID","CreatedDate","CreatedUUID","FirstName","JsonExtendedData","LastName","ModifiedDate","ModifiedUUID") 
VALUES(67,FALSE,58,'02/23/2017 03:10:47.738593',E'GKSOJD',E'FGIWNGJKXJNJFSBA',NULL,E'XQTYOVHYRZ','03/04/2017 06:19:04.530063',E'XRCJJ');
INSERT INTO "public"."Doctor"("ID","Active","ClientID","CreatedDate","CreatedUUID","FirstName","JsonExtendedData","LastName","ModifiedDate","ModifiedUUID") 
VALUES(68,FALSE,23,'01/20/2017 09:33:49.774884',E'YGURXHVKXSS',E'DRPMCQEJDKDRI',NULL,E'FWRIKCYUIKMSISBZAAZNLVWER','03/10/2017 21:10:30.798815',E'YIQDIT');
INSERT INTO "public"."Doctor"("ID","Active","ClientID","CreatedDate","CreatedUUID","FirstName","JsonExtendedData","LastName","ModifiedDate","ModifiedUUID") 
VALUES(69,TRUE,83,'02/09/2017 11:30:41.596181',E'SKWCKTGDRPQOS',E'BRYZBXAMWQAYUIULAHJAD',NULL,E'JJQMZVSJ','02/27/2017 23:47:28.250777',E'LVHWVMCU');
INSERT INTO "public"."Doctor"("ID","Active","ClientID","CreatedDate","CreatedUUID","FirstName","JsonExtendedData","LastName","ModifiedDate","ModifiedUUID") 
VALUES(70,TRUE,96,'01/22/2017 19:07:31.747101',E'TLZKH',E'KYSSWKMAYWVLYKWSAQNKOMTTC',NULL,E'XDAQPOIIEIWRJ','02/07/2017 16:04:09.302994',E'AKSACPEJNDXAT');
INSERT INTO "public"."Doctor"("ID","Active","ClientID","CreatedDate","CreatedUUID","FirstName","JsonExtendedData","LastName","ModifiedDate","ModifiedUUID") 
VALUES(71,TRUE,39,'02/09/2017 04:25:49.802387',E'PZSHFJR',E'QHLHIRVEAUTOPZPHBPYR',NULL,E'QFENYVORH','02/07/2017 06:31:01.188289',E'KAOHCW');
INSERT INTO "public"."Doctor"("ID","Active","ClientID","CreatedDate","CreatedUUID","FirstName","JsonExtendedData","LastName","ModifiedDate","ModifiedUUID") 
VALUES(72,FALSE,13,'03/14/2017 15:25:30.178739',E'TYJVNOBNBPGHL',E'GHCTZEMFIOSZIRTGMSFKN',NULL,E'YZIOBIKPBEKCFM','02/14/2017 12:59:24.966289',E'EZDINTMPZAGYIEZPXDYXYSWBX');
INSERT INTO "public"."Doctor"("ID","Active","ClientID","CreatedDate","CreatedUUID","FirstName","JsonExtendedData","LastName","ModifiedDate","ModifiedUUID") 
VALUES(73,FALSE,2,'01/18/2017 20:09:39.421314',E'VYYHOXPIZ',E'ZFXZFQRVOZVV',NULL,E'TJEPMRRNALHH','02/07/2017 16:07:55.983787',E'PHUBSOHDNFHKTQGFJQUEK');
INSERT INTO "public"."Doctor"("ID","Active","ClientID","CreatedDate","CreatedUUID","FirstName","JsonExtendedData","LastName","ModifiedDate","ModifiedUUID") 
VALUES(74,TRUE,81,'01/24/2017 12:18:16.091758',E'LJMAZLJZR',E'KWWRUTPCFXHEBISFC',NULL,E'OSUBTQDXBEEFKVOS','02/25/2017 03:06:01.087101',E'MMWDWCYNIGVMW');
INSERT INTO "public"."Doctor"("ID","Active","ClientID","CreatedDate","CreatedUUID","FirstName","JsonExtendedData","LastName","ModifiedDate","ModifiedUUID") 
VALUES(75,TRUE,27,'03/06/2017 21:58:28.540865',E'IHRPH',E'XZYHRJKLSYHLQAXV',NULL,E'OIBEPCSCUIARPQDSCUAR','01/19/2017 15:49:27.948004',E'FBUFBMJLM');
INSERT INTO "public"."Doctor"("ID","Active","ClientID","CreatedDate","CreatedUUID","FirstName","JsonExtendedData","LastName","ModifiedDate","ModifiedUUID") 
VALUES(76,FALSE,6,'03/12/2017 20:17:22.616292',E'JJPIRUAXPZDSO',E'AEIVKOWYMYWQD',NULL,E'SSNNYHOPOPBLEKYWYPLXQRA','01/19/2017 02:50:29.241044',E'FLAPREWJVITBFUKXHMG');
INSERT INTO "public"."Doctor"("ID","Active","ClientID","CreatedDate","CreatedUUID","FirstName","JsonExtendedData","LastName","ModifiedDate","ModifiedUUID") 
VALUES(77,TRUE,73,'01/31/2017 07:44:51.819223',E'AEVYMVNHZUXTSDTZUP',E'AIGLZFSJTPGRTYFM',NULL,E'QYHZPDFMZZCOEST','02/17/2017 22:57:51.624871',E'TRPDXRLPMFZWIXGANDEKL');
INSERT INTO "public"."Doctor"("ID","Active","ClientID","CreatedDate","CreatedUUID","FirstName","JsonExtendedData","LastName","ModifiedDate","ModifiedUUID") 
VALUES(78,FALSE,41,'03/09/2017 23:57:33.343194',E'UINCAFWXJQDYZAGQWJOOGGZJ',E'NHODXIE',NULL,E'MRTXMERTLTWCFAEBJPVHI','03/06/2017 18:48:46.417719',E'MDNMCFWJ');
INSERT INTO "public"."Doctor"("ID","Active","ClientID","CreatedDate","CreatedUUID","FirstName","JsonExtendedData","LastName","ModifiedDate","ModifiedUUID") 
VALUES(79,FALSE,7,'01/19/2017 03:11:03.791457',E'RARYFJXNAZJHUKJDO',E'PLMXXXQAHZCJG',NULL,E'CYCTHQAZO','03/15/2017 22:09:10.946189',E'LLMNSNLWBNCDJPB');
INSERT INTO "public"."Doctor"("ID","Active","ClientID","CreatedDate","CreatedUUID","FirstName","JsonExtendedData","LastName","ModifiedDate","ModifiedUUID") 
VALUES(80,TRUE,50,'02/02/2017 07:27:56.087197',E'UAFVYYLLHSDDYKBICJPBYARS',E'SKRNEC',NULL,E'KKEBSGKLKMXOHVNGHZBETNJM','01/18/2017 05:12:21.210364',E'PSELBQJPMYCNQAS');
INSERT INTO "public"."Doctor"("ID","Active","ClientID","CreatedDate","CreatedUUID","FirstName","JsonExtendedData","LastName","ModifiedDate","ModifiedUUID") 
VALUES(81,FALSE,48,'03/01/2017 06:35:23.606575',E'RZSVAJJVYR',E'NEOFNQUMP',NULL,E'HLXLFHRUA','01/20/2017 01:15:42.558064',E'KDNISHLTTLREY');
INSERT INTO "public"."Doctor"("ID","Active","ClientID","CreatedDate","CreatedUUID","FirstName","JsonExtendedData","LastName","ModifiedDate","ModifiedUUID") 
VALUES(82,TRUE,33,'03/18/2017 13:11:45.452091',E'AZYAFAWDMGEAUYXQ',E'JXQWEUULXH',NULL,E'KCJMHXRMJMAZD','02/04/2017 20:04:48.924678',E'VTHNXEVLVWENWJXVEXWTJ');
INSERT INTO "public"."Doctor"("ID","Active","ClientID","CreatedDate","CreatedUUID","FirstName","JsonExtendedData","LastName","ModifiedDate","ModifiedUUID") 
VALUES(83,TRUE,45,'03/01/2017 09:31:19.085611',E'XWVXQLXOOYPKAHQWASAI',E'RFVPIZVWSYKR',NULL,E'PXOPORHHNCOTNDUQFOM','02/02/2017 03:29:07.318636',E'GRRAWK');
INSERT INTO "public"."Doctor"("ID","Active","ClientID","CreatedDate","CreatedUUID","FirstName","JsonExtendedData","LastName","ModifiedDate","ModifiedUUID") 
VALUES(84,FALSE,87,'03/01/2017 07:35:00.947675',E'ITUKWRZJCZOJWPZ',E'MSMDCYTVZHMYIFL',NULL,E'UUDYBLSAIGYRPTV','02/04/2017 10:56:32.841095',E'JYGTPKMQNLP');
INSERT INTO "public"."Doctor"("ID","Active","ClientID","CreatedDate","CreatedUUID","FirstName","JsonExtendedData","LastName","ModifiedDate","ModifiedUUID") 
VALUES(85,FALSE,21,'01/29/2017 13:36:56.868531',E'IEGRLGVWNIYAHBAIRJCRZ',E'BIJTNZ',NULL,E'AXKOVZFSCZQUHVRUTKU','03/05/2017 11:58:49.804985',E'QBLDWUTOEDLIMGUZOFC');
INSERT INTO "public"."Doctor"("ID","Active","ClientID","CreatedDate","CreatedUUID","FirstName","JsonExtendedData","LastName","ModifiedDate","ModifiedUUID") 
VALUES(86,FALSE,29,'03/08/2017 15:30:46.727134',E'KQJNGZVKUOIUSYWESQU',E'WACAHEJGAPDXH',NULL,E'MYMYCTJBEZAQDGU','01/22/2017 10:20:11.954980',E'EPQXTFCSHQV');
INSERT INTO "public"."Doctor"("ID","Active","ClientID","CreatedDate","CreatedUUID","FirstName","JsonExtendedData","LastName","ModifiedDate","ModifiedUUID") 
VALUES(87,FALSE,95,'01/21/2017 17:19:01.974637',E'XPXYFQOGFQBCGLKIHGLAA',E'UFSDXJFRLLVSNRUHKHXFRKIJZ',NULL,E'HGMWDYZKYALRE','02/20/2017 04:36:22.342102',E'BKLXTNLB');
INSERT INTO "public"."Doctor"("ID","Active","ClientID","CreatedDate","CreatedUUID","FirstName","JsonExtendedData","LastName","ModifiedDate","ModifiedUUID") 
VALUES(88,TRUE,3,'03/02/2017 15:21:34.989826',E'AVQDZLLPL',E'XOKKMICCVLWRUR',NULL,E'IUVUWSQGTDPPFQGAAPTUMNSKZ','02/08/2017 00:30:18.197715',E'WSWBHJPIESBIFSJJ');
INSERT INTO "public"."Doctor"("ID","Active","ClientID","CreatedDate","CreatedUUID","FirstName","JsonExtendedData","LastName","ModifiedDate","ModifiedUUID") 
VALUES(89,TRUE,25,'01/20/2017 16:31:00.371836',E'KIYHDAABFUTWNLAQAVJVZH',E'OSMUZJKYMAMYNQL',NULL,E'QRKTPUYCYLSMZQNELDPWKQ','02/06/2017 12:52:28.244658',E'TVTXRBRJSNEGVNDCIHRIUBO');
INSERT INTO "public"."Doctor"("ID","Active","ClientID","CreatedDate","CreatedUUID","FirstName","JsonExtendedData","LastName","ModifiedDate","ModifiedUUID") 
VALUES(90,FALSE,42,'01/22/2017 18:40:02.683044',E'KYCCHABBHCILOUUOMWH',E'MOSETVBY',NULL,E'GRZBULNEEITOHFJDVYMKEFOYG','02/27/2017 20:05:14.532825',E'NSDQZZ');
INSERT INTO "public"."Doctor"("ID","Active","ClientID","CreatedDate","CreatedUUID","FirstName","JsonExtendedData","LastName","ModifiedDate","ModifiedUUID") 
VALUES(91,TRUE,37,'02/27/2017 02:21:19.939819',E'YDFGXKXYQJ',E'HVWCFKHNIEZTAACGJVPZ',NULL,E'GSDQCLZWU','03/03/2017 03:05:07.855804',E'AGREVZDLZAYBEFWCN');
INSERT INTO "public"."Doctor"("ID","Active","ClientID","CreatedDate","CreatedUUID","FirstName","JsonExtendedData","LastName","ModifiedDate","ModifiedUUID") 
VALUES(92,TRUE,47,'01/20/2017 03:22:19.640234',E'SWGYCONKOTLHNZTIAE',E'PLBRNQZIIVTUPZ',NULL,E'IHBURJ','03/14/2017 18:01:03.576410',E'UFIKPKTXM');
INSERT INTO "public"."Doctor"("ID","Active","ClientID","CreatedDate","CreatedUUID","FirstName","JsonExtendedData","LastName","ModifiedDate","ModifiedUUID") 
VALUES(93,TRUE,51,'02/04/2017 14:57:01.241719',E'NXAIICNPNTQAUUSQCVHONJYD',E'PHJSDOVNTEKTAZBELYLNO',NULL,E'SQSSTABTHXRLMCQEAQAEMVOQ','03/01/2017 01:46:35.109300',E'VUMJSCEPSFSIQVGV');
INSERT INTO "public"."Doctor"("ID","Active","ClientID","CreatedDate","CreatedUUID","FirstName","JsonExtendedData","LastName","ModifiedDate","ModifiedUUID") 
VALUES(94,TRUE,9,'01/22/2017 17:13:56.685792',E'FSQIAOGEL',E'EPSKDV',NULL,E'IFLDD','03/04/2017 19:20:08.507342',E'RCXZEKOODVOHHQAKAWOFLOY');
INSERT INTO "public"."Doctor"("ID","Active","ClientID","CreatedDate","CreatedUUID","FirstName","JsonExtendedData","LastName","ModifiedDate","ModifiedUUID") 
VALUES(95,TRUE,40,'02/25/2017 04:25:27.785928',E'TKKHNGKCLEVAYXHPRT',E'WNJVUQUHVGFECCWWKHMAQBGG',NULL,E'FTVTZRTUNMFB','02/14/2017 21:10:13.086526',E'MZYUBNTP');
INSERT INTO "public"."Doctor"("ID","Active","ClientID","CreatedDate","CreatedUUID","FirstName","JsonExtendedData","LastName","ModifiedDate","ModifiedUUID") 
VALUES(96,TRUE,92,'02/07/2017 20:06:53.223446',E'AXOYRMS',E'KPWCDRWGMVGC',NULL,E'WOXPBISO','03/15/2017 20:07:52.109270',E'YMYAF');
INSERT INTO "public"."Doctor"("ID","Active","ClientID","CreatedDate","CreatedUUID","FirstName","JsonExtendedData","LastName","ModifiedDate","ModifiedUUID") 
VALUES(97,TRUE,65,'03/13/2017 21:42:52.468607',E'SCHGSSRYOLMWHGHKUEHVVIIQV',E'SUQZRJENJBAAGY',NULL,E'SEOPLJXP','01/19/2017 01:30:51.478101',E'JCJCPLGT');
INSERT INTO "public"."Doctor"("ID","Active","ClientID","CreatedDate","CreatedUUID","FirstName","JsonExtendedData","LastName","ModifiedDate","ModifiedUUID") 
VALUES(98,TRUE,14,'02/22/2017 09:03:58.349241',E'LIYGVRBZWATDSE',E'LHDMYESAJMZFOTUKK',NULL,E'AFTOKFMJF','01/27/2017 01:37:37.183657',E'TSAXIHLOTSRMAEFPIPQCS');
INSERT INTO "public"."Doctor"("ID","Active","ClientID","CreatedDate","CreatedUUID","FirstName","JsonExtendedData","LastName","ModifiedDate","ModifiedUUID") 
VALUES(99,TRUE,77,'02/10/2017 01:20:47.517229',E'ZNZYZPEOOCJYUN',E'TLRWNNANW',NULL,E'PIIVLFKXYUJYTKXKMGXZZE','03/18/2017 02:17:13.746469',E'XWNJSDODXMADWXYVUHQFIEV');
INSERT INTO "public"."Doctor"("ID","Active","ClientID","CreatedDate","CreatedUUID","FirstName","JsonExtendedData","LastName","ModifiedDate","ModifiedUUID") 
VALUES(100,TRUE,34,'01/20/2017 18:27:07.595289',E'DNLULZZQGA',E'ERNCL',NULL,E'OMWNPXWZUYBTWRYMI','02/01/2017 22:48:01.489271',E'IKIHBQUUSEMACHWAMUUJQTNZ');
COMMIT;

/* Generating data for table public.Lab... */
INSERT INTO "public"."Lab"("ID","Active","CreatedDate","CreatedUUID","JsonExtendedData","LabCode","LabName","ModifiedDate","ModifiedUUID") 
VALUES(1,TRUE,'02/27/2017 20:58:43.249931',E'WGRHNHTCYDOUEDTBLQAU',NULL,E'DZHEIKKDXAWXSOPVYATUYP',E'HQDZMM','02/27/2017 23:58:07.411127',E'ABWGMLRSFJHYSPTIYKHXICWO');
INSERT INTO "public"."Lab"("ID","Active","CreatedDate","CreatedUUID","JsonExtendedData","LabCode","LabName","ModifiedDate","ModifiedUUID") 
VALUES(2,FALSE,'01/18/2017 22:57:24.813357',E'UBPTEYDIOFWITVTGSR',NULL,E'BSHZRRIUFTPRMTF',E'HXVJIMRDNNQU','01/29/2017 05:40:42.036943',E'MYMMZXTLQ');
INSERT INTO "public"."Lab"("ID","Active","CreatedDate","CreatedUUID","JsonExtendedData","LabCode","LabName","ModifiedDate","ModifiedUUID") 
VALUES(3,TRUE,'02/11/2017 21:49:39.492535',E'OAGBZTBHSK',NULL,E'JHTSFAWUZLGRHTVWOECROQCS',E'QRMJOYTZSERNAPBFQQPPSMVIM','02/28/2017 09:15:34.587829',E'XGRAVS');
INSERT INTO "public"."Lab"("ID","Active","CreatedDate","CreatedUUID","JsonExtendedData","LabCode","LabName","ModifiedDate","ModifiedUUID") 
VALUES(4,TRUE,'01/27/2017 00:17:22.166044',E'HRBWEIYQM',NULL,E'UYPBNBTQHP',E'IBQFLFIAFJVSTXWQOPWG','03/06/2017 13:40:13.437831',E'NUMQN');
INSERT INTO "public"."Lab"("ID","Active","CreatedDate","CreatedUUID","JsonExtendedData","LabCode","LabName","ModifiedDate","ModifiedUUID") 
VALUES(5,FALSE,'01/22/2017 14:11:48.915517',E'ACFRQIINWCWUVRORAASM',NULL,E'EYSHFJTGRMNNOFBZWIYHZLGA',E'HIVXGKKARFHXKTYHPAJ','02/22/2017 00:27:13.368701',E'EJVGFVNLGKGPV');
INSERT INTO "public"."Lab"("ID","Active","CreatedDate","CreatedUUID","JsonExtendedData","LabCode","LabName","ModifiedDate","ModifiedUUID") 
VALUES(6,FALSE,'01/21/2017 16:27:48.460070',E'IJORVGTELM',NULL,E'RTEGVLX',E'KPZAGQGO','02/19/2017 23:45:59.579955',E'KBOLGPCQTNFIRI');
INSERT INTO "public"."Lab"("ID","Active","CreatedDate","CreatedUUID","JsonExtendedData","LabCode","LabName","ModifiedDate","ModifiedUUID") 
VALUES(7,TRUE,'01/21/2017 07:32:55.914217',E'KJFIXYFGXWQBABL',NULL,E'DCLLOKLQLWJYNOZLCAXZWFG',E'JHJPEINKSFPYICZHST','01/23/2017 05:49:57.072914',E'NBRNZIZPLAOFHZCPJ');
INSERT INTO "public"."Lab"("ID","Active","CreatedDate","CreatedUUID","JsonExtendedData","LabCode","LabName","ModifiedDate","ModifiedUUID") 
VALUES(8,TRUE,'03/13/2017 12:31:19.541091',E'WIKJKB',NULL,E'PHQAXZ',E'NMNEBQTKWGLJCELWDEILMPNEE','03/17/2017 10:05:12.007784',E'OHNHNYXXFIFUUQJTAOARM');
INSERT INTO "public"."Lab"("ID","Active","CreatedDate","CreatedUUID","JsonExtendedData","LabCode","LabName","ModifiedDate","ModifiedUUID") 
VALUES(9,FALSE,'02/03/2017 11:33:34.351018',E'TLTLHE',NULL,E'EEYGTJHDJHBIQPMKNV',E'YWUFIXAHNXJOXSZUHPVZJ','03/10/2017 20:11:48.985263',E'DEKWGZLJVDAGVQHFBFIDIUAE');
INSERT INTO "public"."Lab"("ID","Active","CreatedDate","CreatedUUID","JsonExtendedData","LabCode","LabName","ModifiedDate","ModifiedUUID") 
VALUES(10,TRUE,'02/10/2017 08:21:37.258101',E'MTZLLRA',NULL,E'DLLJNRBK',E'HFTZXFTPLGYJFIPHMEMA','03/18/2017 11:15:32.431219',E'GRIRPLGUNBNDRDGFTPNPYUEU');
INSERT INTO "public"."Lab"("ID","Active","CreatedDate","CreatedUUID","JsonExtendedData","LabCode","LabName","ModifiedDate","ModifiedUUID") 
VALUES(11,TRUE,'02/22/2017 19:25:35.592993',E'AWZFHPCQNTWIUNHCYKMJFHZ',NULL,E'CLZWOREEMHUIN',E'BEDFLMPMF','01/27/2017 17:20:56.605484',E'MXQJABY');
INSERT INTO "public"."Lab"("ID","Active","CreatedDate","CreatedUUID","JsonExtendedData","LabCode","LabName","ModifiedDate","ModifiedUUID") 
VALUES(12,TRUE,'03/12/2017 19:43:13.341749',E'OUGWLGMKCRWJVEWZRSXWAIC',NULL,E'QABPKJADF',E'ZQCJQTVAVBQLUUUDJKSXIUTB','01/24/2017 06:43:51.096409',E'DMKYHMSKFKHTAIJQ');
INSERT INTO "public"."Lab"("ID","Active","CreatedDate","CreatedUUID","JsonExtendedData","LabCode","LabName","ModifiedDate","ModifiedUUID") 
VALUES(13,FALSE,'02/11/2017 10:07:30.025851',E'IAXEZFRGCVBBRKYETJVV',NULL,E'YYJLUJNJCXOFG',E'OKOAOJFWFTLGEUY','02/15/2017 06:17:04.955885',E'HRDWNSQJFTPJPOJRVZSD');
INSERT INTO "public"."Lab"("ID","Active","CreatedDate","CreatedUUID","JsonExtendedData","LabCode","LabName","ModifiedDate","ModifiedUUID") 
VALUES(14,TRUE,'03/08/2017 20:53:20.624589',E'DVBWLA',NULL,E'BNPXLBV',E'VPZDZLXDKLHSGAKWVIBE','01/25/2017 08:37:33.515795',E'BNKMQWFU');
INSERT INTO "public"."Lab"("ID","Active","CreatedDate","CreatedUUID","JsonExtendedData","LabCode","LabName","ModifiedDate","ModifiedUUID") 
VALUES(15,TRUE,'01/27/2017 18:11:35.854639',E'NSWOQULKT',NULL,E'VZLQLQGRHRDSIABGBYPISUJG',E'VFFZGUGCBNSVWL','03/16/2017 13:08:45.169273',E'BOWDOFYJBWXORVESC');
INSERT INTO "public"."Lab"("ID","Active","CreatedDate","CreatedUUID","JsonExtendedData","LabCode","LabName","ModifiedDate","ModifiedUUID") 
VALUES(16,TRUE,'02/10/2017 18:33:34.364245',E'RYIZO',NULL,E'WNLGJNRIYTLZG',E'RYTQGNJOUYNYMP','01/19/2017 11:07:09.511795',E'QEICEUKMOKLTCDALCXGZ');
INSERT INTO "public"."Lab"("ID","Active","CreatedDate","CreatedUUID","JsonExtendedData","LabCode","LabName","ModifiedDate","ModifiedUUID") 
VALUES(17,FALSE,'01/30/2017 18:15:49.316320',E'FHRFL',NULL,E'FFEGGHFFBOS',E'IUFQDWEWHJHZDNHYVKZISWOPN','03/01/2017 00:01:26.115289',E'KKDUOXCG');
INSERT INTO "public"."Lab"("ID","Active","CreatedDate","CreatedUUID","JsonExtendedData","LabCode","LabName","ModifiedDate","ModifiedUUID") 
VALUES(18,TRUE,'02/18/2017 12:45:44.583851',E'MJWVOJZYUUG',NULL,E'YFSLMTOVCFOLAVBITD',E'AGFHYKOPQLGBJKONOK','02/23/2017 14:57:14.499047',E'LNOHBEZTDPVAEVC');
INSERT INTO "public"."Lab"("ID","Active","CreatedDate","CreatedUUID","JsonExtendedData","LabCode","LabName","ModifiedDate","ModifiedUUID") 
VALUES(19,TRUE,'02/03/2017 10:34:02.588421',E'DKKQQNDPN',NULL,E'WIFVWEVDCGRBKS',E'PSTQRQGQ','03/04/2017 22:25:38.727411',E'EJISQWGZ');
INSERT INTO "public"."Lab"("ID","Active","CreatedDate","CreatedUUID","JsonExtendedData","LabCode","LabName","ModifiedDate","ModifiedUUID") 
VALUES(20,TRUE,'03/18/2017 19:13:40.334194',E'KKISWJMJJDXVJHVRVLGUW',NULL,E'FPBAH',E'XEHZLXLDUJRNXZ','01/26/2017 22:13:59.773257',E'NYRVRQRLNFCKSELBGVHYSSGGT');
INSERT INTO "public"."Lab"("ID","Active","CreatedDate","CreatedUUID","JsonExtendedData","LabCode","LabName","ModifiedDate","ModifiedUUID") 
VALUES(21,TRUE,'02/21/2017 20:06:38.338079',E'ORMLRRVVIO',NULL,E'DXDXCUXGNVEPUTYX',E'YEVPDNFEVDQJVQKOOZS','03/17/2017 16:03:01.376965',E'JRVBPGOURCNAAL');
INSERT INTO "public"."Lab"("ID","Active","CreatedDate","CreatedUUID","JsonExtendedData","LabCode","LabName","ModifiedDate","ModifiedUUID") 
VALUES(22,TRUE,'03/06/2017 07:04:00.045322',E'OGPEQKHTXQWIWWARQGENGALLW',NULL,E'WYFCYKS',E'MABEQGLU','02/11/2017 17:41:19.037944',E'YYMRINOHWOZSWQRBKF');
INSERT INTO "public"."Lab"("ID","Active","CreatedDate","CreatedUUID","JsonExtendedData","LabCode","LabName","ModifiedDate","ModifiedUUID") 
VALUES(23,FALSE,'01/30/2017 20:42:07.892415',E'BHIHFVUSLAKFWAMHTJIFET',NULL,E'ISWRYZNBLVCUNQVTGE',E'IEMBQJGFMKDXXUVXOCX','02/27/2017 02:47:34.675071',E'FNHEPUKXANGHRKZHUNMSOEPF');
INSERT INTO "public"."Lab"("ID","Active","CreatedDate","CreatedUUID","JsonExtendedData","LabCode","LabName","ModifiedDate","ModifiedUUID") 
VALUES(24,FALSE,'03/18/2017 13:36:20.169563',E'HSMXJ',NULL,E'KPSJTUHVVNNSAVENIYYBYZ',E'JOURZDQFMFH','01/24/2017 00:48:42.184352',E'LYMRBKGEZNXFMIB');
INSERT INTO "public"."Lab"("ID","Active","CreatedDate","CreatedUUID","JsonExtendedData","LabCode","LabName","ModifiedDate","ModifiedUUID") 
VALUES(25,FALSE,'03/02/2017 01:56:11.385115',E'RIJFZPXCOHKJJD',NULL,E'UFILVSTROTJYPEUNEYW',E'LPREJZ','02/02/2017 05:47:37.764478',E'RPWOZRCYKGZPBZDBFXJIAZMY');
INSERT INTO "public"."Lab"("ID","Active","CreatedDate","CreatedUUID","JsonExtendedData","LabCode","LabName","ModifiedDate","ModifiedUUID") 
VALUES(26,TRUE,'02/10/2017 09:47:37.117592',E'JULGKJWGQKLWSOOYSWZRQCCP',NULL,E'RAUFMMCRFVFB',E'FIRLWMLIXO','02/01/2017 04:30:40.884579',E'MRRSC');
INSERT INTO "public"."Lab"("ID","Active","CreatedDate","CreatedUUID","JsonExtendedData","LabCode","LabName","ModifiedDate","ModifiedUUID") 
VALUES(27,TRUE,'02/04/2017 05:06:39.775425',E'RJFQMKMYYTUCZUGDUEIFV',NULL,E'ZBSUVQEFRMGTCRJKMG',E'IRLMIJYAXAUDQRMHQR','02/23/2017 05:57:50.098060',E'TCZRUWFTLEIOSDTJOGSCJDPX');
INSERT INTO "public"."Lab"("ID","Active","CreatedDate","CreatedUUID","JsonExtendedData","LabCode","LabName","ModifiedDate","ModifiedUUID") 
VALUES(28,FALSE,'02/22/2017 06:17:35.571667',E'ZKFPBSJBZMVIQDJKSUGUVJWFG',NULL,E'ZFCEZOKNVCOJUJELFC',E'SRFAFJLWMQGMQB','01/22/2017 15:29:50.362333',E'LODRE');
INSERT INTO "public"."Lab"("ID","Active","CreatedDate","CreatedUUID","JsonExtendedData","LabCode","LabName","ModifiedDate","ModifiedUUID") 
VALUES(29,FALSE,'01/27/2017 15:23:50.195939',E'XGJGDRAVYNEJ',NULL,E'BBIUDLGBMJNJYW',E'IVSDEEGAY','03/17/2017 21:34:58.214530',E'WQYQUZUCFZFOUFIMGYFSIYL');
INSERT INTO "public"."Lab"("ID","Active","CreatedDate","CreatedUUID","JsonExtendedData","LabCode","LabName","ModifiedDate","ModifiedUUID") 
VALUES(30,TRUE,'03/10/2017 08:40:24.121760',E'UEHDXMABQBJACBDGYDCUPINB',NULL,E'LWSDRHHMHPT',E'GXQPAEQNDUGRNYRHT','01/20/2017 22:55:00.440702',E'KPDRALDZUZILLDUHR');
INSERT INTO "public"."Lab"("ID","Active","CreatedDate","CreatedUUID","JsonExtendedData","LabCode","LabName","ModifiedDate","ModifiedUUID") 
VALUES(31,FALSE,'02/07/2017 04:37:37.090382',E'IXZQFACVALRPYHAGBDSATPMC',NULL,E'AZDIPDAWAIGLVK',E'SSSAGXOUJWHGZCLZYBQBPGVP','01/26/2017 20:24:55.888224',E'PTYHYVCR');
INSERT INTO "public"."Lab"("ID","Active","CreatedDate","CreatedUUID","JsonExtendedData","LabCode","LabName","ModifiedDate","ModifiedUUID") 
VALUES(32,FALSE,'02/22/2017 03:28:52.293413',E'MKDOHRZWYVSFKHYRNPAO',NULL,E'DWNYZZNUOJLLACI',E'EEVXCCIVSWDKWRTOD','03/13/2017 09:36:43.310564',E'YKCWINOBUPFTLSYQSBTMITCEZ');
INSERT INTO "public"."Lab"("ID","Active","CreatedDate","CreatedUUID","JsonExtendedData","LabCode","LabName","ModifiedDate","ModifiedUUID") 
VALUES(33,FALSE,'01/31/2017 22:11:45.453906',E'HGEMLIVORMWAKYMLRBSHV',NULL,E'STITWXREYXIJ',E'XLPRUXGASKDWCLNTXDGTY','02/11/2017 17:54:24.074541',E'QJTEAPNSEMACPJCB');
INSERT INTO "public"."Lab"("ID","Active","CreatedDate","CreatedUUID","JsonExtendedData","LabCode","LabName","ModifiedDate","ModifiedUUID") 
VALUES(34,TRUE,'03/14/2017 23:14:12.380601',E'RDRIKJUNMRQ',NULL,E'RPFZPRWFCFAHUZYGPZI',E'UTFJJAK','03/08/2017 04:18:12.042860',E'DEKQPNEDOVBTS');
INSERT INTO "public"."Lab"("ID","Active","CreatedDate","CreatedUUID","JsonExtendedData","LabCode","LabName","ModifiedDate","ModifiedUUID") 
VALUES(35,FALSE,'02/02/2017 14:07:25.640703',E'XUGOYZUUHMFD',NULL,E'PIPVIYEM',E'QHRCTVDQICQ','01/27/2017 21:05:12.995167',E'MLUFLVQAHLMLGTSQYJKK');
INSERT INTO "public"."Lab"("ID","Active","CreatedDate","CreatedUUID","JsonExtendedData","LabCode","LabName","ModifiedDate","ModifiedUUID") 
VALUES(36,TRUE,'02/23/2017 11:24:17.579699',E'LYVSXJ',NULL,E'YTQCIWAUXRCNOOYGODJBZ',E'QGJMWAYYLEOOWQSN','02/04/2017 00:15:52.537416',E'NIMNCOOS');
INSERT INTO "public"."Lab"("ID","Active","CreatedDate","CreatedUUID","JsonExtendedData","LabCode","LabName","ModifiedDate","ModifiedUUID") 
VALUES(37,FALSE,'01/26/2017 09:43:18.648548',E'IFJOOSEESMDHV',NULL,E'EPFTA',E'ULMZHEKUQBEWFXVLP','03/06/2017 16:19:31.239138',E'QGAXCLNCVGXUYBVVPX');
INSERT INTO "public"."Lab"("ID","Active","CreatedDate","CreatedUUID","JsonExtendedData","LabCode","LabName","ModifiedDate","ModifiedUUID") 
VALUES(38,FALSE,'02/18/2017 00:04:41.679380',E'KZSTDXCE',NULL,E'WCLPOCSIQWTYROODXKHXWKJI',E'SNZGUOBZHCWR','03/04/2017 12:04:14.182746',E'VJUNYKRZMHQYDQQM');
INSERT INTO "public"."Lab"("ID","Active","CreatedDate","CreatedUUID","JsonExtendedData","LabCode","LabName","ModifiedDate","ModifiedUUID") 
VALUES(39,TRUE,'03/09/2017 19:12:08.424096',E'WZPZYYGWIGIZNQJXGPTHUQEG',NULL,E'ZCSBCNGK',E'GRCMUOQUGHYQJV','03/14/2017 12:54:55.474802',E'TXDPCDGXRDE');
INSERT INTO "public"."Lab"("ID","Active","CreatedDate","CreatedUUID","JsonExtendedData","LabCode","LabName","ModifiedDate","ModifiedUUID") 
VALUES(40,TRUE,'02/08/2017 14:20:49.036538',E'ZMNXVLWMBSTWX',NULL,E'CNMVBARXPRICXDEGGQGE',E'RIGDIZS','03/17/2017 18:21:46.887529',E'UJODUU');
INSERT INTO "public"."Lab"("ID","Active","CreatedDate","CreatedUUID","JsonExtendedData","LabCode","LabName","ModifiedDate","ModifiedUUID") 
VALUES(41,TRUE,'02/13/2017 22:55:29.240701',E'YWVRTDGXFDXQMMOTGIBOXK',NULL,E'VUVFLCSSUMMYZBCRCNNVF',E'PVAUTYCGGBJEH','02/19/2017 02:38:39.907324',E'VNGETASDRIIBWOI');
INSERT INTO "public"."Lab"("ID","Active","CreatedDate","CreatedUUID","JsonExtendedData","LabCode","LabName","ModifiedDate","ModifiedUUID") 
VALUES(42,FALSE,'02/23/2017 07:02:13.773587',E'JNPNAOZAPITNDEUPIFTDOJGB',NULL,E'FTFZVVUXHEGXZEJIIX',E'ZQJNIOYW','02/01/2017 05:19:00.034529',E'ZRCFYQKMXJRKLPEL');
INSERT INTO "public"."Lab"("ID","Active","CreatedDate","CreatedUUID","JsonExtendedData","LabCode","LabName","ModifiedDate","ModifiedUUID") 
VALUES(43,TRUE,'02/06/2017 07:17:19.409179',E'MBVFMMZHDNEXNBXDL',NULL,E'GIFJXT',E'OXQWJHFFUPBBFBY','01/26/2017 16:44:02.667397',E'GGCBXMJZWEKLDJDGBNS');
INSERT INTO "public"."Lab"("ID","Active","CreatedDate","CreatedUUID","JsonExtendedData","LabCode","LabName","ModifiedDate","ModifiedUUID") 
VALUES(44,FALSE,'01/18/2017 08:46:33.964788',E'SOMDQQKTMKVBFBLGVMQP',NULL,E'XDVGHQXR',E'KUNNQIBQNSTJ','02/18/2017 10:30:34.576135',E'BHCJBTQWLIVHNFBEGKZQTOJER');
INSERT INTO "public"."Lab"("ID","Active","CreatedDate","CreatedUUID","JsonExtendedData","LabCode","LabName","ModifiedDate","ModifiedUUID") 
VALUES(45,TRUE,'02/03/2017 00:28:48.756232',E'QKAWHKDVREKYEGDV',NULL,E'CDOEBWGBFSZBJEPFF',E'PLVDHVDXDQX','02/19/2017 18:28:15.758712',E'VVQOCICY');
INSERT INTO "public"."Lab"("ID","Active","CreatedDate","CreatedUUID","JsonExtendedData","LabCode","LabName","ModifiedDate","ModifiedUUID") 
VALUES(46,TRUE,'02/14/2017 06:47:50.601617',E'VOEYSCKHZUKMLPDZYWHGQNKG',NULL,E'OXXTCLQI',E'VECJKRGQYHSMVUGJEKYJND','03/18/2017 20:20:39.483401',E'BFMSGYOIMWVHWPBFZSZPMOMLP');
INSERT INTO "public"."Lab"("ID","Active","CreatedDate","CreatedUUID","JsonExtendedData","LabCode","LabName","ModifiedDate","ModifiedUUID") 
VALUES(47,TRUE,'02/23/2017 10:38:57.281157',E'KRKGYZRPPXDSDZCGIS',NULL,E'TSELUMTZAUTG',E'SZXXDSOEANEOKNPKTWJADSX','03/01/2017 10:44:30.061726',E'PQMNUSRTY');
INSERT INTO "public"."Lab"("ID","Active","CreatedDate","CreatedUUID","JsonExtendedData","LabCode","LabName","ModifiedDate","ModifiedUUID") 
VALUES(48,FALSE,'03/13/2017 21:14:25.477583',E'AHOIOMDNKPBOTNGKZGSB',NULL,E'CTPZLCRHPTJGAJBQKVIUVGFGY',E'HGPOUOAOYYQBDPNLMILFNFJAB','01/29/2017 03:24:35.979118',E'OTNSKNVEGVEOCGPP');
INSERT INTO "public"."Lab"("ID","Active","CreatedDate","CreatedUUID","JsonExtendedData","LabCode","LabName","ModifiedDate","ModifiedUUID") 
VALUES(49,TRUE,'02/16/2017 11:03:07.530794',E'NTZPXQZRTJAK',NULL,E'DFMATEDMWPSIOWCJ',E'OUTFNAZ','01/30/2017 16:40:20.836620',E'HFYUPF');
INSERT INTO "public"."Lab"("ID","Active","CreatedDate","CreatedUUID","JsonExtendedData","LabCode","LabName","ModifiedDate","ModifiedUUID") 
VALUES(50,FALSE,'02/01/2017 23:57:45.705226',E'LEPRFRT',NULL,E'UJRBKJ',E'OYZCNSORQYQVEZWNZ','02/07/2017 20:49:10.545963',E'HTEAMCSTMKKFRUK');
INSERT INTO "public"."Lab"("ID","Active","CreatedDate","CreatedUUID","JsonExtendedData","LabCode","LabName","ModifiedDate","ModifiedUUID") 
VALUES(51,TRUE,'01/29/2017 16:39:09.579751',E'LRDNYBRLEABIIP',NULL,E'HAUJRRD',E'WNDGKRHNQQXYGJXXB','01/27/2017 22:35:34.064931',E'FDRPBUDRIVMIFHNDGZMXVHWCR');
INSERT INTO "public"."Lab"("ID","Active","CreatedDate","CreatedUUID","JsonExtendedData","LabCode","LabName","ModifiedDate","ModifiedUUID") 
VALUES(52,TRUE,'02/17/2017 07:31:18.035990',E'NYADZDDFI',NULL,E'OHWGZSKVTICIHNNYDEMOES',E'FANHJTXDJ','02/03/2017 18:57:09.113244',E'MDMRVZIJH');
INSERT INTO "public"."Lab"("ID","Active","CreatedDate","CreatedUUID","JsonExtendedData","LabCode","LabName","ModifiedDate","ModifiedUUID") 
VALUES(53,TRUE,'02/23/2017 17:41:58.130217',E'GCGOUPUEWFIMNONFRQW',NULL,E'QLJPHXYHXRRDVAG',E'ZKZYEAG','03/09/2017 07:14:35.356966',E'WQVSEBPJVDFKDUAQHJJIBYRNU');
INSERT INTO "public"."Lab"("ID","Active","CreatedDate","CreatedUUID","JsonExtendedData","LabCode","LabName","ModifiedDate","ModifiedUUID") 
VALUES(54,FALSE,'02/26/2017 22:18:54.473949',E'WIQJCBQI',NULL,E'CIEWUKQEM',E'QCYGEBMRRQQHNJGW','02/08/2017 12:55:24.608389',E'IZBVRXBQATXTWABXJV');
INSERT INTO "public"."Lab"("ID","Active","CreatedDate","CreatedUUID","JsonExtendedData","LabCode","LabName","ModifiedDate","ModifiedUUID") 
VALUES(55,TRUE,'03/18/2017 02:09:21.488395',E'ZTFZMRDOJEGXZBVHEM',NULL,E'IJXVDNRXHFNLFD',E'LOWMVBBLBMPWJIBGBXHGDYS','02/08/2017 21:24:33.542319',E'SEKAZGRXNKSIAAXHPUDEMQJ');
INSERT INTO "public"."Lab"("ID","Active","CreatedDate","CreatedUUID","JsonExtendedData","LabCode","LabName","ModifiedDate","ModifiedUUID") 
VALUES(56,FALSE,'03/12/2017 09:42:20.902937',E'TZIKOXLPUXTDWNUA',NULL,E'LKYXQ',E'EDGGFMBSFIZKWYRI','03/11/2017 21:20:45.593667',E'KCTBHZFMGOXJJZGUQCHQGULV');
INSERT INTO "public"."Lab"("ID","Active","CreatedDate","CreatedUUID","JsonExtendedData","LabCode","LabName","ModifiedDate","ModifiedUUID") 
VALUES(57,TRUE,'01/27/2017 20:17:13.951295',E'TSZGMPTOTYVZIZIX',NULL,E'YXEPJJKVMEPPHWSRF',E'QVKLKNTHZCQETM','02/04/2017 04:40:35.948245',E'GASOVFZDGK');
INSERT INTO "public"."Lab"("ID","Active","CreatedDate","CreatedUUID","JsonExtendedData","LabCode","LabName","ModifiedDate","ModifiedUUID") 
VALUES(58,TRUE,'02/20/2017 04:24:34.710018',E'MKIVSO',NULL,E'BUBNO',E'YAAAYEOIZVMSGQSVRGNJTY','03/07/2017 04:02:32.971605',E'BMSATUTJX');
INSERT INTO "public"."Lab"("ID","Active","CreatedDate","CreatedUUID","JsonExtendedData","LabCode","LabName","ModifiedDate","ModifiedUUID") 
VALUES(59,TRUE,'02/11/2017 21:02:43.237088',E'XFESJLXSVDPCMHHBQMUHPFOF',NULL,E'AYKWQEKIRFM',E'OCAXOGSMVOXULDJAQYXUKSS','03/14/2017 08:31:00.472114',E'QTQPRUKE');
INSERT INTO "public"."Lab"("ID","Active","CreatedDate","CreatedUUID","JsonExtendedData","LabCode","LabName","ModifiedDate","ModifiedUUID") 
VALUES(60,TRUE,'03/14/2017 03:32:26.565596',E'MRKSAZATTRLLQGNNM',NULL,E'XSGQN',E'VRIUWHZMRZUKIFOVZFEQOE','03/08/2017 10:29:03.702764',E'RGCIYZHP');
INSERT INTO "public"."Lab"("ID","Active","CreatedDate","CreatedUUID","JsonExtendedData","LabCode","LabName","ModifiedDate","ModifiedUUID") 
VALUES(61,FALSE,'02/05/2017 22:49:28.891734',E'TEYMPQSLTTWJWSPPMSEW',NULL,E'KYOAUNXNYHQXII',E'PMMEMIQCWJ','03/10/2017 03:26:57.099702',E'GFGQPEHXQYQRXRHUFGJPJHGA');
INSERT INTO "public"."Lab"("ID","Active","CreatedDate","CreatedUUID","JsonExtendedData","LabCode","LabName","ModifiedDate","ModifiedUUID") 
VALUES(62,TRUE,'02/15/2017 11:03:36.253848',E'XPQVRDGNQNDXHLSFJEVYYM',NULL,E'KNTBPNORLASNPQJCYYVZZHE',E'YYSAABHKNNA','02/14/2017 16:29:20.670622',E'ICDZSNVSCB');
INSERT INTO "public"."Lab"("ID","Active","CreatedDate","CreatedUUID","JsonExtendedData","LabCode","LabName","ModifiedDate","ModifiedUUID") 
VALUES(63,TRUE,'02/09/2017 19:08:04.715784',E'FLGCZMJS',NULL,E'PTEOZSLWMMOFTVFQ',E'DCCAHYETUEWTBI','01/19/2017 21:00:52.909078',E'EBORRYUDZSA');
INSERT INTO "public"."Lab"("ID","Active","CreatedDate","CreatedUUID","JsonExtendedData","LabCode","LabName","ModifiedDate","ModifiedUUID") 
VALUES(64,TRUE,'02/12/2017 13:02:41.214058',E'HXSNTPUAEW',NULL,E'RMALZCAVDGDSHW',E'VJGXFVXULOUCZDSGFWBZZFZUX','02/02/2017 05:39:04.772540',E'AFPIUBKUDBWAPFZ');
INSERT INTO "public"."Lab"("ID","Active","CreatedDate","CreatedUUID","JsonExtendedData","LabCode","LabName","ModifiedDate","ModifiedUUID") 
VALUES(65,FALSE,'03/08/2017 00:01:47.538861',E'HDWSCUKAFL',NULL,E'WYJWTUSY',E'OFJRYESIWOYURV','03/09/2017 16:17:30.018004',E'SBZUL');
INSERT INTO "public"."Lab"("ID","Active","CreatedDate","CreatedUUID","JsonExtendedData","LabCode","LabName","ModifiedDate","ModifiedUUID") 
VALUES(66,TRUE,'02/26/2017 11:34:52.170536',E'AVSOQFJNWZNNJVKEDUZ',NULL,E'TJPRK',E'JYMRGZLTEKXH','02/03/2017 08:25:11.000684',E'FXTZMDBLMTFCWKRKYTFYKRKK');
INSERT INTO "public"."Lab"("ID","Active","CreatedDate","CreatedUUID","JsonExtendedData","LabCode","LabName","ModifiedDate","ModifiedUUID") 
VALUES(67,FALSE,'01/22/2017 00:50:44.395289',E'UBRLUKHWRDU',NULL,E'BQUILTGVFFBHEOK',E'WTQGEVVMZHTUALMEBN','03/03/2017 16:14:55.338900',E'LKTZWOAUYMEXIVQD');
INSERT INTO "public"."Lab"("ID","Active","CreatedDate","CreatedUUID","JsonExtendedData","LabCode","LabName","ModifiedDate","ModifiedUUID") 
VALUES(68,TRUE,'03/11/2017 20:25:08.279878',E'WRKVVWNEPCPP',NULL,E'EOZIENWOUIAXBGVOEHXDK',E'UBRGASAMMTVPYETGTH','03/09/2017 23:24:40.099360',E'CJTTJEEEFHW');
INSERT INTO "public"."Lab"("ID","Active","CreatedDate","CreatedUUID","JsonExtendedData","LabCode","LabName","ModifiedDate","ModifiedUUID") 
VALUES(69,FALSE,'01/19/2017 12:08:48.614302',E'ULAUOIEAEARHNYLYE',NULL,E'GXHVSXKRJMXCS',E'MRIDTMZLCCLKNHTNLFRVI','03/09/2017 02:46:23.008380',E'NCTUYAUXCOSJMPGNC');
INSERT INTO "public"."Lab"("ID","Active","CreatedDate","CreatedUUID","JsonExtendedData","LabCode","LabName","ModifiedDate","ModifiedUUID") 
VALUES(70,FALSE,'02/04/2017 13:57:02.642260',E'SXJPBJET',NULL,E'PUNWKBGAQNCBTGCWQXYFDE',E'GHJRUVHXFLWWK','01/24/2017 10:37:52.064179',E'APLNVHMDWWKNTHRSANRYSYTU');
INSERT INTO "public"."Lab"("ID","Active","CreatedDate","CreatedUUID","JsonExtendedData","LabCode","LabName","ModifiedDate","ModifiedUUID") 
VALUES(71,FALSE,'01/22/2017 20:46:30.473141',E'HSUESDDCSQHBNHFWBMSJWOCKG',NULL,E'VPOYXLVMYAFAP',E'FHBDUPDABTTIKLP','03/06/2017 21:45:55.885234',E'JNDBT');
INSERT INTO "public"."Lab"("ID","Active","CreatedDate","CreatedUUID","JsonExtendedData","LabCode","LabName","ModifiedDate","ModifiedUUID") 
VALUES(72,TRUE,'01/25/2017 15:12:22.368094',E'AIMAEPKZ',NULL,E'HUUVISXOMRGUNBZFYEDPCYND',E'CAUPLPOYSZKWBZ','03/02/2017 10:22:45.254982',E'EYCXLDA');
INSERT INTO "public"."Lab"("ID","Active","CreatedDate","CreatedUUID","JsonExtendedData","LabCode","LabName","ModifiedDate","ModifiedUUID") 
VALUES(73,FALSE,'02/27/2017 10:37:03.833838',E'OTUOO',NULL,E'ZPLNJKP',E'RABXPANJFRVKRUDVFHQV','03/12/2017 16:26:55.586879',E'DFBRJUXHQGOBGYKGHYA');
INSERT INTO "public"."Lab"("ID","Active","CreatedDate","CreatedUUID","JsonExtendedData","LabCode","LabName","ModifiedDate","ModifiedUUID") 
VALUES(74,FALSE,'03/13/2017 17:26:01.413357',E'ITWXBYYIGZR',NULL,E'GCEVUVQRI',E'FQQQHLRIAWLPUW','03/11/2017 11:36:36.266386',E'YVBGSISPSQEIVVG');
INSERT INTO "public"."Lab"("ID","Active","CreatedDate","CreatedUUID","JsonExtendedData","LabCode","LabName","ModifiedDate","ModifiedUUID") 
VALUES(75,FALSE,'02/16/2017 02:02:27.634449',E'TIROVYGKTAQAAZTZIMEVV',NULL,E'HFJUTYCYFLDPM',E'MRBVQXEHR','03/11/2017 20:07:48.928251',E'TPPFSDIZSVCBDQEDALUDOH');
INSERT INTO "public"."Lab"("ID","Active","CreatedDate","CreatedUUID","JsonExtendedData","LabCode","LabName","ModifiedDate","ModifiedUUID") 
VALUES(76,TRUE,'02/03/2017 22:53:42.457453',E'GPBPUHM',NULL,E'VZCHJL',E'CTZOAHRYCKDDG','02/21/2017 16:01:04.390427',E'MEWAYLPGIJRMOOIFUBMFY');
INSERT INTO "public"."Lab"("ID","Active","CreatedDate","CreatedUUID","JsonExtendedData","LabCode","LabName","ModifiedDate","ModifiedUUID") 
VALUES(77,FALSE,'02/17/2017 21:00:23.791030',E'WLBBRYGFFFAOFGDYMXGBL',NULL,E'XKMCPYD',E'OSZYPUAUUNWKRCYYLQHJORJZ','02/08/2017 04:28:46.228755',E'SYNXKZBPRAYZ');
INSERT INTO "public"."Lab"("ID","Active","CreatedDate","CreatedUUID","JsonExtendedData","LabCode","LabName","ModifiedDate","ModifiedUUID") 
VALUES(78,FALSE,'01/25/2017 01:42:29.348430',E'OUGGDBGFPRKCBLVUYY',NULL,E'QMVZLNRNFEVZSP',E'CGYVVJR','01/26/2017 08:51:31.718061',E'VMHHSEPWEIQQKYWWTXPVUHZMU');
INSERT INTO "public"."Lab"("ID","Active","CreatedDate","CreatedUUID","JsonExtendedData","LabCode","LabName","ModifiedDate","ModifiedUUID") 
VALUES(79,FALSE,'03/12/2017 06:20:01.699675',E'FDCPVNPRLSCQM',NULL,E'DHRPAYDBYORW',E'ZMIKNLEROV','02/08/2017 16:46:55.138888',E'IUOQC');
INSERT INTO "public"."Lab"("ID","Active","CreatedDate","CreatedUUID","JsonExtendedData","LabCode","LabName","ModifiedDate","ModifiedUUID") 
VALUES(80,FALSE,'03/09/2017 05:12:46.905021',E'KBDESJETLKLIBGAKA',NULL,E'UOTBYNLKZASHLYTFYKJWGXF',E'SRXIWYVPEAGYOTLOSSBX','02/28/2017 06:07:05.579513',E'MZFSTKAGWJJQH');
INSERT INTO "public"."Lab"("ID","Active","CreatedDate","CreatedUUID","JsonExtendedData","LabCode","LabName","ModifiedDate","ModifiedUUID") 
VALUES(81,TRUE,'01/22/2017 12:22:35.039156',E'GWZBGHMJSKSICM',NULL,E'SUGFFDFDDEHFYWGJNZVYEKL',E'MYKRPCH','02/28/2017 16:06:50.207746',E'YJTKKSQWXVTJZHUNX');
INSERT INTO "public"."Lab"("ID","Active","CreatedDate","CreatedUUID","JsonExtendedData","LabCode","LabName","ModifiedDate","ModifiedUUID") 
VALUES(82,FALSE,'01/21/2017 07:29:55.077939',E'LSODZRTKJOCA',NULL,E'EDOIAVGJOXGWLEIDS',E'IHNXRFPUV','02/28/2017 17:59:28.306261',E'FIHFLUXBPLHGKVY');
INSERT INTO "public"."Lab"("ID","Active","CreatedDate","CreatedUUID","JsonExtendedData","LabCode","LabName","ModifiedDate","ModifiedUUID") 
VALUES(83,FALSE,'01/30/2017 00:06:55.220845',E'EDMQOXSGXPNITGNZ',NULL,E'LKRLRHONSDWPADY',E'FKYWNAJ','02/01/2017 06:15:51.470440',E'CSYBP');
INSERT INTO "public"."Lab"("ID","Active","CreatedDate","CreatedUUID","JsonExtendedData","LabCode","LabName","ModifiedDate","ModifiedUUID") 
VALUES(84,TRUE,'01/28/2017 03:33:23.775242',E'EUIXQSGCROQSDHIKFGJQIJWEJ',NULL,E'FTYFGYGZUXBPWEEDRU',E'ZDLXKVKCHKNBSF','02/02/2017 02:18:39.307069',E'JXOZCVHYQLKRX');
INSERT INTO "public"."Lab"("ID","Active","CreatedDate","CreatedUUID","JsonExtendedData","LabCode","LabName","ModifiedDate","ModifiedUUID") 
VALUES(85,TRUE,'02/28/2017 22:22:40.892696',E'RCBQTQCYDBLTGKYRJUNHPM',NULL,E'ZZMUQQJBTHIT',E'YIWOTOUTVKKDOCAONIUUJKJR','02/20/2017 09:19:56.394458',E'ZQNUEXGWGAFIGQM');
INSERT INTO "public"."Lab"("ID","Active","CreatedDate","CreatedUUID","JsonExtendedData","LabCode","LabName","ModifiedDate","ModifiedUUID") 
VALUES(86,FALSE,'02/02/2017 19:17:29.736096',E'FAXMWGXTADFBSCCU',NULL,E'LFPEEUXNPZQXRPBXTDFVFYG',E'WBKYS','03/01/2017 09:11:06.972282',E'GXZGZKCZSFLMDSAMMSKZF');
INSERT INTO "public"."Lab"("ID","Active","CreatedDate","CreatedUUID","JsonExtendedData","LabCode","LabName","ModifiedDate","ModifiedUUID") 
VALUES(87,FALSE,'01/24/2017 05:20:32.557488',E'NNLWHKHQBYKYGQKND',NULL,E'VYCTKKPSUWIWLXQLOHPPWDQH',E'AUQXMCRJZWZXDKZYLVUDLWIDQ','03/17/2017 06:02:10.549515',E'XWXMFJCDWIDY');
INSERT INTO "public"."Lab"("ID","Active","CreatedDate","CreatedUUID","JsonExtendedData","LabCode","LabName","ModifiedDate","ModifiedUUID") 
VALUES(88,TRUE,'02/10/2017 13:15:11.143653',E'VHLABGQFATPJAEWUS',NULL,E'LRFTPLLKTVZJHYSPXR',E'YVCJSV','02/16/2017 04:44:22.281511',E'HIXKWYTBCODDCYWLBQB');
INSERT INTO "public"."Lab"("ID","Active","CreatedDate","CreatedUUID","JsonExtendedData","LabCode","LabName","ModifiedDate","ModifiedUUID") 
VALUES(89,TRUE,'02/04/2017 09:41:45.069083',E'GBDRUWNQEOREGLZU',NULL,E'EBSGDEBLYACFTLIWU',E'LKTHWEVFWWVJEZQQVOLVANNB','01/24/2017 17:39:22.627412',E'UMHSDWGKGWYAYKJU');
INSERT INTO "public"."Lab"("ID","Active","CreatedDate","CreatedUUID","JsonExtendedData","LabCode","LabName","ModifiedDate","ModifiedUUID") 
VALUES(90,FALSE,'01/31/2017 09:51:16.842209',E'RKZPMRDDWPUQBBWRBPZF',NULL,E'FXFDOEMAUUNFGFWPDJJN',E'ISXTPVYPRTDJXUCELO','01/29/2017 01:12:21.783494',E'ZYRHX');
INSERT INTO "public"."Lab"("ID","Active","CreatedDate","CreatedUUID","JsonExtendedData","LabCode","LabName","ModifiedDate","ModifiedUUID") 
VALUES(91,TRUE,'01/30/2017 07:40:59.226337',E'JVUVVBQUPMJOIDWDPKVL',NULL,E'AZCZZJJKJDRDZVTGVLLKNNLTZ',E'MOUFELZGDJRUXVFCLWF','02/07/2017 23:01:18.481871',E'UNHPSDBMLP');
INSERT INTO "public"."Lab"("ID","Active","CreatedDate","CreatedUUID","JsonExtendedData","LabCode","LabName","ModifiedDate","ModifiedUUID") 
VALUES(92,FALSE,'02/08/2017 09:55:54.509465',E'JCCLQZHUWPFUORVINFRW',NULL,E'VEHAS',E'ALGDS','03/01/2017 19:45:45.302963',E'RNQSRRIEGSQFI');
INSERT INTO "public"."Lab"("ID","Active","CreatedDate","CreatedUUID","JsonExtendedData","LabCode","LabName","ModifiedDate","ModifiedUUID") 
VALUES(93,FALSE,'03/03/2017 10:41:43.295661',E'OXJPKNPYMZWZMAHYIKH',NULL,E'LHNHSTM',E'LRDBTMRZUW','02/16/2017 03:29:32.022134',E'WGOMLRJXSIGLTKHMLSWVINQY');
INSERT INTO "public"."Lab"("ID","Active","CreatedDate","CreatedUUID","JsonExtendedData","LabCode","LabName","ModifiedDate","ModifiedUUID") 
VALUES(94,FALSE,'01/28/2017 04:59:37.248219',E'WBTAKWNSZCLIGUYIPNRPWA',NULL,E'XOPMXNBMFNDKWKXKH',E'JPSPGCT','02/12/2017 13:06:22.686383',E'ZEHBOK');
INSERT INTO "public"."Lab"("ID","Active","CreatedDate","CreatedUUID","JsonExtendedData","LabCode","LabName","ModifiedDate","ModifiedUUID") 
VALUES(95,FALSE,'03/10/2017 13:23:43.720763',E'LWONSIZXXCMGYRZGPXMOYM',NULL,E'SPUJUBS',E'KYDEOSJDHWYD','02/11/2017 05:43:15.392471',E'UNXIQAYMCWMFFRZNGD');
INSERT INTO "public"."Lab"("ID","Active","CreatedDate","CreatedUUID","JsonExtendedData","LabCode","LabName","ModifiedDate","ModifiedUUID") 
VALUES(96,FALSE,'03/11/2017 18:46:11.690368',E'YLCMPLHKAAFSDAXZOIVPCCP',NULL,E'MNMDX',E'BLXPAMLA','01/21/2017 20:38:36.090774',E'OTUWELHRYEPW');
INSERT INTO "public"."Lab"("ID","Active","CreatedDate","CreatedUUID","JsonExtendedData","LabCode","LabName","ModifiedDate","ModifiedUUID") 
VALUES(97,FALSE,'02/08/2017 14:28:49.142104',E'ELLWPAPUPVYXRAGJUG',NULL,E'CILZJ',E'WIGHL','03/07/2017 07:06:52.909473',E'EVFEWXJGLJIHBRAJEURIRSWK');
INSERT INTO "public"."Lab"("ID","Active","CreatedDate","CreatedUUID","JsonExtendedData","LabCode","LabName","ModifiedDate","ModifiedUUID") 
VALUES(98,FALSE,'03/02/2017 00:33:54.773215',E'DDZQFEUFSFUX',NULL,E'ZNGLCXSIUDOGI',E'RCOLXBSD','02/20/2017 04:23:28.872377',E'AWLWAJ');
INSERT INTO "public"."Lab"("ID","Active","CreatedDate","CreatedUUID","JsonExtendedData","LabCode","LabName","ModifiedDate","ModifiedUUID") 
VALUES(99,FALSE,'03/11/2017 06:07:20.462355',E'RWKAPAVXRMZUUUYLWSSOZEWH',NULL,E'SUBEOCYJOSXG',E'VBSQJ','01/26/2017 02:02:42.169160',E'RPSONCDOVSFQZWPLVRMRD');
INSERT INTO "public"."Lab"("ID","Active","CreatedDate","CreatedUUID","JsonExtendedData","LabCode","LabName","ModifiedDate","ModifiedUUID") 
VALUES(100,FALSE,'03/18/2017 06:20:01.960976',E'JRWYHPBTFJZTUMBSZFX',NULL,E'XGUEEPLRTRZLXOQCKPTQKPMXQ',E'VPUCECZXILVQWYXEBCZBX','03/18/2017 20:13:30.554263',E'PBOWHPCY');
COMMIT;

/* Generating data for table public.Patient... */
INSERT INTO "public"."Patient"("ID","Active","CreatedDate","CreatedUUID","DOB","FirstName","JsonExtendedData","LastName","MiddleName","ModifiedDate","ModifiedUUID","SSN") 
VALUES(1,TRUE,'01/27/2017 12:46:43.301067',E'LLUMVBGXYGZJDSB','03/02/2017 18:22:14.533982',E'ZOBJMXLLHMAE',NULL,E'LLXHSFGSJSYFGLSJTID',E'EUVDR','01/21/2017 04:10:20.656430',E'NWIKAQOTWUFORW',E'MSJTKXCPUXZKCREGSLW');
INSERT INTO "public"."Patient"("ID","Active","CreatedDate","CreatedUUID","DOB","FirstName","JsonExtendedData","LastName","MiddleName","ModifiedDate","ModifiedUUID","SSN") 
VALUES(2,TRUE,'03/17/2017 12:49:06.040983',E'IOZMMS','03/06/2017 07:23:19.157741',E'JFUQTKYGHQETDAH',NULL,E'RRHPNUTXEQUGGHUKXTGDIHG',E'RDWZUDTLTVJEOZKQGRZ','02/24/2017 17:57:42.565695',E'NCVJIPHJHICRHCF',E'GJKTQAA');
INSERT INTO "public"."Patient"("ID","Active","CreatedDate","CreatedUUID","DOB","FirstName","JsonExtendedData","LastName","MiddleName","ModifiedDate","ModifiedUUID","SSN") 
VALUES(3,FALSE,'02/21/2017 10:46:14.486080',E'SKXMQYHAICQ','03/16/2017 00:33:03.909167',E'AJDKACSHGNJLXHIGTOELV',NULL,E'JOIUX',E'NBQIBWDTNJXUVXWEPAYPC','02/08/2017 23:54:43.895894',E'ODJTNVLX',E'UVQCKVGYYRTZIDCQQ');
INSERT INTO "public"."Patient"("ID","Active","CreatedDate","CreatedUUID","DOB","FirstName","JsonExtendedData","LastName","MiddleName","ModifiedDate","ModifiedUUID","SSN") 
VALUES(4,TRUE,'01/24/2017 06:04:05.898801',E'OSYBXTFLRZHJ','02/14/2017 07:39:06.493504',E'HIRFPKEOWGGNLAUWSNIGSACVP',NULL,E'HXAPYIHQWBFDOXK',E'WRULOCRPTFKEFXJRMLLUPOLLE','02/12/2017 15:02:06.366483',E'SDCDNTMXX',E'DPLKKUCSZ');
INSERT INTO "public"."Patient"("ID","Active","CreatedDate","CreatedUUID","DOB","FirstName","JsonExtendedData","LastName","MiddleName","ModifiedDate","ModifiedUUID","SSN") 
VALUES(5,FALSE,'02/23/2017 16:15:01.910842',E'FLBDTFWOWOXZS','02/27/2017 02:49:17.000561',E'LXBCMGXDJBTENPJIJGEFO',NULL,E'OKEVSWVZRBCHHR',E'NBWDOBALDSXALQHOK','02/17/2017 12:07:40.949001',E'DNKQZRIEIE',E'LNJSGW');
INSERT INTO "public"."Patient"("ID","Active","CreatedDate","CreatedUUID","DOB","FirstName","JsonExtendedData","LastName","MiddleName","ModifiedDate","ModifiedUUID","SSN") 
VALUES(6,TRUE,'03/05/2017 09:20:54.677233',E'POTYJHAQCWHEQ','02/06/2017 16:38:03.403080',E'CBZILEXZAVPHKAEVEPOJASKM',NULL,E'UIDMDJDC',E'AGKOARSVUC','01/26/2017 01:34:02.984453',E'LDZFWPRGXLIKXTWQXSPVLWJR',E'HJPWRASAJOXKZ');
INSERT INTO "public"."Patient"("ID","Active","CreatedDate","CreatedUUID","DOB","FirstName","JsonExtendedData","LastName","MiddleName","ModifiedDate","ModifiedUUID","SSN") 
VALUES(7,TRUE,'02/24/2017 21:47:50.982752',E'ONDPUSXNLCUVUBXAE','01/26/2017 18:45:10.497557',E'EYBPNRAGZZKPYZ',NULL,E'IKIAQD',E'NXYVFXGKQXVPQULFVRCQAFS','02/21/2017 10:26:48.186989',E'KUHTFSWFOM',E'HSHLJXBFTTMXHZSYE');
INSERT INTO "public"."Patient"("ID","Active","CreatedDate","CreatedUUID","DOB","FirstName","JsonExtendedData","LastName","MiddleName","ModifiedDate","ModifiedUUID","SSN") 
VALUES(8,FALSE,'02/09/2017 08:38:28.620342',E'ZNJLZNFBHYO','03/09/2017 13:40:59.015907',E'HJWHBWOPYQAKSFAGGFRUZY',NULL,E'HOAHYVRMUBEAHQBIGTXMMNM',E'AGOMDWOTZWZV','02/18/2017 17:10:26.043593',E'LNNEHNHVL',E'PBDMLV');
INSERT INTO "public"."Patient"("ID","Active","CreatedDate","CreatedUUID","DOB","FirstName","JsonExtendedData","LastName","MiddleName","ModifiedDate","ModifiedUUID","SSN") 
VALUES(9,TRUE,'03/04/2017 10:46:41.210033',E'SXDTZPKILRJNTXEEKAVPXTJB','02/01/2017 18:48:51.216064',E'ZXTWUJYGJAUDXMXITF',NULL,E'CRYZAQ',E'SRKYARFIXBAJD','02/17/2017 23:31:27.157736',E'OBXFVLWEQIXBH',E'LEHXZBXP');
INSERT INTO "public"."Patient"("ID","Active","CreatedDate","CreatedUUID","DOB","FirstName","JsonExtendedData","LastName","MiddleName","ModifiedDate","ModifiedUUID","SSN") 
VALUES(10,FALSE,'01/19/2017 00:34:03.909157',E'THAFLPERELPSCPAZSXR','01/22/2017 13:48:19.797251',E'TVJNATMZGSMDIXZMFGHY',NULL,E'SFZLUO',E'HOXYTGQLJRNTDCRJVNJ','02/10/2017 15:09:39.475988',E'AQDYEUAYHSMQWEUYPWFOVTXWE',E'VFSTCTIRSQEREWUWOUXZK');
INSERT INTO "public"."Patient"("ID","Active","CreatedDate","CreatedUUID","DOB","FirstName","JsonExtendedData","LastName","MiddleName","ModifiedDate","ModifiedUUID","SSN") 
VALUES(11,TRUE,'01/23/2017 05:28:42.153976',E'IODDIEDTYBHJ','01/29/2017 18:27:34.187416',E'DZBFYKPWOTQEEO',NULL,E'AAIYRCYKBAUNF',E'CLYYWNXZBICPWKJOKKXIAHS','02/17/2017 23:35:54.042839',E'ZYUGMEQ',E'BNJAJIFPUIIBEWSUHSJPECA');
INSERT INTO "public"."Patient"("ID","Active","CreatedDate","CreatedUUID","DOB","FirstName","JsonExtendedData","LastName","MiddleName","ModifiedDate","ModifiedUUID","SSN") 
VALUES(12,FALSE,'02/25/2017 01:11:49.929222',E'BBHKQ','02/27/2017 10:25:27.523516',E'XLGCWKI',NULL,E'LDSQVFSWDGIFNCPOEBZJN',E'ANFAWSXEUXAUCRWYN','02/06/2017 18:54:14.918870',E'FITSTMYMSLTJH',E'PYVPSTCBAQKOTPMUCGNGQ');
INSERT INTO "public"."Patient"("ID","Active","CreatedDate","CreatedUUID","DOB","FirstName","JsonExtendedData","LastName","MiddleName","ModifiedDate","ModifiedUUID","SSN") 
VALUES(13,FALSE,'02/01/2017 08:02:21.364773',E'TJUANAUYVUQYUINKKYTPCTGWX','01/24/2017 08:47:58.757605',E'OLZCQPLTIUBGAZUFGDTYCDFSJ',NULL,E'EDYBRBMH',E'CSCCWZRJVO','02/20/2017 04:55:37.455963',E'BJYLBGRCZWGSIGZ',E'XXTIGPEIFTHIDUXHSIXNS');
INSERT INTO "public"."Patient"("ID","Active","CreatedDate","CreatedUUID","DOB","FirstName","JsonExtendedData","LastName","MiddleName","ModifiedDate","ModifiedUUID","SSN") 
VALUES(14,FALSE,'02/28/2017 11:42:25.694828',E'JOJMAQOKQLAPGOAY','02/26/2017 23:13:11.674593',E'FHTYBBJCXAYOUTTMI',NULL,E'VNZCJVGXKMAWFJIRGYEC',E'WVCGDXHR','01/28/2017 22:06:38.979087',E'ITRHDQMLTPCMIYYI',E'STLBJDUGHUWI');
INSERT INTO "public"."Patient"("ID","Active","CreatedDate","CreatedUUID","DOB","FirstName","JsonExtendedData","LastName","MiddleName","ModifiedDate","ModifiedUUID","SSN") 
VALUES(15,FALSE,'02/04/2017 21:17:45.467820',E'RTJEKAXTKRKTE','03/07/2017 11:45:22.508527',E'LTUJQWQRMJSQEE',NULL,E'WVNDSUAA',E'LYGUOAETKG','02/15/2017 03:39:10.760323',E'UYGOKCBAUCNQELDYB',E'BAWTOZFKPXJRWASKLANVLH');
INSERT INTO "public"."Patient"("ID","Active","CreatedDate","CreatedUUID","DOB","FirstName","JsonExtendedData","LastName","MiddleName","ModifiedDate","ModifiedUUID","SSN") 
VALUES(16,FALSE,'03/08/2017 21:26:44.598433',E'MFIRYGEWLR','02/13/2017 22:43:03.672742',E'DCEDLOOTIMCNS',NULL,E'QAIWVYSV',E'HOMSPTABDK','02/03/2017 17:03:39.778031',E'NNMRT',E'TJTUYLSHALOAYZTVBFTPC');
INSERT INTO "public"."Patient"("ID","Active","CreatedDate","CreatedUUID","DOB","FirstName","JsonExtendedData","LastName","MiddleName","ModifiedDate","ModifiedUUID","SSN") 
VALUES(17,TRUE,'01/28/2017 10:15:38.651087',E'CFKWOETQWVUMBRXRCFNRRN','01/21/2017 09:28:10.169120',E'QNJJKRTFVGCXPHOPRXK',NULL,E'VLUNTQCAHXODESXMHFEVN',E'LFLILJSGUIUNFIBGVYBSL','03/03/2017 01:40:30.949924',E'UAXFAWYMSWDWKCCOZNPY',E'EQLKIDQHSMQDLCVMRVCL');
INSERT INTO "public"."Patient"("ID","Active","CreatedDate","CreatedUUID","DOB","FirstName","JsonExtendedData","LastName","MiddleName","ModifiedDate","ModifiedUUID","SSN") 
VALUES(18,FALSE,'02/07/2017 17:01:49.459710',E'CLKODTNOJOZGUOQOXVJFYDPI','03/18/2017 00:50:28.132988',E'IPWJBPDELPEZSMQGQ',NULL,E'NZAWJSLJNRCXIG',E'SZRUNSL','03/16/2017 13:40:40.652934',E'KRWAYBVMZSVFIXADOEWDNXW',E'EFRET');
INSERT INTO "public"."Patient"("ID","Active","CreatedDate","CreatedUUID","DOB","FirstName","JsonExtendedData","LastName","MiddleName","ModifiedDate","ModifiedUUID","SSN") 
VALUES(19,FALSE,'03/11/2017 03:08:30.718557',E'PMIUNNYUN','02/01/2017 05:50:38.606007',E'PXIMBNSVQGXJYOTCE',NULL,E'HDWSS',E'NGVBQRCMLDPPBOGNTBJHCQ','03/13/2017 08:37:17.791076',E'VJRKPFBFZCTY',E'OSUEYPFIRP');
INSERT INTO "public"."Patient"("ID","Active","CreatedDate","CreatedUUID","DOB","FirstName","JsonExtendedData","LastName","MiddleName","ModifiedDate","ModifiedUUID","SSN") 
VALUES(20,FALSE,'03/05/2017 17:51:31.621568',E'POUATOPZTHPHUE','03/01/2017 01:47:04.223866',E'TADTFPIGMLFAVIY',NULL,E'URVKRJDVRZEWB',E'MNPOMU','02/05/2017 23:05:37.844696',E'RPAKYHTIJORBEV',E'YWVMQBSVTSRBFQ');
INSERT INTO "public"."Patient"("ID","Active","CreatedDate","CreatedUUID","DOB","FirstName","JsonExtendedData","LastName","MiddleName","ModifiedDate","ModifiedUUID","SSN") 
VALUES(21,TRUE,'02/16/2017 16:53:41.008651',E'GBMJALNOXGRXXWRP','03/03/2017 21:33:39.367470',E'DWCHOOATTNFRPERG',NULL,E'OUAXZXNLZRYZBLBWHGUSZRMNT',E'PDXKPZFDZ','01/18/2017 19:45:53.062208',E'QZNSVMELTDFGYXPVYJVWHFL',E'LQDAOTHQQRTVTKWVMHOG');
INSERT INTO "public"."Patient"("ID","Active","CreatedDate","CreatedUUID","DOB","FirstName","JsonExtendedData","LastName","MiddleName","ModifiedDate","ModifiedUUID","SSN") 
VALUES(22,FALSE,'03/08/2017 22:22:51.366258',E'PKGVFFZZUW','02/02/2017 12:36:48.234311',E'PHDAHBCBDBGI',NULL,E'KTFTL',E'HKBVZKKHVKZEBBCPZCJTE','02/04/2017 13:23:36.048035',E'IDZFFY',E'ZHOASXOMEUTXPMEN');
INSERT INTO "public"."Patient"("ID","Active","CreatedDate","CreatedUUID","DOB","FirstName","JsonExtendedData","LastName","MiddleName","ModifiedDate","ModifiedUUID","SSN") 
VALUES(23,TRUE,'02/21/2017 18:52:25.408769',E'EEIYLAIWFAS','02/04/2017 18:41:42.777977',E'GEMLMHSGHUGPMLTPK',NULL,E'GAMJZPOBMHEWSMCVJWWJNLWE',E'QKNBYCMHRWNZBTHUMPRN','01/31/2017 13:10:49.432561',E'FZBRFFEQTSZZOWY',E'LTBTIIYASMHZERPJRXASSORS');
INSERT INTO "public"."Patient"("ID","Active","CreatedDate","CreatedUUID","DOB","FirstName","JsonExtendedData","LastName","MiddleName","ModifiedDate","ModifiedUUID","SSN") 
VALUES(24,TRUE,'01/25/2017 06:21:48.087790',E'WDZZGPYPIFZPHA','02/05/2017 08:52:24.601130',E'OCKJZOIVFKHXNOBUHUAJCLDUB',NULL,E'OEJSBFVAOYQVHECCBNMSFMZBH',E'QYHNFWUCO','01/21/2017 06:45:22.775881',E'SDBXB',E'NACDVXTVNFPTM');
INSERT INTO "public"."Patient"("ID","Active","CreatedDate","CreatedUUID","DOB","FirstName","JsonExtendedData","LastName","MiddleName","ModifiedDate","ModifiedUUID","SSN") 
VALUES(25,FALSE,'03/01/2017 17:42:28.542211',E'MMHZDCADE','03/04/2017 15:10:45.327492',E'ZCDOHMXL',NULL,E'DIAQEBG',E'YHGDITGLLKAVFCRNJ','02/09/2017 17:19:44.431573',E'CNEIUOQVIKGCK',E'JUJPYNBRYWTKUEJBENKRTY');
INSERT INTO "public"."Patient"("ID","Active","CreatedDate","CreatedUUID","DOB","FirstName","JsonExtendedData","LastName","MiddleName","ModifiedDate","ModifiedUUID","SSN") 
VALUES(26,TRUE,'02/20/2017 00:40:17.233573',E'YKMFARLSQAGOEJGKS','01/23/2017 15:39:26.850955',E'MUEOLQNRPBU',NULL,E'APWXSAD',E'XMNIKPQKBILIDHESNZ','02/21/2017 07:44:02.385918',E'STGKHTAKIANXQQVUYR',E'ZWFAFOTDHYFVDZAODAXGNHZPA');
INSERT INTO "public"."Patient"("ID","Active","CreatedDate","CreatedUUID","DOB","FirstName","JsonExtendedData","LastName","MiddleName","ModifiedDate","ModifiedUUID","SSN") 
VALUES(27,FALSE,'01/26/2017 23:18:09.218429',E'GLTLHASUCCRKDPAFPT','01/26/2017 03:23:55.263677',E'KOURCWAQRAHPDWAZDVGCEBPTG',NULL,E'QUTMFYDZOYJEPDXFJVYNDV',E'ZPLPJUPLDSXUNGSYVMLTYHJA','03/05/2017 13:29:34.262353',E'LNMLYNHOYQ',E'ULUSXG');
INSERT INTO "public"."Patient"("ID","Active","CreatedDate","CreatedUUID","DOB","FirstName","JsonExtendedData","LastName","MiddleName","ModifiedDate","ModifiedUUID","SSN") 
VALUES(28,TRUE,'02/28/2017 00:06:21.976705',E'YCOBRSCJJNGIWHUHQ','02/27/2017 12:48:35.558184',E'BULXYMIMSQZBZQ',NULL,E'XGNTUPGVXCZECXAGS',E'GPQEMNWKCPAYVJN','01/25/2017 06:08:38.497460',E'NIPPNKKESLJEBR',E'FCIYXRWJAHAKKXXJC');
INSERT INTO "public"."Patient"("ID","Active","CreatedDate","CreatedUUID","DOB","FirstName","JsonExtendedData","LastName","MiddleName","ModifiedDate","ModifiedUUID","SSN") 
VALUES(29,FALSE,'03/15/2017 07:11:40.086543',E'IDBYYSWGXHFN','02/05/2017 13:54:59.607457',E'DFUBEPZNYTSCTWXMJMSKVSDCQ',NULL,E'NRQUVANABGLJFYTDNPDMMUQNX',E'PNYHJMGAHZHNZNCQCAO','02/27/2017 13:57:39.319468',E'RTKTI',E'IEGTWVYQXULEXK');
INSERT INTO "public"."Patient"("ID","Active","CreatedDate","CreatedUUID","DOB","FirstName","JsonExtendedData","LastName","MiddleName","ModifiedDate","ModifiedUUID","SSN") 
VALUES(30,TRUE,'01/26/2017 11:42:09.938750',E'OKZLQBACSERETVTICJSZUZ','02/15/2017 01:55:23.800282',E'ZEDQBGHFZPYMO',NULL,E'VPKMRZRBMECRATFLAPWDSQNEC',E'OTLLYSMNYNVQVJXHAAO','02/07/2017 04:44:04.839670',E'TXFGCARSYGI',E'BSZTELPGRSZOGZOIFFXMJXNQP');
INSERT INTO "public"."Patient"("ID","Active","CreatedDate","CreatedUUID","DOB","FirstName","JsonExtendedData","LastName","MiddleName","ModifiedDate","ModifiedUUID","SSN") 
VALUES(31,FALSE,'02/26/2017 04:26:47.715337',E'MHTSXH','01/23/2017 22:55:29.843153',E'XSNQMCKIKA',NULL,E'HDSGGQOAPHPVYNBVLCQ',E'RAYJRZWFIGOKCZHR','02/09/2017 16:07:18.816433',E'EZXOMTD',E'FROLRTFUFMJGAFC');
INSERT INTO "public"."Patient"("ID","Active","CreatedDate","CreatedUUID","DOB","FirstName","JsonExtendedData","LastName","MiddleName","ModifiedDate","ModifiedUUID","SSN") 
VALUES(32,TRUE,'02/14/2017 23:20:37.010474',E'KEPMJONN','02/19/2017 06:30:33.298234',E'FOZMU',NULL,E'GUYLFJABEPRLEBNMNIQO',E'CRKFRSXZIYPKJTZNAV','02/08/2017 12:17:31.090026',E'XHZCYFRSHVFTYH',E'NBUUMXVDP');
INSERT INTO "public"."Patient"("ID","Active","CreatedDate","CreatedUUID","DOB","FirstName","JsonExtendedData","LastName","MiddleName","ModifiedDate","ModifiedUUID","SSN") 
VALUES(33,FALSE,'03/04/2017 03:31:25.889433',E'FPHAV','03/09/2017 08:56:22.408303',E'LKQFKQAGQHPOUE',NULL,E'MTQZMJD',E'PTUUSBA','02/08/2017 18:09:45.431643',E'GLVHJSJDGOFDUCNDGY',E'BXEPFGXRDXNYOOSEOBRAXA');
INSERT INTO "public"."Patient"("ID","Active","CreatedDate","CreatedUUID","DOB","FirstName","JsonExtendedData","LastName","MiddleName","ModifiedDate","ModifiedUUID","SSN") 
VALUES(34,TRUE,'02/01/2017 19:22:05.082116',E'ROSLGPO','02/13/2017 06:11:39.888528',E'LAEJWPJORRESKRACDODXT',NULL,E'KCSZSPUDA',E'GAYYOMMANFSIJQPWETLCZCJS','01/28/2017 20:37:17.876798',E'GACIKR',E'SIQILZGUJHPKVMZIBQY');
INSERT INTO "public"."Patient"("ID","Active","CreatedDate","CreatedUUID","DOB","FirstName","JsonExtendedData","LastName","MiddleName","ModifiedDate","ModifiedUUID","SSN") 
VALUES(35,TRUE,'02/10/2017 16:56:49.629664',E'IYZMAYZBQOYRZHSUTGOU','02/21/2017 06:40:59.864292',E'BFHGQKPZJTLRBWCARIBGMDGY',NULL,E'NWVXXYSHAMHFUDKMXDSUHGBT',E'NAOVZOQQDCEROMWCSQN','02/13/2017 04:22:45.033835',E'TDJUHRXTFRBNDRPG',E'JZAYBMWGYSMZNI');
INSERT INTO "public"."Patient"("ID","Active","CreatedDate","CreatedUUID","DOB","FirstName","JsonExtendedData","LastName","MiddleName","ModifiedDate","ModifiedUUID","SSN") 
VALUES(36,FALSE,'03/16/2017 19:54:12.049147',E'YTULLQPGIQDMAWJBAAKJD','02/24/2017 01:40:12.057378',E'NGZTZOTJYGQOLANFUZOSIWC',NULL,E'FFIASKGPCFFD',E'UUSTHAPYTRDPXBERS','02/13/2017 06:23:50.140546',E'TDJNJLUGERDZ',E'BUHIGTNVWDN');
INSERT INTO "public"."Patient"("ID","Active","CreatedDate","CreatedUUID","DOB","FirstName","JsonExtendedData","LastName","MiddleName","ModifiedDate","ModifiedUUID","SSN") 
VALUES(37,TRUE,'03/03/2017 04:35:43.234536',E'EPPMHJKRGREXC','03/06/2017 01:01:37.234649',E'SXCCJBUVZKHCOMGNQF',NULL,E'EVDOJLRYNZOBQ',E'KAKCIAWJZQ','01/23/2017 15:51:44.137659',E'SOSIETZCSIL',E'ESSBEHFOFCJ');
INSERT INTO "public"."Patient"("ID","Active","CreatedDate","CreatedUUID","DOB","FirstName","JsonExtendedData","LastName","MiddleName","ModifiedDate","ModifiedUUID","SSN") 
VALUES(38,FALSE,'02/21/2017 02:21:49.367781',E'BVILFODZNYHDPEX','01/26/2017 14:59:53.401263',E'ZNSIFIHKWFNJYV',NULL,E'QQMVUDCZQDAJODTHEDW',E'AKJMTZVQLFPDCCZ','02/13/2017 10:52:39.588047',E'KQJIWQVPNBELTZPRIXK',E'WVEXLLG');
INSERT INTO "public"."Patient"("ID","Active","CreatedDate","CreatedUUID","DOB","FirstName","JsonExtendedData","LastName","MiddleName","ModifiedDate","ModifiedUUID","SSN") 
VALUES(39,TRUE,'02/16/2017 07:05:49.231159',E'LDRNHIHOMXUNOJCJGNEOK','02/14/2017 02:36:59.397091',E'YTTEVXOGCS',NULL,E'TTUGF',E'AJEPEHO','01/25/2017 23:01:27.336618',E'XTHKQKAYAECSOTUZUZOBTZH',E'PDDIHFGOAGRGEGQDETDQUXHG');
INSERT INTO "public"."Patient"("ID","Active","CreatedDate","CreatedUUID","DOB","FirstName","JsonExtendedData","LastName","MiddleName","ModifiedDate","ModifiedUUID","SSN") 
VALUES(40,TRUE,'02/26/2017 15:53:06.080406',E'ENDPEHMKBYHHGDHU','02/10/2017 03:34:37.520678',E'EGQDVPLGRZAUBLGHKYVWITMEV',NULL,E'LLRCMOSSDCYDAZ',E'EMMNJXRAAXBNPCZOUZQIC','03/05/2017 10:18:10.203819',E'IJLAZFAFQGNQPGAGE',E'XDTYKKMPIUMLQ');
INSERT INTO "public"."Patient"("ID","Active","CreatedDate","CreatedUUID","DOB","FirstName","JsonExtendedData","LastName","MiddleName","ModifiedDate","ModifiedUUID","SSN") 
VALUES(41,FALSE,'01/24/2017 16:57:06.387583',E'AGHINJFQCUMCWNKJOEVX','03/05/2017 03:35:24.749630',E'HWOXEBMJFLZZLTCSDNI',NULL,E'CDQVHSSFCTWORJSGKMVMKA',E'ZZYRG','02/17/2017 02:22:59.557500',E'RFZREKKKZOBYU',E'HASGB');
INSERT INTO "public"."Patient"("ID","Active","CreatedDate","CreatedUUID","DOB","FirstName","JsonExtendedData","LastName","MiddleName","ModifiedDate","ModifiedUUID","SSN") 
VALUES(42,TRUE,'03/03/2017 01:14:15.906082',E'DCUSHMXPLT','01/28/2017 10:54:32.443163',E'TXJIB',NULL,E'VHJCLQWDQNXEFBMMJ',E'IZWXUI','03/15/2017 07:22:53.693378',E'LKRDCYAEWEOJC',E'TGUHYAWROW');
INSERT INTO "public"."Patient"("ID","Active","CreatedDate","CreatedUUID","DOB","FirstName","JsonExtendedData","LastName","MiddleName","ModifiedDate","ModifiedUUID","SSN") 
VALUES(43,TRUE,'03/11/2017 11:55:35.000828',E'UTURWZIZHFQZMFOKDZHVX','03/12/2017 18:50:25.606828',E'KGFNRHCYIGZJG',NULL,E'WWZSRJOWDRSJQRBFSXMBK',E'FFTBG','02/02/2017 13:34:22.322004',E'JJTEJSSCZPMNWTYDWRBLVUGRV',E'MQRXMVSBITJOPYCOA');
INSERT INTO "public"."Patient"("ID","Active","CreatedDate","CreatedUUID","DOB","FirstName","JsonExtendedData","LastName","MiddleName","ModifiedDate","ModifiedUUID","SSN") 
VALUES(44,TRUE,'03/06/2017 03:59:21.352748',E'EDGYXCCHVYGAIWQRQPJLDPF','02/13/2017 20:18:48.977423',E'DTCWMRPFLMWPBLTKH',NULL,E'PYOXTBCABXUNFJK',E'ELKXOBO','03/12/2017 10:14:30.439963',E'JMWZTQIVHJYKZYDQVJ',E'QZHNHLSHQKZGKXG');
INSERT INTO "public"."Patient"("ID","Active","CreatedDate","CreatedUUID","DOB","FirstName","JsonExtendedData","LastName","MiddleName","ModifiedDate","ModifiedUUID","SSN") 
VALUES(45,TRUE,'03/04/2017 21:12:14.935494',E'YQJABWBNNZB','03/14/2017 18:21:35.993190',E'SYWSWEWNELSTWMYEAO',NULL,E'SRRFEWBVASBYXELRKAMY',E'ENEDQKFJGQMOOXISARPMLIEX','02/19/2017 23:53:17.849759',E'MXRVADZIGZIDNFRZ',E'GIABLCJVUEWFCBFIRSTPLMQ');
INSERT INTO "public"."Patient"("ID","Active","CreatedDate","CreatedUUID","DOB","FirstName","JsonExtendedData","LastName","MiddleName","ModifiedDate","ModifiedUUID","SSN") 
VALUES(46,TRUE,'02/23/2017 03:14:55.846587',E'QEFDFBHEEPBMBPJLIVHZCO','02/07/2017 20:05:07.020802',E'CLFTGYJYPGFEMQI',NULL,E'OVHNH',E'QOZKGNTYLKG','02/18/2017 15:14:07.389190',E'FCUNNSZKYCPNECDVHZVKSHOZ',E'AZFAFERR');
INSERT INTO "public"."Patient"("ID","Active","CreatedDate","CreatedUUID","DOB","FirstName","JsonExtendedData","LastName","MiddleName","ModifiedDate","ModifiedUUID","SSN") 
VALUES(47,FALSE,'02/24/2017 10:19:51.700073',E'TTSKH','02/13/2017 19:24:58.074451',E'OLRJV',NULL,E'JNMXCQRFKOZZNPWRMHZ',E'VKZVWZILFWPGKXXVJF','01/30/2017 19:10:00.992940',E'RJQKLEIJJRRWOFIBJSEZCWM',E'SNFEZN');
INSERT INTO "public"."Patient"("ID","Active","CreatedDate","CreatedUUID","DOB","FirstName","JsonExtendedData","LastName","MiddleName","ModifiedDate","ModifiedUUID","SSN") 
VALUES(48,TRUE,'03/05/2017 19:13:42.565616',E'CXYTKBVZBSXDPDGNNU','01/20/2017 12:39:57.370162',E'XUJCYSJV',NULL,E'FQYGAPAGKXYSFENQGDIYK',E'MYVHJOQGNQIBMTDZAFKW','03/06/2017 06:42:10.321228',E'SERRHEZSNTYVKTMKZE',E'JLMGFSF');
INSERT INTO "public"."Patient"("ID","Active","CreatedDate","CreatedUUID","DOB","FirstName","JsonExtendedData","LastName","MiddleName","ModifiedDate","ModifiedUUID","SSN") 
VALUES(49,TRUE,'01/30/2017 10:52:23.897977',E'FEUHUKBAKCQGMIUOLQ','02/21/2017 20:28:53.834076',E'WJXMWFLOYAEVBSJMYJYUZT',NULL,E'ZVOBFUDT',E'TLHQVJMMWNFUEXDKQPFB','02/14/2017 01:05:02.321825',E'YNIUVQXIIMKGZTNNEH',E'NZXZCHNXEJL');
INSERT INTO "public"."Patient"("ID","Active","CreatedDate","CreatedUUID","DOB","FirstName","JsonExtendedData","LastName","MiddleName","ModifiedDate","ModifiedUUID","SSN") 
VALUES(50,TRUE,'01/24/2017 01:43:04.253450',E'VIJDVFHBHKIPSBW','03/17/2017 21:17:22.571976',E'RQLQM',NULL,E'YZHHAIGZI',E'NPKTWMERFNOHNA','01/24/2017 18:31:30.252942',E'ANDDBKJ',E'OSIJPEFZGQDLQDLCNZVLPV');
INSERT INTO "public"."Patient"("ID","Active","CreatedDate","CreatedUUID","DOB","FirstName","JsonExtendedData","LastName","MiddleName","ModifiedDate","ModifiedUUID","SSN") 
VALUES(51,TRUE,'03/04/2017 08:57:12.749591',E'QTCDMFDXJKDHOOTZNFUVCV','03/11/2017 11:40:40.916415',E'BOUFUIHIHRNPB',NULL,E'SSCXUMSHAKJ',E'UDLUNSQKOQADNE','03/04/2017 13:55:35.743972',E'IDLFA',E'IOFRYAGYA');
INSERT INTO "public"."Patient"("ID","Active","CreatedDate","CreatedUUID","DOB","FirstName","JsonExtendedData","LastName","MiddleName","ModifiedDate","ModifiedUUID","SSN") 
VALUES(52,TRUE,'03/08/2017 04:49:05.406213',E'VMMDWMNUB','03/08/2017 13:02:44.921028',E'JXCAIYTWO',NULL,E'XRIGBBOOGD',E'CRQLLXLIVEMCWHMNKLFC','02/13/2017 23:30:44.621030',E'LNEWWTHEZLP',E'CHWYFCJVHIYYNHUGQLCZDS');
INSERT INTO "public"."Patient"("ID","Active","CreatedDate","CreatedUUID","DOB","FirstName","JsonExtendedData","LastName","MiddleName","ModifiedDate","ModifiedUUID","SSN") 
VALUES(53,FALSE,'02/09/2017 04:31:25.434030',E'RUEAEFYZK','02/19/2017 14:34:28.736295',E'PJFUIKARR',NULL,E'XBOUYWHJZFGWCWJX',E'WDNCFLH','03/07/2017 07:58:34.273134',E'JXXTWQLTIAHO',E'VEBZYWLKARPPBVMGUBAECKNOL');
INSERT INTO "public"."Patient"("ID","Active","CreatedDate","CreatedUUID","DOB","FirstName","JsonExtendedData","LastName","MiddleName","ModifiedDate","ModifiedUUID","SSN") 
VALUES(54,TRUE,'03/18/2017 14:54:05.594149',E'OSNLOSHZYOBFKCHDB','02/04/2017 10:53:15.554075',E'UHBRKRGCVEZLWGCPKOS',NULL,E'BREOAPAUTOTAMGMYMBPAKEND',E'CCUADXBBDOKJAM','02/13/2017 14:59:05.039920',E'CLNGJOUCXGXQZNCQDOEGC',E'EYHMXWVEKUKXIS');
INSERT INTO "public"."Patient"("ID","Active","CreatedDate","CreatedUUID","DOB","FirstName","JsonExtendedData","LastName","MiddleName","ModifiedDate","ModifiedUUID","SSN") 
VALUES(55,TRUE,'02/07/2017 16:25:08.074522',E'TOCEMIXCXPH','01/18/2017 19:14:01.004459',E'IFTVVOSGTAVBGGZP',NULL,E'ROYJVXELXCIWKLASV',E'IJFUUKUTGJXLO','02/26/2017 07:51:39.043813',E'ZIVVJLEOXFUTHCXSI',E'YBAJUDYSJRVKTTZYHGL');
INSERT INTO "public"."Patient"("ID","Active","CreatedDate","CreatedUUID","DOB","FirstName","JsonExtendedData","LastName","MiddleName","ModifiedDate","ModifiedUUID","SSN") 
VALUES(56,TRUE,'02/16/2017 22:25:46.002306',E'UQBESPIVNTPRFKRWOVZCDMBT','02/26/2017 00:54:05.412676',E'PICZVCRTIYPQZROSENJLKONA',NULL,E'FNFITIJSKKK',E'GVYSCAHRSRIOUZBRYFF','02/04/2017 14:11:55.979933',E'EBGBVPEZUSAGAQBEAWFKB',E'REURUHGRYIESO');
INSERT INTO "public"."Patient"("ID","Active","CreatedDate","CreatedUUID","DOB","FirstName","JsonExtendedData","LastName","MiddleName","ModifiedDate","ModifiedUUID","SSN") 
VALUES(57,FALSE,'02/06/2017 05:33:24.306136',E'XRSSPNWYLER','02/03/2017 01:17:13.747269',E'WPZYEJWRSLOTPDMYM',NULL,E'YFUECHKLSCDTGFX',E'RDIYVJDHNUMEGF','03/09/2017 10:03:26.434976',E'JSWROLSWGBYAWIFUQTPN',E'WNYSA');
INSERT INTO "public"."Patient"("ID","Active","CreatedDate","CreatedUUID","DOB","FirstName","JsonExtendedData","LastName","MiddleName","ModifiedDate","ModifiedUUID","SSN") 
VALUES(58,TRUE,'01/24/2017 19:17:57.513737',E'IWKWERYLRVTV','02/22/2017 21:18:29.706143',E'EKYOHVKSZQYMHWM',NULL,E'BCSIK',E'KGSKGEB','01/29/2017 05:10:40.924246',E'NWIKLFEYRDAFRZ',E'THKVUNJPMPWCZPQJUDCYIUNE');
INSERT INTO "public"."Patient"("ID","Active","CreatedDate","CreatedUUID","DOB","FirstName","JsonExtendedData","LastName","MiddleName","ModifiedDate","ModifiedUUID","SSN") 
VALUES(59,TRUE,'02/01/2017 10:46:39.072061',E'YPSFE','02/05/2017 07:05:10.470441',E'JZZYOOQEVUBAPTCCQZAC',NULL,E'GPBTSCZFAPVYYMXE',E'GTGREIMKLRV','01/18/2017 06:57:48.983220',E'ABDNRXIDNWZQGSXEYDZYZ',E'QFXSDLQUXKIOAIBDHCTCQAO');
INSERT INTO "public"."Patient"("ID","Active","CreatedDate","CreatedUUID","DOB","FirstName","JsonExtendedData","LastName","MiddleName","ModifiedDate","ModifiedUUID","SSN") 
VALUES(60,FALSE,'03/13/2017 22:21:09.351292',E'IKDUALOVIUMOXJRLHFWDKD','02/16/2017 19:40:38.922397',E'SDPMLAYRDKZDBMEGCAC',NULL,E'ODCTRBQOQFI',E'QSXSQMPHQFN','03/12/2017 08:04:02.514233',E'DFBMSFILZOBMASEFJHUNEKCX',E'UMBBSZYWPVB');
INSERT INTO "public"."Patient"("ID","Active","CreatedDate","CreatedUUID","DOB","FirstName","JsonExtendedData","LastName","MiddleName","ModifiedDate","ModifiedUUID","SSN") 
VALUES(61,FALSE,'03/13/2017 16:35:53.704998',E'IEVKLCLQTZRHNZ','02/10/2017 07:04:11.051374',E'LOVIWVCZTTYEW',NULL,E'GFZUIDKREJ',E'EMIAJTBAZQBLKPN','02/24/2017 03:34:06.394463',E'JBFBVPHBUFSKCTSNKDVNO',E'LATBDVWPJSEWRIOMN');
INSERT INTO "public"."Patient"("ID","Active","CreatedDate","CreatedUUID","DOB","FirstName","JsonExtendedData","LastName","MiddleName","ModifiedDate","ModifiedUUID","SSN") 
VALUES(62,TRUE,'02/28/2017 21:13:07.470685',E'ORLBPSCNIAWSZGVRYJNHSKQP','02/17/2017 09:50:02.909867',E'MKMEWISORTQYZBVFOJTF',NULL,E'OIXCUUIBODED',E'NSZALUIKCKRSPGBX','03/07/2017 01:36:56.194893',E'UGHQHXOJQZWYJQVQHQAISKZKV',E'IKMDXGVZTF');
INSERT INTO "public"."Patient"("ID","Active","CreatedDate","CreatedUUID","DOB","FirstName","JsonExtendedData","LastName","MiddleName","ModifiedDate","ModifiedUUID","SSN") 
VALUES(63,FALSE,'02/24/2017 13:52:21.501085',E'AJKPGGYVGZTIKY','02/03/2017 09:28:59.725192',E'HZUITCAUEAHOG',NULL,E'XNQWKDLKTAIHTCO',E'XODEUNOEIKSNHOOYX','01/18/2017 11:54:04.378315',E'GJFMTHPQKA',E'NDMPF');
INSERT INTO "public"."Patient"("ID","Active","CreatedDate","CreatedUUID","DOB","FirstName","JsonExtendedData","LastName","MiddleName","ModifiedDate","ModifiedUUID","SSN") 
VALUES(64,TRUE,'01/27/2017 08:58:43.627974',E'OXJXBFXGS','02/02/2017 09:41:55.804252',E'GZKJUEFNNBUVXPKPXTPZ',NULL,E'KOOFKPDFUXK',E'VYVZJLTLCKUUVY','02/19/2017 18:38:14.883027',E'SJAVBBPDOETVXJTCLW',E'JRGXZXA');
INSERT INTO "public"."Patient"("ID","Active","CreatedDate","CreatedUUID","DOB","FirstName","JsonExtendedData","LastName","MiddleName","ModifiedDate","ModifiedUUID","SSN") 
VALUES(65,TRUE,'03/08/2017 16:39:23.045180',E'DAIVNYG','03/08/2017 17:49:13.233512',E'BPOPSFMTDULYHVVNMAZSGO',NULL,E'ZHWUPUNUGVTLLSJSMEWO',E'VHCDRDMZSBDUUOKHJUJ','03/05/2017 13:49:21.754282',E'CYJNMTITARCLZH',E'RXOPBRPSYSRZJPGEEM');
INSERT INTO "public"."Patient"("ID","Active","CreatedDate","CreatedUUID","DOB","FirstName","JsonExtendedData","LastName","MiddleName","ModifiedDate","ModifiedUUID","SSN") 
VALUES(66,FALSE,'03/05/2017 15:32:48.712177',E'HAXOBKBDRUQ','03/06/2017 16:41:45.956963',E'UAUSCXTED',NULL,E'AMOPMZFIRMZ',E'SQMJXEDSFN','02/23/2017 10:41:58.462707',E'PJLYXNDRAWXGR',E'EIAYAXZVUIOOSI');
INSERT INTO "public"."Patient"("ID","Active","CreatedDate","CreatedUUID","DOB","FirstName","JsonExtendedData","LastName","MiddleName","ModifiedDate","ModifiedUUID","SSN") 
VALUES(67,FALSE,'02/03/2017 06:52:32.543494',E'OILSDKPVEGHVEIHJPZGSCY','01/20/2017 18:48:17.764847',E'XUGABDTJ',NULL,E'YLPOXVKNRKGP',E'WJAADTXNNYCZ','03/13/2017 05:54:15.023965',E'LOHOQBQGUVUDO',E'TBQXSTXGBO');
INSERT INTO "public"."Patient"("ID","Active","CreatedDate","CreatedUUID","DOB","FirstName","JsonExtendedData","LastName","MiddleName","ModifiedDate","ModifiedUUID","SSN") 
VALUES(68,TRUE,'02/28/2017 10:12:00.983137',E'RGELVBTWCUBUJOZMYPB','03/14/2017 05:58:54.957743',E'IIJZNS',NULL,E'KPIVSPGNEHRWQGNYXLDIQD',E'HREPTWKBZ','02/10/2017 11:17:53.474664',E'WATQXYMLKHFNMFZLSPON',E'HKALYMAFPKKCCL');
INSERT INTO "public"."Patient"("ID","Active","CreatedDate","CreatedUUID","DOB","FirstName","JsonExtendedData","LastName","MiddleName","ModifiedDate","ModifiedUUID","SSN") 
VALUES(69,TRUE,'01/24/2017 21:00:46.369517',E'ZSYPFAWUXBCLVLYSFBASTPDQ','02/03/2017 08:39:12.526099',E'JBUQBAQWKLMOILOXNIBJQI',NULL,E'JERQLY',E'JECLOROMWUHRSEX','03/10/2017 20:13:10.767703',E'PMELCSXKJEGUNUQFXHYL',E'OHCGT');
INSERT INTO "public"."Patient"("ID","Active","CreatedDate","CreatedUUID","DOB","FirstName","JsonExtendedData","LastName","MiddleName","ModifiedDate","ModifiedUUID","SSN") 
VALUES(70,FALSE,'03/02/2017 08:46:35.048399',E'ZWQGMLLWHSJV','02/25/2017 11:43:20.094633',E'QHMFWGIWTECSYSBNG',NULL,E'TNRBHHNGBFOUZKVKNBE',E'FRGYKGINTNVQURF','03/06/2017 19:52:27.349748',E'WITMZZPNYMWTUSJILSYP',E'PQLDMJGNDQKZNGWVSQW');
INSERT INTO "public"."Patient"("ID","Active","CreatedDate","CreatedUUID","DOB","FirstName","JsonExtendedData","LastName","MiddleName","ModifiedDate","ModifiedUUID","SSN") 
VALUES(71,FALSE,'01/27/2017 22:26:53.297690',E'ZFTBGXUIOFFQIZGJTQZMHSJG','02/13/2017 05:44:02.415987',E'OHEHNCCQ',NULL,E'QQTORQMPSTLVDSPO',E'EKFCFCRVOBOKUKK','02/11/2017 10:04:22.849200',E'NOBJRJAYDUEMJF',E'GZLAVHKBPCHEUTDCGIJ');
INSERT INTO "public"."Patient"("ID","Active","CreatedDate","CreatedUUID","DOB","FirstName","JsonExtendedData","LastName","MiddleName","ModifiedDate","ModifiedUUID","SSN") 
VALUES(72,FALSE,'03/16/2017 16:37:12.425043',E'HDHIN','02/24/2017 00:33:00.292084',E'UYKYGUWWVUCCSJQWUQJIN',NULL,E'CLHDVHRUAAMVTSA',E'TASMVXOKGHPMOJSARPGFSVEIV','02/18/2017 00:55:47.161311',E'QWLQEMKLZJCFNPI',E'SQVSLIFPHVC');
INSERT INTO "public"."Patient"("ID","Active","CreatedDate","CreatedUUID","DOB","FirstName","JsonExtendedData","LastName","MiddleName","ModifiedDate","ModifiedUUID","SSN") 
VALUES(73,TRUE,'03/18/2017 14:23:06.476174',E'XUSFAMLMNPZANRASFLGAEIVMG','02/20/2017 04:02:25.966609',E'INMORMVVO',NULL,E'ZWZFMIUVWMGVCMT',E'VLHILRNUJIGONGFG','02/24/2017 16:23:38.354304',E'LAAIRXVFBQOTPWTYRDM',E'VTYZDOLINWYTBPMPFRXFVI');
INSERT INTO "public"."Patient"("ID","Active","CreatedDate","CreatedUUID","DOB","FirstName","JsonExtendedData","LastName","MiddleName","ModifiedDate","ModifiedUUID","SSN") 
VALUES(74,TRUE,'03/10/2017 04:10:20.808926',E'AFWQEACEVCMYEWOQNSDJ','03/01/2017 07:20:16.002480',E'UYVGW',NULL,E'XWGHGMQDMDKP',E'WFEFWUYTYI','02/13/2017 16:45:31.852134',E'SXAANXDXFQPLFSTBNTATSOYWK',E'QVRCKACWAFHXWYR');
INSERT INTO "public"."Patient"("ID","Active","CreatedDate","CreatedUUID","DOB","FirstName","JsonExtendedData","LastName","MiddleName","ModifiedDate","ModifiedUUID","SSN") 
VALUES(75,TRUE,'02/08/2017 06:09:01.605035',E'YJLFTXFOPUEM','02/17/2017 23:50:37.843037',E'WGUNCJY',NULL,E'RZKSHCNVIZ',E'KZTVMZGHXCWCURGEET','02/21/2017 02:19:51.169992',E'ELEKIQEJTETFFFTJ',E'EVZTDVMPJRBIWU');
INSERT INTO "public"."Patient"("ID","Active","CreatedDate","CreatedUUID","DOB","FirstName","JsonExtendedData","LastName","MiddleName","ModifiedDate","ModifiedUUID","SSN") 
VALUES(76,FALSE,'01/25/2017 22:53:52.444876',E'VQILQQAPFKENLJLELGUTBDI','03/07/2017 08:08:48.598405',E'BHKZQUJXRTMPUKZUMSPYLBZXV',NULL,E'ZBQQXQGVJETTRJAHUJ',E'LXXQNXMPDXHUICGXOQJRXQEJR','02/03/2017 21:47:40.259667',E'JSCVPBQSJHOPNTRJLTU',E'YEXWHKPAWLC');
INSERT INTO "public"."Patient"("ID","Active","CreatedDate","CreatedUUID","DOB","FirstName","JsonExtendedData","LastName","MiddleName","ModifiedDate","ModifiedUUID","SSN") 
VALUES(77,TRUE,'02/13/2017 12:19:03.741713',E'ZCNUKPITFVGCOAGYEGYWNKUME','02/05/2017 23:02:37.705077',E'GBEJCRX',NULL,E'QYHKXCZUYVNCCAOTP',E'FUECZJUMPPM','02/27/2017 19:37:18.730033',E'PJMCSRDAPWBKSIPNNT',E'CRLDQXIWUS');
INSERT INTO "public"."Patient"("ID","Active","CreatedDate","CreatedUUID","DOB","FirstName","JsonExtendedData","LastName","MiddleName","ModifiedDate","ModifiedUUID","SSN") 
VALUES(78,FALSE,'02/13/2017 22:22:58.652321',E'SHJZIEFTTFADX','01/19/2017 23:51:45.727253',E'MPUTTZIYY',NULL,E'JSTVH',E'CESUXZWJVCQ','02/04/2017 17:49:07.716196',E'ZDRGGPAMYDFUF',E'DIOZBAQESTOTO');
INSERT INTO "public"."Patient"("ID","Active","CreatedDate","CreatedUUID","DOB","FirstName","JsonExtendedData","LastName","MiddleName","ModifiedDate","ModifiedUUID","SSN") 
VALUES(79,TRUE,'01/23/2017 03:01:20.243597',E'DOLFHFYMLUJOUETD','03/05/2017 02:06:19.598800',E'RNUWJ',NULL,E'JKYLDOZCKDJBDAPOTPEMI',E'NJXCLYHMIARELIGYWVTSP','02/22/2017 16:27:04.223668',E'JBQKPJRJNXRFZSXMVCNPHI',E'DOQTUFEQENFVRXQRG');
INSERT INTO "public"."Patient"("ID","Active","CreatedDate","CreatedUUID","DOB","FirstName","JsonExtendedData","LastName","MiddleName","ModifiedDate","ModifiedUUID","SSN") 
VALUES(80,TRUE,'03/11/2017 09:42:04.017560',E'FEHSNIMBJUZXWDMCULAM','02/08/2017 03:27:08.580700',E'WAACHACSNJOQDBHFKEQHH',NULL,E'YMHFGYTDCQXGSVQKFAYHSSNWN',E'OUFUKMCKABEZT','03/11/2017 15:37:43.932717',E'KDWUQGGJVNIOLVICDWI',E'ZQOXZPWUKBXEXEWIVZ');
INSERT INTO "public"."Patient"("ID","Active","CreatedDate","CreatedUUID","DOB","FirstName","JsonExtendedData","LastName","MiddleName","ModifiedDate","ModifiedUUID","SSN") 
VALUES(81,FALSE,'02/04/2017 13:48:36.266677',E'KFCQHAPP','03/08/2017 23:59:45.223447',E'MTTDNAOFONOBPIVORDRCRGIAN',NULL,E'MAEEUITGIQWXNEWJBN',E'PZKEZXKDEVGERLTKFGVLBMJ','02/22/2017 18:14:39.158262',E'LBJCDGGSZLNN',E'IBAWB');
INSERT INTO "public"."Patient"("ID","Active","CreatedDate","CreatedUUID","DOB","FirstName","JsonExtendedData","LastName","MiddleName","ModifiedDate","ModifiedUUID","SSN") 
VALUES(82,TRUE,'01/25/2017 14:28:59.844311',E'BTTTUYAPENODJHZGSW','01/26/2017 15:03:20.760259',E'SSBDHHZIYFHMTGKFRNEOFYT',NULL,E'RGCFBT',E'NWRERBVQXV','01/20/2017 04:07:48.763849',E'LEEKRWZSJIYJD',E'XJXFCA');
INSERT INTO "public"."Patient"("ID","Active","CreatedDate","CreatedUUID","DOB","FirstName","JsonExtendedData","LastName","MiddleName","ModifiedDate","ModifiedUUID","SSN") 
VALUES(83,FALSE,'02/22/2017 06:51:37.096527',E'DODWYKWHEKNKTJFWAHFRJMP','01/26/2017 10:51:57.447540',E'YQULDLH',NULL,E'VICIEWWAJLJF',E'LHNEEZNIUMRBQBQGKZDOOHSZ','02/12/2017 18:34:45.909006',E'LPQZCZSTIDXVH',E'VZWDLYOHEU');
INSERT INTO "public"."Patient"("ID","Active","CreatedDate","CreatedUUID","DOB","FirstName","JsonExtendedData","LastName","MiddleName","ModifiedDate","ModifiedUUID","SSN") 
VALUES(84,TRUE,'01/20/2017 23:07:55.602147',E'SAPKYUIDE','01/20/2017 03:47:00.362682',E'GTGZJQE',NULL,E'QTGSKXG',E'VCAOREVFJJNOF','03/08/2017 03:33:37.886066',E'JHLTDL',E'IFNPWY');
INSERT INTO "public"."Patient"("ID","Active","CreatedDate","CreatedUUID","DOB","FirstName","JsonExtendedData","LastName","MiddleName","ModifiedDate","ModifiedUUID","SSN") 
VALUES(85,FALSE,'02/08/2017 23:17:39.469237',E'OWOLJKIYQDDYPSJGUCSOH','02/04/2017 20:29:53.111624',E'TTHHZN',NULL,E'HUKUKKKYSC',E'FKLWFMCYICVCDFKURXGR','01/31/2017 14:29:28.392549',E'NLFVUYHJIVKMQJCM',E'VVJMSFFGVFLNSPCJQCRL');
INSERT INTO "public"."Patient"("ID","Active","CreatedDate","CreatedUUID","DOB","FirstName","JsonExtendedData","LastName","MiddleName","ModifiedDate","ModifiedUUID","SSN") 
VALUES(86,TRUE,'01/24/2017 06:52:01.927804',E'QHDNDGRZUZLIVZWHZVDEAHXHR','02/26/2017 17:17:57.068184',E'MYPCUPKWJBBUIYL',NULL,E'RYAUI',E'WEOXR','01/29/2017 00:39:13.999864',E'OQTYNYGVODWTIOSLQ',E'IJPWHYKQAFMODOUFW');
INSERT INTO "public"."Patient"("ID","Active","CreatedDate","CreatedUUID","DOB","FirstName","JsonExtendedData","LastName","MiddleName","ModifiedDate","ModifiedUUID","SSN") 
VALUES(87,FALSE,'02/16/2017 03:28:39.683547',E'ECARGZEKSTLFHWGYUIAKYOR','02/03/2017 00:40:30.900352',E'XEHCZFYOR',NULL,E'SOHLVFBSDMTWSPUPYQSHQG',E'LRZXYQLPTXUXCHAXNZXNZCOBA','03/15/2017 15:47:21.606456',E'VXSYBKUFGRIZQRWCEXMG',E'OUBZPYF');
INSERT INTO "public"."Patient"("ID","Active","CreatedDate","CreatedUUID","DOB","FirstName","JsonExtendedData","LastName","MiddleName","ModifiedDate","ModifiedUUID","SSN") 
VALUES(88,TRUE,'02/19/2017 09:02:35.093792',E'RIWSYB','02/03/2017 04:05:57.493064',E'ZWTPDJHZLWWJPZOENUCQFGL',NULL,E'KHHKXXIKORFJVJEE',E'TNKWAGRTTPCFA','02/25/2017 16:59:36.816659',E'NXGEWAZYEHDKBLKYLKRELJAX',E'CHSTSMGXBY');
INSERT INTO "public"."Patient"("ID","Active","CreatedDate","CreatedUUID","DOB","FirstName","JsonExtendedData","LastName","MiddleName","ModifiedDate","ModifiedUUID","SSN") 
VALUES(89,FALSE,'03/06/2017 23:58:08.977800',E'KHZKXTOAUGNTAIXV','02/03/2017 17:05:39.497514',E'SCTGBMAJTQA',NULL,E'NDPZIPYYAANF',E'RIDOVDQWXFKVIETGJADVJ','02/06/2017 11:47:07.225872',E'KGVELHP',E'QGKFYAQTLSHZTQQQ');
INSERT INTO "public"."Patient"("ID","Active","CreatedDate","CreatedUUID","DOB","FirstName","JsonExtendedData","LastName","MiddleName","ModifiedDate","ModifiedUUID","SSN") 
VALUES(90,FALSE,'02/13/2017 10:32:29.636006',E'ZMAUUHPRXKG','03/07/2017 17:34:50.523413',E'ZREXYNUDRVBAWP',NULL,E'PLDVOVAPKH',E'ADDZFX','01/21/2017 09:32:15.642158',E'ETAVRHQE',E'PWWIMAOBSGZZFJ');
INSERT INTO "public"."Patient"("ID","Active","CreatedDate","CreatedUUID","DOB","FirstName","JsonExtendedData","LastName","MiddleName","ModifiedDate","ModifiedUUID","SSN") 
VALUES(91,FALSE,'03/15/2017 08:27:37.930300',E'MTJXIQWLXCOTFISDUCDKZD','01/18/2017 05:08:34.049488',E'KEVFAIDASBRYLRHRZPPH',NULL,E'FWWUEZBBEKLCLCVFGKCGFEYGP',E'PDPGAOORJDKI','02/05/2017 14:04:55.663916',E'EIBLLDHIRQMXFYOJPGQHZ',E'PMUWGDPF');
INSERT INTO "public"."Patient"("ID","Active","CreatedDate","CreatedUUID","DOB","FirstName","JsonExtendedData","LastName","MiddleName","ModifiedDate","ModifiedUUID","SSN") 
VALUES(92,FALSE,'01/23/2017 01:47:38.351710',E'XGCBXCZNQYMGARMUHPHN','01/23/2017 02:38:39.700585',E'MYTOAMKHXKFVLL',NULL,E'PCSCQ',E'YEEBFDKXANIHFJFIXHQIZI','02/12/2017 07:24:18.888361',E'QZMIDYWMXZETBVWJTKMKCKCR',E'KACFZOLZTTWJAZUIRTVE');
INSERT INTO "public"."Patient"("ID","Active","CreatedDate","CreatedUUID","DOB","FirstName","JsonExtendedData","LastName","MiddleName","ModifiedDate","ModifiedUUID","SSN") 
VALUES(93,FALSE,'01/30/2017 08:11:30.751136',E'ENIDZRRTPXSEATR','03/06/2017 10:40:52.847551',E'MBHSFEXIDKRS',NULL,E'EPIXRIOKP',E'AQQPIOZJKJCJMCQIWRIDYAV','03/07/2017 18:59:07.850722',E'SOTYARIAGCCEEFH',E'IFDGDXCRZBI');
INSERT INTO "public"."Patient"("ID","Active","CreatedDate","CreatedUUID","DOB","FirstName","JsonExtendedData","LastName","MiddleName","ModifiedDate","ModifiedUUID","SSN") 
VALUES(94,FALSE,'02/24/2017 20:05:02.681291',E'WAPNZA','02/15/2017 10:59:38.335710',E'NHZTPAMJPDDMUIZWKY',NULL,E'WRBXGCDFFWXPKVCYIGXFR',E'IXLHWK','02/07/2017 10:08:50.680234',E'OBLYSWOYG',E'BJFWVJPTTWV');
INSERT INTO "public"."Patient"("ID","Active","CreatedDate","CreatedUUID","DOB","FirstName","JsonExtendedData","LastName","MiddleName","ModifiedDate","ModifiedUUID","SSN") 
VALUES(95,FALSE,'02/12/2017 20:51:11.823426',E'QDMLKCAIJCX','01/28/2017 12:16:31.895438',E'DIDOKBXNKNWRTOCYROLUKTAPV',NULL,E'OMNRQAATT',E'BXKJBLPBCLMHHJF','02/13/2017 04:15:25.653680',E'BNMLBLRXWTENQKZAVEX',E'YYJSQILUUMAEJXZ');
INSERT INTO "public"."Patient"("ID","Active","CreatedDate","CreatedUUID","DOB","FirstName","JsonExtendedData","LastName","MiddleName","ModifiedDate","ModifiedUUID","SSN") 
VALUES(96,FALSE,'01/23/2017 21:20:40.432105',E'WFCJFVFFU','03/14/2017 13:36:37.952271',E'XCDYAXAKXMTZH',NULL,E'GKILQCMRQAQDQOEFKN',E'JAASNIJZGZNMQOXTGZOTWFK','01/30/2017 14:56:54.116297',E'GVKNHZHMZUPBDFTAZJCXJ',E'VBLFOHHBEIGSIRWNPULZGMQSC');
INSERT INTO "public"."Patient"("ID","Active","CreatedDate","CreatedUUID","DOB","FirstName","JsonExtendedData","LastName","MiddleName","ModifiedDate","ModifiedUUID","SSN") 
VALUES(97,FALSE,'01/25/2017 08:59:12.942891',E'ZYOEYCOHFGANWF','03/06/2017 08:43:09.765018',E'NGYZGFROKSDLWTQOGK',NULL,E'NSKRMMZNZEZPYHZKJAIIZHPZ',E'PZVBVZFEXJNLNNDW','01/28/2017 01:01:42.080814',E'VWZNOPOSQVOXPLLUXBQLRKKJ',E'NJXBDXCATUKIHFX');
INSERT INTO "public"."Patient"("ID","Active","CreatedDate","CreatedUUID","DOB","FirstName","JsonExtendedData","LastName","MiddleName","ModifiedDate","ModifiedUUID","SSN") 
VALUES(98,FALSE,'03/08/2017 13:10:04.106720',E'NSXWNGNZ','03/11/2017 19:46:53.375069',E'MMHQZLWKEHUIHBDRKHYRRIO',NULL,E'EHFJRHBOHKNJGYPFPZCCBTNL',E'UCKLJ','02/23/2017 01:24:48.864514',E'BUICK',E'HRFXUVROHMKQQTO');
INSERT INTO "public"."Patient"("ID","Active","CreatedDate","CreatedUUID","DOB","FirstName","JsonExtendedData","LastName","MiddleName","ModifiedDate","ModifiedUUID","SSN") 
VALUES(99,FALSE,'01/28/2017 15:55:19.608671',E'KEXXFAGWWLZDXMEVNBJ','02/21/2017 07:07:25.326231',E'NPNEJEELXHRSAHUTPM',NULL,E'EZDRNTKXXBOGGUD',E'VEAFILWAGOVDF','02/02/2017 20:06:12.572371',E'ZESMHNYOFUNNABNJEUIJSYVK',E'UYYWHPNGOTMDZIKV');
INSERT INTO "public"."Patient"("ID","Active","CreatedDate","CreatedUUID","DOB","FirstName","JsonExtendedData","LastName","MiddleName","ModifiedDate","ModifiedUUID","SSN") 
VALUES(100,FALSE,'02/07/2017 09:26:10.657751',E'BEIKSKBNEDUXGACRHW','02/16/2017 03:26:02.144342',E'YAMOWIZN',NULL,E'XXZYEFLZNIE',E'SFEKNBDJEJMJYEDZFZFCGZ','03/03/2017 13:29:20.066108',E'RXBEKYQEWJ',E'KBWDLLDBSCPIHPHUABAAA');
COMMIT;

/* Generating data for table public.Accession... */
INSERT INTO "public"."Accession"("ID","Active","ClientID","CreatedDate","CreatedUUID","Doctor1ID","Doctor2ID","FacilityID","JsonExtendedData","MRN","ModifiedDate","ModifiedUUID","OrderingLabID","PatientID") 
VALUES(1,TRUE,95,'02/10/2017 04:10:35.374311',E'CGNFGUBNPHVZJTZJM',2,76,37,NULL,E'YFUKXPHAMFYPY','03/16/2017 17:39:56.289795',E'MBADL',53,67);
INSERT INTO "public"."Accession"("ID","Active","ClientID","CreatedDate","CreatedUUID","Doctor1ID","Doctor2ID","FacilityID","JsonExtendedData","MRN","ModifiedDate","ModifiedUUID","OrderingLabID","PatientID") 
VALUES(2,FALSE,32,'02/13/2017 19:32:11.380035',E'FOUQOFMGLVR',29,48,24,NULL,E'JMMZKO','02/23/2017 18:54:56.543237',E'MZTXNJGPUDKCJXK',13,32);
INSERT INTO "public"."Accession"("ID","Active","ClientID","CreatedDate","CreatedUUID","Doctor1ID","Doctor2ID","FacilityID","JsonExtendedData","MRN","ModifiedDate","ModifiedUUID","OrderingLabID","PatientID") 
VALUES(3,TRUE,31,'02/25/2017 19:51:43.335405',E'SHYVICDR',49,35,19,NULL,E'IIYFSQJXYXFCTMDMMBM','01/25/2017 09:25:30.245531',E'RDMFAYFJRGTSETRRWZDMJC',48,66);
INSERT INTO "public"."Accession"("ID","Active","ClientID","CreatedDate","CreatedUUID","Doctor1ID","Doctor2ID","FacilityID","JsonExtendedData","MRN","ModifiedDate","ModifiedUUID","OrderingLabID","PatientID") 
VALUES(4,TRUE,100,'02/18/2017 02:18:17.641132',E'PAKEOPD',78,17,79,NULL,E'BQJQDZLWIACAVSLW','02/07/2017 05:58:22.991711',E'FTBPFWAHGPGUOCIDAQQERVL',72,22);
INSERT INTO "public"."Accession"("ID","Active","ClientID","CreatedDate","CreatedUUID","Doctor1ID","Doctor2ID","FacilityID","JsonExtendedData","MRN","ModifiedDate","ModifiedUUID","OrderingLabID","PatientID") 
VALUES(5,FALSE,82,'03/06/2017 19:45:01.026928',E'BKVEVNBXCFZDTWUPTFYCPJ',11,92,54,NULL,E'RVADCISTVVFY','01/24/2017 02:15:32.316926',E'BEVSQYRLOI',41,65);
INSERT INTO "public"."Accession"("ID","Active","ClientID","CreatedDate","CreatedUUID","Doctor1ID","Doctor2ID","FacilityID","JsonExtendedData","MRN","ModifiedDate","ModifiedUUID","OrderingLabID","PatientID") 
VALUES(6,TRUE,67,'03/11/2017 17:49:06.480293',E'FREIEEXXLND',42,5,30,NULL,E'GBCUJISYFXSIKBVHIWMIOCIT','03/11/2017 02:36:17.121833',E'NOQPNW',51,31);
INSERT INTO "public"."Accession"("ID","Active","ClientID","CreatedDate","CreatedUUID","Doctor1ID","Doctor2ID","FacilityID","JsonExtendedData","MRN","ModifiedDate","ModifiedUUID","OrderingLabID","PatientID") 
VALUES(7,TRUE,39,'02/24/2017 00:24:03.386757',E'YFFYICLLY',16,38,80,NULL,E'ANURGFRHCLYWOSEOVCIRFNRAD','02/13/2017 03:16:20.634757',E'IMELPQT',21,33);
INSERT INTO "public"."Accession"("ID","Active","ClientID","CreatedDate","CreatedUUID","Doctor1ID","Doctor2ID","FacilityID","JsonExtendedData","MRN","ModifiedDate","ModifiedUUID","OrderingLabID","PatientID") 
VALUES(8,FALSE,88,'02/18/2017 20:26:41.961759',E'TGVCOHJWWQRUQFQ',38,98,1,NULL,E'RISHETRDWLV','02/03/2017 00:55:53.120885',E'WAXDQDOBMUWIP',15,81);
INSERT INTO "public"."Accession"("ID","Active","ClientID","CreatedDate","CreatedUUID","Doctor1ID","Doctor2ID","FacilityID","JsonExtendedData","MRN","ModifiedDate","ModifiedUUID","OrderingLabID","PatientID") 
VALUES(9,FALSE,53,'03/02/2017 14:20:16.994571',E'OPGQN',63,65,78,NULL,E'RYHWTDHBZMVXSC','03/16/2017 23:24:30.364954',E'EUFVVFLRPEEZIPMAX',40,28);
INSERT INTO "public"."Accession"("ID","Active","ClientID","CreatedDate","CreatedUUID","Doctor1ID","Doctor2ID","FacilityID","JsonExtendedData","MRN","ModifiedDate","ModifiedUUID","OrderingLabID","PatientID") 
VALUES(10,FALSE,65,'02/25/2017 04:41:14.810668',E'UIBQRXXMGJIBU',47,60,41,NULL,E'VJVPGWFJNKOT','03/13/2017 04:35:45.531865',E'HUNVTGYVEEAWOC',45,55);
INSERT INTO "public"."Accession"("ID","Active","ClientID","CreatedDate","CreatedUUID","Doctor1ID","Doctor2ID","FacilityID","JsonExtendedData","MRN","ModifiedDate","ModifiedUUID","OrderingLabID","PatientID") 
VALUES(11,FALSE,98,'02/21/2017 09:19:53.540578',E'UKMLQHETIAVB',12,89,21,NULL,E'PJMGZAVWCSQHVT','02/04/2017 18:25:22.360913',E'UHZJY',97,34);
INSERT INTO "public"."Accession"("ID","Active","ClientID","CreatedDate","CreatedUUID","Doctor1ID","Doctor2ID","FacilityID","JsonExtendedData","MRN","ModifiedDate","ModifiedUUID","OrderingLabID","PatientID") 
VALUES(12,TRUE,10,'02/14/2017 10:42:16.675509',E'WETWGXHWDQPTJYD',55,78,10,NULL,E'PSVRPMBCDAS','03/13/2017 13:18:34.060404',E'MZQXUGSSZLENALVIEXODEUL',54,27);
INSERT INTO "public"."Accession"("ID","Active","ClientID","CreatedDate","CreatedUUID","Doctor1ID","Doctor2ID","FacilityID","JsonExtendedData","MRN","ModifiedDate","ModifiedUUID","OrderingLabID","PatientID") 
VALUES(13,TRUE,15,'02/20/2017 21:45:19.335672',E'UPIWZZOXLYWTWKBSZSO',71,18,66,NULL,E'RIVRMNZWAOIVNIRAHBB','03/14/2017 11:19:22.555489',E'PWLFJ',95,56);
INSERT INTO "public"."Accession"("ID","Active","ClientID","CreatedDate","CreatedUUID","Doctor1ID","Doctor2ID","FacilityID","JsonExtendedData","MRN","ModifiedDate","ModifiedUUID","OrderingLabID","PatientID") 
VALUES(14,FALSE,63,'02/09/2017 07:31:30.377690',E'DXFYX',25,27,72,NULL,E'GFIEYYBZQEYHEQFMQIEUOZK','01/20/2017 06:47:22.541378',E'BBJJKG',98,9);
INSERT INTO "public"."Accession"("ID","Active","ClientID","CreatedDate","CreatedUUID","Doctor1ID","Doctor2ID","FacilityID","JsonExtendedData","MRN","ModifiedDate","ModifiedUUID","OrderingLabID","PatientID") 
VALUES(15,TRUE,93,'03/09/2017 05:32:37.596095',E'ZOQYYEOBEEMPHNH',70,20,52,NULL,E'QUZANLWQPRUQV','02/13/2017 08:18:34.116061',E'RTIZQUB',67,46);
INSERT INTO "public"."Accession"("ID","Active","ClientID","CreatedDate","CreatedUUID","Doctor1ID","Doctor2ID","FacilityID","JsonExtendedData","MRN","ModifiedDate","ModifiedUUID","OrderingLabID","PatientID") 
VALUES(16,TRUE,90,'01/22/2017 21:30:11.709688',E'JQJTRUTKDWBQI',86,43,71,NULL,E'CNUDT','02/09/2017 20:29:49.236099',E'MIPGUHXCLSMZFCQOFCRC',59,43);
INSERT INTO "public"."Accession"("ID","Active","ClientID","CreatedDate","CreatedUUID","Doctor1ID","Doctor2ID","FacilityID","JsonExtendedData","MRN","ModifiedDate","ModifiedUUID","OrderingLabID","PatientID") 
VALUES(17,FALSE,25,'02/21/2017 06:24:32.598865',E'PYEAUOYOAB',8,12,2,NULL,E'TUSCGLTCJAHHCDJME','01/31/2017 03:14:19.477098',E'IIFZFEJUDTDXSTMTSILI',78,11);
INSERT INTO "public"."Accession"("ID","Active","ClientID","CreatedDate","CreatedUUID","Doctor1ID","Doctor2ID","FacilityID","JsonExtendedData","MRN","ModifiedDate","ModifiedUUID","OrderingLabID","PatientID") 
VALUES(18,TRUE,86,'02/27/2017 07:54:10.090655',E'LIJNJ',79,54,69,NULL,E'SCXEJBQUL','02/08/2017 15:37:22.196646',E'FPRADZJC',31,7);
INSERT INTO "public"."Accession"("ID","Active","ClientID","CreatedDate","CreatedUUID","Doctor1ID","Doctor2ID","FacilityID","JsonExtendedData","MRN","ModifiedDate","ModifiedUUID","OrderingLabID","PatientID") 
VALUES(19,FALSE,56,'01/31/2017 12:50:59.167104',E'XXWZXUZKGDJ',74,96,99,NULL,E'EQGLGYUCBEFQM','02/02/2017 11:08:25.079367',E'HOPGTLQZCNG',34,100);
INSERT INTO "public"."Accession"("ID","Active","ClientID","CreatedDate","CreatedUUID","Doctor1ID","Doctor2ID","FacilityID","JsonExtendedData","MRN","ModifiedDate","ModifiedUUID","OrderingLabID","PatientID") 
VALUES(20,FALSE,43,'02/14/2017 21:52:40.902551',E'VQDKULTEJMQOOBMBNCG',92,46,86,NULL,E'SCBWJGWYAV','03/02/2017 19:55:43.559119',E'JOEBGEUCWWMICOQ',82,59);
INSERT INTO "public"."Accession"("ID","Active","ClientID","CreatedDate","CreatedUUID","Doctor1ID","Doctor2ID","FacilityID","JsonExtendedData","MRN","ModifiedDate","ModifiedUUID","OrderingLabID","PatientID") 
VALUES(21,FALSE,35,'03/12/2017 09:15:50.567615',E'KFWGAEXS',90,95,89,NULL,E'WIJCMNXJL','02/16/2017 10:42:50.950488',E'IPYTP',42,30);
INSERT INTO "public"."Accession"("ID","Active","ClientID","CreatedDate","CreatedUUID","Doctor1ID","Doctor2ID","FacilityID","JsonExtendedData","MRN","ModifiedDate","ModifiedUUID","OrderingLabID","PatientID") 
VALUES(22,TRUE,73,'02/24/2017 08:37:42.719339',E'JTVSTVPAZVA',54,39,76,NULL,E'FMPNJRIYAQKY','03/06/2017 07:03:54.935230',E'ULPOLNNUPEBBSKTDNG',94,18);
INSERT INTO "public"."Accession"("ID","Active","ClientID","CreatedDate","CreatedUUID","Doctor1ID","Doctor2ID","FacilityID","JsonExtendedData","MRN","ModifiedDate","ModifiedUUID","OrderingLabID","PatientID") 
VALUES(23,TRUE,83,'02/25/2017 06:47:06.907703',E'CKEQIELGOTJPHQ',26,32,100,NULL,E'FVKMWWHBBZQZGGTKW','01/29/2017 23:52:08.528371',E'NWHLKLGXCSMGFLYLMTWXSCI',37,70);
INSERT INTO "public"."Accession"("ID","Active","ClientID","CreatedDate","CreatedUUID","Doctor1ID","Doctor2ID","FacilityID","JsonExtendedData","MRN","ModifiedDate","ModifiedUUID","OrderingLabID","PatientID") 
VALUES(24,FALSE,85,'01/28/2017 00:33:39.189494',E'WLBQCLM',45,85,56,NULL,E'AQSWAZRXIKSZ','03/01/2017 07:28:00.566762',E'SLIJPAKVWXFGNIMNWYVEIK',100,72);
INSERT INTO "public"."Accession"("ID","Active","ClientID","CreatedDate","CreatedUUID","Doctor1ID","Doctor2ID","FacilityID","JsonExtendedData","MRN","ModifiedDate","ModifiedUUID","OrderingLabID","PatientID") 
VALUES(25,TRUE,33,'02/03/2017 19:31:57.564441',E'LTGCUAXPORITNJVYUAGLYYWCV',72,59,88,NULL,E'QNNFNRNMCFJFSBMBCBWG','01/20/2017 13:37:47.149636',E'YDFXXNAFXIEGZYRZLBP',49,4);
INSERT INTO "public"."Accession"("ID","Active","ClientID","CreatedDate","CreatedUUID","Doctor1ID","Doctor2ID","FacilityID","JsonExtendedData","MRN","ModifiedDate","ModifiedUUID","OrderingLabID","PatientID") 
VALUES(26,TRUE,4,'03/07/2017 04:21:05.057276',E'EJLNCIRLJEJXIMFBE',51,53,77,NULL,E'WQWREIAGBIWWJNAYWEJLBZ','03/17/2017 18:26:47.615343',E'IXFWYSAHUWZKTDWHCMIK',16,94);
INSERT INTO "public"."Accession"("ID","Active","ClientID","CreatedDate","CreatedUUID","Doctor1ID","Doctor2ID","FacilityID","JsonExtendedData","MRN","ModifiedDate","ModifiedUUID","OrderingLabID","PatientID") 
VALUES(27,FALSE,13,'02/13/2017 20:47:06.201309',E'BHYWWDSZBZQLSACTJXZRTPDMU',97,84,31,NULL,E'BFVBM','02/06/2017 06:46:01.392989',E'MBMTHTVRLWICDYMPXVI',85,1);
INSERT INTO "public"."Accession"("ID","Active","ClientID","CreatedDate","CreatedUUID","Doctor1ID","Doctor2ID","FacilityID","JsonExtendedData","MRN","ModifiedDate","ModifiedUUID","OrderingLabID","PatientID") 
VALUES(28,TRUE,77,'01/28/2017 02:06:56.733912',E'SSDOMDUKZUCKDFHOLJJI',31,99,91,NULL,E'MZQVVUCKBSZHWTDKSDFZ','02/28/2017 15:18:41.060467',E'EFGNQPYSRN',19,41);
INSERT INTO "public"."Accession"("ID","Active","ClientID","CreatedDate","CreatedUUID","Doctor1ID","Doctor2ID","FacilityID","JsonExtendedData","MRN","ModifiedDate","ModifiedUUID","OrderingLabID","PatientID") 
VALUES(29,TRUE,58,'01/19/2017 22:48:29.863496',E'YXVPQPSOVWPYGQHHJSRAMI',6,45,23,NULL,E'FQGXSQATUSFYVBJ','03/05/2017 09:45:55.688310',E'BISYRLXLYMRGNLLUS',18,53);
INSERT INTO "public"."Accession"("ID","Active","ClientID","CreatedDate","CreatedUUID","Doctor1ID","Doctor2ID","FacilityID","JsonExtendedData","MRN","ModifiedDate","ModifiedUUID","OrderingLabID","PatientID") 
VALUES(30,FALSE,51,'01/26/2017 13:19:47.834926',E'YBWEOVLHPTJXKFAZKLTO',22,50,44,NULL,E'KFBNXJVJ','01/21/2017 21:28:18.879643',E'ZNMSXSWDEXAPGAFCEWNPA',56,80);
INSERT INTO "public"."Accession"("ID","Active","ClientID","CreatedDate","CreatedUUID","Doctor1ID","Doctor2ID","FacilityID","JsonExtendedData","MRN","ModifiedDate","ModifiedUUID","OrderingLabID","PatientID") 
VALUES(31,TRUE,75,'01/29/2017 13:45:14.466771',E'VHYFQFYFXTPIXNPAXORWFHQN',28,4,22,NULL,E'GOPGTDIYRKVBFJKZOHAGJURNT','02/12/2017 08:08:39.687282',E'EBUDQ',39,39);
INSERT INTO "public"."Accession"("ID","Active","ClientID","CreatedDate","CreatedUUID","Doctor1ID","Doctor2ID","FacilityID","JsonExtendedData","MRN","ModifiedDate","ModifiedUUID","OrderingLabID","PatientID") 
VALUES(32,TRUE,48,'01/27/2017 12:17:02.060396',E'LXRZIMDZNR',48,11,65,NULL,E'QVPLSTWIRBJRD','01/24/2017 19:15:02.214888',E'OVSCGJ',61,61);
INSERT INTO "public"."Accession"("ID","Active","ClientID","CreatedDate","CreatedUUID","Doctor1ID","Doctor2ID","FacilityID","JsonExtendedData","MRN","ModifiedDate","ModifiedUUID","OrderingLabID","PatientID") 
VALUES(33,FALSE,52,'03/08/2017 02:51:07.438293',E'XQGQZQPESGQGPTCLU',40,62,35,NULL,E'NZDPYEBGRMLSTOOXCWXSCO','03/15/2017 13:43:42.922430',E'KVCHDODOEYPUCCNJVXTGNB',7,57);
INSERT INTO "public"."Accession"("ID","Active","ClientID","CreatedDate","CreatedUUID","Doctor1ID","Doctor2ID","FacilityID","JsonExtendedData","MRN","ModifiedDate","ModifiedUUID","OrderingLabID","PatientID") 
VALUES(34,FALSE,84,'02/02/2017 06:00:39.239483',E'DMAVEYEZK',1,9,11,NULL,E'QEFVPWXYIVNWCFIPHZA','02/15/2017 11:12:28.911671',E'HTNAMDIKDOUQTP',28,2);
INSERT INTO "public"."Accession"("ID","Active","ClientID","CreatedDate","CreatedUUID","Doctor1ID","Doctor2ID","FacilityID","JsonExtendedData","MRN","ModifiedDate","ModifiedUUID","OrderingLabID","PatientID") 
VALUES(35,TRUE,37,'01/31/2017 02:27:25.685429',E'WKGIZZBWSTRVYWT',65,74,68,NULL,E'YWUPNOGTSO','02/07/2017 09:59:07.985426',E'YTATZIVADPBSFOZSWPBKS',43,92);
INSERT INTO "public"."Accession"("ID","Active","ClientID","CreatedDate","CreatedUUID","Doctor1ID","Doctor2ID","FacilityID","JsonExtendedData","MRN","ModifiedDate","ModifiedUUID","OrderingLabID","PatientID") 
VALUES(36,TRUE,94,'03/14/2017 03:39:20.247771',E'KXZVABMWGTIEWJRG',23,83,3,NULL,E'RPIYXRCHACBRMCGCMUBTSRF','01/21/2017 18:57:27.552905',E'RXDLKOJHCJTNGARRFJRNDY',4,19);
INSERT INTO "public"."Accession"("ID","Active","ClientID","CreatedDate","CreatedUUID","Doctor1ID","Doctor2ID","FacilityID","JsonExtendedData","MRN","ModifiedDate","ModifiedUUID","OrderingLabID","PatientID") 
VALUES(37,FALSE,55,'01/31/2017 14:04:30.141595',E'KQTLDD',84,15,9,NULL,E'HLVIDXUVISFITWWUVTHBKMO','01/27/2017 06:07:22.001776',E'BJTSRGFTZOZESOTFIHOAECZI',58,44);
INSERT INTO "public"."Accession"("ID","Active","ClientID","CreatedDate","CreatedUUID","Doctor1ID","Doctor2ID","FacilityID","JsonExtendedData","MRN","ModifiedDate","ModifiedUUID","OrderingLabID","PatientID") 
VALUES(38,FALSE,8,'02/19/2017 22:21:16.066181',E'LHMOGH',52,19,81,NULL,E'BLHXMMWKGJU','02/28/2017 23:33:24.964592',E'MCITKBJRMITUDSDGD',66,17);
INSERT INTO "public"."Accession"("ID","Active","ClientID","CreatedDate","CreatedUUID","Doctor1ID","Doctor2ID","FacilityID","JsonExtendedData","MRN","ModifiedDate","ModifiedUUID","OrderingLabID","PatientID") 
VALUES(39,FALSE,1,'01/25/2017 21:39:10.638813',E'TDQKPCWSCPPJRLTLYGFJF',96,80,15,NULL,E'LNQACRYXQYGWYXVDALDFBE','03/11/2017 22:27:23.702566',E'OTNOMPOJXVISU',3,26);
INSERT INTO "public"."Accession"("ID","Active","ClientID","CreatedDate","CreatedUUID","Doctor1ID","Doctor2ID","FacilityID","JsonExtendedData","MRN","ModifiedDate","ModifiedUUID","OrderingLabID","PatientID") 
VALUES(40,FALSE,60,'01/19/2017 23:50:35.691332',E'JINNGRZVDWFULU',85,36,96,NULL,E'MEAHOLGRWNTXRWYEUWXXZCKL','01/24/2017 10:02:34.850674',E'FIJAFWTZGSRI',22,5);
INSERT INTO "public"."Accession"("ID","Active","ClientID","CreatedDate","CreatedUUID","Doctor1ID","Doctor2ID","FacilityID","JsonExtendedData","MRN","ModifiedDate","ModifiedUUID","OrderingLabID","PatientID") 
VALUES(41,TRUE,66,'02/08/2017 22:55:41.835334',E'XWVZJSDJTBXN',36,14,92,NULL,E'VQAQYS','02/07/2017 06:51:40.114595',E'JRRUTWOPFSVGTTNCSETJYPG',26,71);
INSERT INTO "public"."Accession"("ID","Active","ClientID","CreatedDate","CreatedUUID","Doctor1ID","Doctor2ID","FacilityID","JsonExtendedData","MRN","ModifiedDate","ModifiedUUID","OrderingLabID","PatientID") 
VALUES(42,FALSE,9,'02/09/2017 15:44:19.718429',E'TAHATJS',76,33,90,NULL,E'JPEIIMYUAWXPDZY','01/23/2017 04:31:49.263620',E'HLWMHARTJIOWOTOPQKMHU',80,97);
INSERT INTO "public"."Accession"("ID","Active","ClientID","CreatedDate","CreatedUUID","Doctor1ID","Doctor2ID","FacilityID","JsonExtendedData","MRN","ModifiedDate","ModifiedUUID","OrderingLabID","PatientID") 
VALUES(43,TRUE,96,'01/26/2017 06:11:16.544650',E'OSUEYDHYADLHSUQGQQPOSYXS',67,97,25,NULL,E'AUZMQEPVPORD','02/24/2017 15:50:29.349407',E'FVGQBLUTEWFLPVHUGIQKYZPQ',46,98);
INSERT INTO "public"."Accession"("ID","Active","ClientID","CreatedDate","CreatedUUID","Doctor1ID","Doctor2ID","FacilityID","JsonExtendedData","MRN","ModifiedDate","ModifiedUUID","OrderingLabID","PatientID") 
VALUES(44,FALSE,11,'01/19/2017 09:18:12.900733',E'ONTQVAWCDGTBDEPENT',39,8,58,NULL,E'CBSZVPTKPQYLOMJUHVCU','02/03/2017 00:06:10.167815',E'IVTMPHIKU',90,95);
INSERT INTO "public"."Accession"("ID","Active","ClientID","CreatedDate","CreatedUUID","Doctor1ID","Doctor2ID","FacilityID","JsonExtendedData","MRN","ModifiedDate","ModifiedUUID","OrderingLabID","PatientID") 
VALUES(45,FALSE,36,'02/26/2017 18:11:59.080109',E'VGLEVQVELOCJKTIBMHQWAWB',88,7,27,NULL,E'XDMXDIQPWAUNJKOUSUAZEA','02/28/2017 05:45:44.355164',E'CUEYXG',86,3);
INSERT INTO "public"."Accession"("ID","Active","ClientID","CreatedDate","CreatedUUID","Doctor1ID","Doctor2ID","FacilityID","JsonExtendedData","MRN","ModifiedDate","ModifiedUUID","OrderingLabID","PatientID") 
VALUES(46,TRUE,76,'03/02/2017 09:24:40.448333',E'GQHAHVGVWATVIZJDV',24,94,70,NULL,E'FWCJTBJXWYESAOXLJNIENK','03/10/2017 19:10:32.688148',E'JZHHJCOCTQLPHZJKGRWPTMZVC',64,50);
INSERT INTO "public"."Accession"("ID","Active","ClientID","CreatedDate","CreatedUUID","Doctor1ID","Doctor2ID","FacilityID","JsonExtendedData","MRN","ModifiedDate","ModifiedUUID","OrderingLabID","PatientID") 
VALUES(47,TRUE,50,'03/18/2017 02:47:26.064767',E'EDFAMDUGQPDOCNGKUWWNI',62,21,46,NULL,E'EZELFDFXHAETIBX','01/25/2017 04:19:00.507131',E'UZJPKHQLMJOPRMYWCB',10,73);
INSERT INTO "public"."Accession"("ID","Active","ClientID","CreatedDate","CreatedUUID","Doctor1ID","Doctor2ID","FacilityID","JsonExtendedData","MRN","ModifiedDate","ModifiedUUID","OrderingLabID","PatientID") 
VALUES(48,FALSE,54,'02/22/2017 13:54:26.822363',E'OANDNQQJPEUSJVXKAXKZYSZD',43,13,63,NULL,E'RSEKWJEMTSHIDCKJLRWK','03/08/2017 23:14:21.175836',E'PRESSVBGBYCYJNP',25,40);
INSERT INTO "public"."Accession"("ID","Active","ClientID","CreatedDate","CreatedUUID","Doctor1ID","Doctor2ID","FacilityID","JsonExtendedData","MRN","ModifiedDate","ModifiedUUID","OrderingLabID","PatientID") 
VALUES(49,TRUE,89,'02/22/2017 00:10:04.411031',E'BOKQINNHTXCHNFJH',69,51,14,NULL,E'HBULGCDP','03/07/2017 09:48:22.379083',E'TBHUYF',73,85);
INSERT INTO "public"."Accession"("ID","Active","ClientID","CreatedDate","CreatedUUID","Doctor1ID","Doctor2ID","FacilityID","JsonExtendedData","MRN","ModifiedDate","ModifiedUUID","OrderingLabID","PatientID") 
VALUES(50,FALSE,87,'03/18/2017 23:07:25.790391',E'TOWYKFYFW',3,72,84,NULL,E'EOBUMCYUBBNNVX','02/23/2017 01:40:33.094788',E'YFAWGFWNNBFADLGO',65,58);
INSERT INTO "public"."Accession"("ID","Active","ClientID","CreatedDate","CreatedUUID","Doctor1ID","Doctor2ID","FacilityID","JsonExtendedData","MRN","ModifiedDate","ModifiedUUID","OrderingLabID","PatientID") 
VALUES(51,TRUE,44,'03/01/2017 00:21:33.424225',E'AFLBZZSFUASZHXQGPF',53,31,74,NULL,E'UINJNGVOUTZ','03/03/2017 21:55:04.260552',E'RTEPFSWQKHXLJPXHYVWGADXH',87,51);
INSERT INTO "public"."Accession"("ID","Active","ClientID","CreatedDate","CreatedUUID","Doctor1ID","Doctor2ID","FacilityID","JsonExtendedData","MRN","ModifiedDate","ModifiedUUID","OrderingLabID","PatientID") 
VALUES(52,TRUE,57,'01/30/2017 02:15:27.093776',E'UEIWFEVWNANLIJYOAUS',61,10,28,NULL,E'VPVTIKUFCKAOF','02/07/2017 23:24:35.949407',E'KVHBYJMUVHHEIIZSVOLXO',70,45);
INSERT INTO "public"."Accession"("ID","Active","ClientID","CreatedDate","CreatedUUID","Doctor1ID","Doctor2ID","FacilityID","JsonExtendedData","MRN","ModifiedDate","ModifiedUUID","OrderingLabID","PatientID") 
VALUES(53,TRUE,41,'02/09/2017 17:42:39.634948',E'YBCQVJJTEB',7,29,29,NULL,E'SALBUDQDI','03/11/2017 22:25:15.314928',E'CCHCSDKGMAFIKOVTFQMWIFPII',81,23);
INSERT INTO "public"."Accession"("ID","Active","ClientID","CreatedDate","CreatedUUID","Doctor1ID","Doctor2ID","FacilityID","JsonExtendedData","MRN","ModifiedDate","ModifiedUUID","OrderingLabID","PatientID") 
VALUES(54,FALSE,16,'02/07/2017 02:09:19.192197',E'KLSMJALOQYLSFJKOTB',75,41,7,NULL,E'IGWODPHRZYI','01/30/2017 16:25:26.368532',E'KAOCQIURRSPIM',55,16);
INSERT INTO "public"."Accession"("ID","Active","ClientID","CreatedDate","CreatedUUID","Doctor1ID","Doctor2ID","FacilityID","JsonExtendedData","MRN","ModifiedDate","ModifiedUUID","OrderingLabID","PatientID") 
VALUES(55,TRUE,70,'02/09/2017 20:34:30.341376',E'ZNSLZO',4,68,8,NULL,E'KIZZLIJLCQGVALJ','01/31/2017 08:47:44.531769',E'TCYJIFELOMJNVDRFDYYUAMEGP',44,62);
INSERT INTO "public"."Accession"("ID","Active","ClientID","CreatedDate","CreatedUUID","Doctor1ID","Doctor2ID","FacilityID","JsonExtendedData","MRN","ModifiedDate","ModifiedUUID","OrderingLabID","PatientID") 
VALUES(56,TRUE,59,'01/20/2017 09:58:13.794194',E'LMNGCVHKEYSTBECFWPCZNDOHW',35,6,36,NULL,E'EZTUTTAEMNQNKTJDP','03/14/2017 01:02:40.830779',E'MCULWQZLBHLQZW',74,79);
INSERT INTO "public"."Accession"("ID","Active","ClientID","CreatedDate","CreatedUUID","Doctor1ID","Doctor2ID","FacilityID","JsonExtendedData","MRN","ModifiedDate","ModifiedUUID","OrderingLabID","PatientID") 
VALUES(57,FALSE,49,'02/03/2017 17:38:49.832555',E'PHNRWSAYOOCTOSEWCPF',9,23,5,NULL,E'FTXWAKOVYXWXHQXPZGKAR','01/24/2017 13:45:38.770370',E'OFBJUEELSGRZMUYLDYA',69,96);
INSERT INTO "public"."Accession"("ID","Active","ClientID","CreatedDate","CreatedUUID","Doctor1ID","Doctor2ID","FacilityID","JsonExtendedData","MRN","ModifiedDate","ModifiedUUID","OrderingLabID","PatientID") 
VALUES(58,TRUE,12,'02/20/2017 04:31:42.279621',E'OTSWOQZ',66,28,51,NULL,E'QWYTSVQUOTJGPIGEDD','02/19/2017 04:46:45.379821',E'YUHDGXDDXXHGGFIPTAMUGDFOI',11,78);
INSERT INTO "public"."Accession"("ID","Active","ClientID","CreatedDate","CreatedUUID","Doctor1ID","Doctor2ID","FacilityID","JsonExtendedData","MRN","ModifiedDate","ModifiedUUID","OrderingLabID","PatientID") 
VALUES(59,FALSE,45,'03/03/2017 11:42:44.587467',E'KBZMNUNJUNXJXWEYDDDYY',87,64,43,NULL,E'KYBPDRZNAMMKDUSSISZ','02/27/2017 11:45:16.113314',E'TYOJGJMVTSUVJHDTGMJB',75,6);
INSERT INTO "public"."Accession"("ID","Active","ClientID","CreatedDate","CreatedUUID","Doctor1ID","Doctor2ID","FacilityID","JsonExtendedData","MRN","ModifiedDate","ModifiedUUID","OrderingLabID","PatientID") 
VALUES(60,TRUE,78,'02/25/2017 10:39:59.680891',E'BEKUTYVHFXVADPKGSNOHVBF',60,22,42,NULL,E'ORBXA','02/09/2017 13:33:52.200282',E'USFFYGLVGZSZJIJWXGSHHOTBB',47,36);
INSERT INTO "public"."Accession"("ID","Active","ClientID","CreatedDate","CreatedUUID","Doctor1ID","Doctor2ID","FacilityID","JsonExtendedData","MRN","ModifiedDate","ModifiedUUID","OrderingLabID","PatientID") 
VALUES(61,FALSE,19,'03/13/2017 14:05:48.083331',E'BCMWTZ',94,16,57,NULL,E'VNYBZTPXSGFNCMVDXUYMAOT','03/07/2017 04:06:24.482419',E'AVJSTKIZI',6,74);
INSERT INTO "public"."Accession"("ID","Active","ClientID","CreatedDate","CreatedUUID","Doctor1ID","Doctor2ID","FacilityID","JsonExtendedData","MRN","ModifiedDate","ModifiedUUID","OrderingLabID","PatientID") 
VALUES(62,FALSE,68,'02/12/2017 16:11:12.790938',E'ZSTOIZNEWNGBIYYGMVXWXLYQ',58,66,55,NULL,E'OEESWGVR','01/19/2017 19:49:03.053385',E'ZYHGJYMPPJCVGPGT',71,69);
INSERT INTO "public"."Accession"("ID","Active","ClientID","CreatedDate","CreatedUUID","Doctor1ID","Doctor2ID","FacilityID","JsonExtendedData","MRN","ModifiedDate","ModifiedUUID","OrderingLabID","PatientID") 
VALUES(63,FALSE,30,'02/28/2017 02:36:08.542376',E'DUPXSRHQUEFJNAQGO',41,42,20,NULL,E'UEWXPOGKCADGCJ','02/28/2017 02:07:30.089274',E'HCVROUCIVYDHIS',99,20);
INSERT INTO "public"."Accession"("ID","Active","ClientID","CreatedDate","CreatedUUID","Doctor1ID","Doctor2ID","FacilityID","JsonExtendedData","MRN","ModifiedDate","ModifiedUUID","OrderingLabID","PatientID") 
VALUES(64,FALSE,71,'01/28/2017 18:25:28.177096',E'PXZTSXLZHGKLHMA',91,91,83,NULL,E'CUUQODRJ','02/26/2017 21:01:09.777453',E'BIXFYMSIBQWLBCTPDX',2,8);
INSERT INTO "public"."Accession"("ID","Active","ClientID","CreatedDate","CreatedUUID","Doctor1ID","Doctor2ID","FacilityID","JsonExtendedData","MRN","ModifiedDate","ModifiedUUID","OrderingLabID","PatientID") 
VALUES(65,FALSE,46,'01/19/2017 16:50:14.235358',E'ZFHRIJDHE',10,2,32,NULL,E'YLGYQKCTRSAT','03/15/2017 15:08:53.466354',E'GOVYQGAAQEPYJHHNCNFT',35,90);
INSERT INTO "public"."Accession"("ID","Active","ClientID","CreatedDate","CreatedUUID","Doctor1ID","Doctor2ID","FacilityID","JsonExtendedData","MRN","ModifiedDate","ModifiedUUID","OrderingLabID","PatientID") 
VALUES(66,FALSE,40,'03/17/2017 23:20:20.162603',E'ZQNOJQXGDSCWHIEELCQDZMEJG',46,52,82,NULL,E'HTCRNBPTZXUXLUFQF','01/26/2017 18:10:36.668001',E'LPFVJHJUIEXEE',83,47);
INSERT INTO "public"."Accession"("ID","Active","ClientID","CreatedDate","CreatedUUID","Doctor1ID","Doctor2ID","FacilityID","JsonExtendedData","MRN","ModifiedDate","ModifiedUUID","OrderingLabID","PatientID") 
VALUES(67,FALSE,38,'03/14/2017 14:01:48.528188',E'FXGLGDTTGBX',32,26,53,NULL,E'MANQUGIWUAS','03/12/2017 10:49:40.183857',E'XQYIWLIVMJU',62,12);
INSERT INTO "public"."Accession"("ID","Active","ClientID","CreatedDate","CreatedUUID","Doctor1ID","Doctor2ID","FacilityID","JsonExtendedData","MRN","ModifiedDate","ModifiedUUID","OrderingLabID","PatientID") 
VALUES(68,TRUE,24,'01/28/2017 05:54:41.066612',E'RZSEKFUOWTJ',77,73,98,NULL,E'OROZUUWMVDO','01/28/2017 17:06:09.106533',E'BYEYITBVRS',57,21);
INSERT INTO "public"."Accession"("ID","Active","ClientID","CreatedDate","CreatedUUID","Doctor1ID","Doctor2ID","FacilityID","JsonExtendedData","MRN","ModifiedDate","ModifiedUUID","OrderingLabID","PatientID") 
VALUES(69,TRUE,22,'01/31/2017 22:50:05.657707',E'LYAWFVWMDERPFWPT',100,75,13,NULL,E'QNPKHQUDVFYIU','03/13/2017 15:03:18.424845',E'QHNJCWBVUMDHEJCCHA',27,35);
INSERT INTO "public"."Accession"("ID","Active","ClientID","CreatedDate","CreatedUUID","Doctor1ID","Doctor2ID","FacilityID","JsonExtendedData","MRN","ModifiedDate","ModifiedUUID","OrderingLabID","PatientID") 
VALUES(70,TRUE,81,'03/15/2017 10:28:02.374472',E'DMEOOQPJIVEZXJVLKJZLVGO',44,55,64,NULL,E'SFVRPNAAP','02/08/2017 23:26:17.961921',E'QILEOSWQX',5,91);
INSERT INTO "public"."Accession"("ID","Active","ClientID","CreatedDate","CreatedUUID","Doctor1ID","Doctor2ID","FacilityID","JsonExtendedData","MRN","ModifiedDate","ModifiedUUID","OrderingLabID","PatientID") 
VALUES(71,FALSE,23,'02/23/2017 12:07:57.639810',E'OHCASYONMSJGVTZYYX',27,57,60,NULL,E'XUHZAENZQNFNOBUURKEAJBL','01/25/2017 10:53:11.552492',E'VCXFLODZUESJASKGBGXTYP',92,42);
INSERT INTO "public"."Accession"("ID","Active","ClientID","CreatedDate","CreatedUUID","Doctor1ID","Doctor2ID","FacilityID","JsonExtendedData","MRN","ModifiedDate","ModifiedUUID","OrderingLabID","PatientID") 
VALUES(72,TRUE,74,'03/03/2017 16:41:36.037612',E'FVHJOOYZZB',18,34,26,NULL,E'COZFBUNAFYARHAWDICBW','01/22/2017 07:59:04.803994',E'JHFLH',33,86);
INSERT INTO "public"."Accession"("ID","Active","ClientID","CreatedDate","CreatedUUID","Doctor1ID","Doctor2ID","FacilityID","JsonExtendedData","MRN","ModifiedDate","ModifiedUUID","OrderingLabID","PatientID") 
VALUES(73,TRUE,62,'02/14/2017 04:08:53.044095',E'ADMHHXICCEQRL',73,47,95,NULL,E'MBZZDYISPXRXDBKRXBRWB','02/15/2017 02:33:39.144097',E'EYSREHISRTFNZTBYWTF',89,38);
INSERT INTO "public"."Accession"("ID","Active","ClientID","CreatedDate","CreatedUUID","Doctor1ID","Doctor2ID","FacilityID","JsonExtendedData","MRN","ModifiedDate","ModifiedUUID","OrderingLabID","PatientID") 
VALUES(74,TRUE,18,'02/06/2017 19:55:18.735579',E'BFISMZOR',95,25,17,NULL,E'ZOIGPPZWZ','02/02/2017 20:36:04.743212',E'KWHDSCQOKABEJZGBQG',50,68);
INSERT INTO "public"."Accession"("ID","Active","ClientID","CreatedDate","CreatedUUID","Doctor1ID","Doctor2ID","FacilityID","JsonExtendedData","MRN","ModifiedDate","ModifiedUUID","OrderingLabID","PatientID") 
VALUES(75,FALSE,47,'03/14/2017 12:21:21.630744',E'GTJNR',13,3,18,NULL,E'YKLYHUKBEHMKFTOSH','03/16/2017 13:15:56.243409',E'DDUYXRDWQJVHUULROZOVNGZO',36,93);
INSERT INTO "public"."Accession"("ID","Active","ClientID","CreatedDate","CreatedUUID","Doctor1ID","Doctor2ID","FacilityID","JsonExtendedData","MRN","ModifiedDate","ModifiedUUID","OrderingLabID","PatientID") 
VALUES(76,FALSE,27,'03/05/2017 05:07:19.723561',E'YLPZS',34,40,67,NULL,E'CQBIN','02/12/2017 18:24:36.317987',E'TJLBKHUP',23,52);
INSERT INTO "public"."Accession"("ID","Active","ClientID","CreatedDate","CreatedUUID","Doctor1ID","Doctor2ID","FacilityID","JsonExtendedData","MRN","ModifiedDate","ModifiedUUID","OrderingLabID","PatientID") 
VALUES(77,TRUE,28,'03/07/2017 01:28:42.968705',E'MNJCSRVQILNIDZJTE',81,87,75,NULL,E'QJBEXTNXNQO','02/19/2017 19:57:26.695596',E'IRRPBOAZOMJJBNEDIMPWPFMW',32,89);
INSERT INTO "public"."Accession"("ID","Active","ClientID","CreatedDate","CreatedUUID","Doctor1ID","Doctor2ID","FacilityID","JsonExtendedData","MRN","ModifiedDate","ModifiedUUID","OrderingLabID","PatientID") 
VALUES(78,TRUE,2,'02/12/2017 21:08:45.691579',E'LXRFFWKO',64,61,38,NULL,E'RNLONTSBWQJH','02/03/2017 23:03:29.119395',E'EHLQITALTQUEOCXH',96,37);
INSERT INTO "public"."Accession"("ID","Active","ClientID","CreatedDate","CreatedUUID","Doctor1ID","Doctor2ID","FacilityID","JsonExtendedData","MRN","ModifiedDate","ModifiedUUID","OrderingLabID","PatientID") 
VALUES(79,FALSE,42,'02/20/2017 13:56:22.625127',E'ZICHDGKPPOZYTJALHYUHC',21,82,40,NULL,E'MNVOWMYXPPLKSXIQ','02/03/2017 09:04:05.915898',E'ZKBDWBLUHTWYYJVR',60,84);
INSERT INTO "public"."Accession"("ID","Active","ClientID","CreatedDate","CreatedUUID","Doctor1ID","Doctor2ID","FacilityID","JsonExtendedData","MRN","ModifiedDate","ModifiedUUID","OrderingLabID","PatientID") 
VALUES(80,TRUE,99,'03/09/2017 22:21:04.541736',E'SCSCHL',89,81,87,NULL,E'STMXSXWCKHH','02/20/2017 20:14:35.669562',E'LBLNBSPAFPCNEJAZWMTADTGWC',63,13);
INSERT INTO "public"."Accession"("ID","Active","ClientID","CreatedDate","CreatedUUID","Doctor1ID","Doctor2ID","FacilityID","JsonExtendedData","MRN","ModifiedDate","ModifiedUUID","OrderingLabID","PatientID") 
VALUES(81,TRUE,79,'03/14/2017 10:24:42.610586',E'CYJBAJHTZNICE',30,56,73,NULL,E'ARWXY','02/26/2017 07:13:47.533909',E'EWLLYUGBVVS',17,75);
INSERT INTO "public"."Accession"("ID","Active","ClientID","CreatedDate","CreatedUUID","Doctor1ID","Doctor2ID","FacilityID","JsonExtendedData","MRN","ModifiedDate","ModifiedUUID","OrderingLabID","PatientID") 
VALUES(82,TRUE,97,'01/23/2017 03:00:31.018569',E'TSOZRRMNGPOCCCLJP',33,88,85,NULL,E'ZVTZTUCKMYSRMXYIGJVOK','01/22/2017 06:25:42.324746',E'VCSMUFMUMYPLZFLZCSJ',38,83);
INSERT INTO "public"."Accession"("ID","Active","ClientID","CreatedDate","CreatedUUID","Doctor1ID","Doctor2ID","FacilityID","JsonExtendedData","MRN","ModifiedDate","ModifiedUUID","OrderingLabID","PatientID") 
VALUES(83,FALSE,72,'03/12/2017 22:49:41.931025',E'CGGAEYGJPGNCWRG',19,100,59,NULL,E'ABLRVBSGTJTIZXDEJVLCZNEDV','02/26/2017 17:59:41.971572',E'DSQOZPHQRZUBUFCDO',93,77);
INSERT INTO "public"."Accession"("ID","Active","ClientID","CreatedDate","CreatedUUID","Doctor1ID","Doctor2ID","FacilityID","JsonExtendedData","MRN","ModifiedDate","ModifiedUUID","OrderingLabID","PatientID") 
VALUES(84,TRUE,29,'03/12/2017 16:36:21.045786',E'DAFYWX',57,63,93,NULL,E'KTOGGRPVNUWBEJDU','01/27/2017 05:18:56.923976',E'ISDWP',14,64);
INSERT INTO "public"."Accession"("ID","Active","ClientID","CreatedDate","CreatedUUID","Doctor1ID","Doctor2ID","FacilityID","JsonExtendedData","MRN","ModifiedDate","ModifiedUUID","OrderingLabID","PatientID") 
VALUES(85,TRUE,14,'03/03/2017 07:48:55.584821',E'DYJBDGSWFXXKIGHGABYFNAN',20,79,45,NULL,E'DOPCHCVWVYHLLXOATYX','01/31/2017 21:45:41.928025',E'CSZCSKVZLQY',79,88);
INSERT INTO "public"."Accession"("ID","Active","ClientID","CreatedDate","CreatedUUID","Doctor1ID","Doctor2ID","FacilityID","JsonExtendedData","MRN","ModifiedDate","ModifiedUUID","OrderingLabID","PatientID") 
VALUES(86,TRUE,7,'03/10/2017 22:28:31.128613',E'WEBTVGJXRGUYUTC',50,30,4,NULL,E'XDRCPQEGEBILJ','01/31/2017 20:59:36.482491',E'JPCKZKHJYRSC',77,48);
INSERT INTO "public"."Accession"("ID","Active","ClientID","CreatedDate","CreatedUUID","Doctor1ID","Doctor2ID","FacilityID","JsonExtendedData","MRN","ModifiedDate","ModifiedUUID","OrderingLabID","PatientID") 
VALUES(87,TRUE,92,'01/21/2017 19:29:45.887644',E'CMSVHMEEHI',37,86,12,NULL,E'DMMENQMJWIZLSZ','03/06/2017 13:50:23.290874',E'TJYYNEGZLMIQQSGBWOU',9,63);
INSERT INTO "public"."Accession"("ID","Active","ClientID","CreatedDate","CreatedUUID","Doctor1ID","Doctor2ID","FacilityID","JsonExtendedData","MRN","ModifiedDate","ModifiedUUID","OrderingLabID","PatientID") 
VALUES(88,FALSE,20,'03/03/2017 04:08:08.880188',E'SGVKCPHQQAZRKFXMMBGMUBM',56,69,50,NULL,E'AEFFEIFIXWZZWFPUWQDNEFLR','01/23/2017 18:39:08.426212',E'JCPLQAS',76,60);
INSERT INTO "public"."Accession"("ID","Active","ClientID","CreatedDate","CreatedUUID","Doctor1ID","Doctor2ID","FacilityID","JsonExtendedData","MRN","ModifiedDate","ModifiedUUID","OrderingLabID","PatientID") 
VALUES(89,FALSE,26,'02/22/2017 12:53:42.019166',E'KKJXRAXIZDDMQPHV',99,37,6,NULL,E'KOFIBPAONHNXPVWVVPRVJ','02/23/2017 08:08:16.561189',E'RGKCMTQPSQAUSBRMVRCNQCE',1,76);
INSERT INTO "public"."Accession"("ID","Active","ClientID","CreatedDate","CreatedUUID","Doctor1ID","Doctor2ID","FacilityID","JsonExtendedData","MRN","ModifiedDate","ModifiedUUID","OrderingLabID","PatientID") 
VALUES(90,FALSE,34,'01/24/2017 02:11:28.746064',E'CAJPJKAM',93,70,47,NULL,E'WPWDOBUHZYBFSVJKPEMJDNZ','01/20/2017 13:05:48.318374',E'UGTQZAWQWJJGAEJ',52,49);
INSERT INTO "public"."Accession"("ID","Active","ClientID","CreatedDate","CreatedUUID","Doctor1ID","Doctor2ID","FacilityID","JsonExtendedData","MRN","ModifiedDate","ModifiedUUID","OrderingLabID","PatientID") 
VALUES(91,FALSE,6,'01/19/2017 02:26:15.236642',E'GFBCKEMBDCLC',68,1,16,NULL,E'UTQYOFGHUHYQEDA','02/15/2017 00:23:23.655119',E'YKQHISPFTXNHZVZSRKBWIRIG',12,54);
INSERT INTO "public"."Accession"("ID","Active","ClientID","CreatedDate","CreatedUUID","Doctor1ID","Doctor2ID","FacilityID","JsonExtendedData","MRN","ModifiedDate","ModifiedUUID","OrderingLabID","PatientID") 
VALUES(92,TRUE,91,'02/26/2017 09:55:43.350974',E'KVQBBJLA',5,77,49,NULL,E'ZZODFKQAFEVZHRKJN','02/01/2017 00:08:21.306897',E'RNZOBSOEWWYZNB',30,15);
INSERT INTO "public"."Accession"("ID","Active","ClientID","CreatedDate","CreatedUUID","Doctor1ID","Doctor2ID","FacilityID","JsonExtendedData","MRN","ModifiedDate","ModifiedUUID","OrderingLabID","PatientID") 
VALUES(93,TRUE,80,'03/14/2017 02:43:47.622227',E'DOQEMOIFCUJIREFGXB',80,58,48,NULL,E'WQTPBFOBZWODWDLFMSMIBRA','02/13/2017 03:08:54.933745',E'YLBODMYEMQTOOCFFPON',91,99);
INSERT INTO "public"."Accession"("ID","Active","ClientID","CreatedDate","CreatedUUID","Doctor1ID","Doctor2ID","FacilityID","JsonExtendedData","MRN","ModifiedDate","ModifiedUUID","OrderingLabID","PatientID") 
VALUES(94,FALSE,61,'02/24/2017 20:34:19.182347',E'EWDBOEH',17,71,34,NULL,E'DOWRWGTBF','02/20/2017 20:50:59.537617',E'SXXPJKAATOGBYUMGZVZI',20,82);
INSERT INTO "public"."Accession"("ID","Active","ClientID","CreatedDate","CreatedUUID","Doctor1ID","Doctor2ID","FacilityID","JsonExtendedData","MRN","ModifiedDate","ModifiedUUID","OrderingLabID","PatientID") 
VALUES(95,TRUE,3,'01/18/2017 15:18:32.190172',E'JHZXHGYDJZGRSRVEGJOUD',83,90,97,NULL,E'HDSUYNOUJARQKFZAU','01/20/2017 00:00:07.678344',E'RETLQFXUFDHCERRJELRHMD',88,10);
INSERT INTO "public"."Accession"("ID","Active","ClientID","CreatedDate","CreatedUUID","Doctor1ID","Doctor2ID","FacilityID","JsonExtendedData","MRN","ModifiedDate","ModifiedUUID","OrderingLabID","PatientID") 
VALUES(96,FALSE,17,'02/03/2017 02:25:34.513843',E'CRKEJHLPKDJEHIADHTODYM',82,24,62,NULL,E'XZFUBV','02/02/2017 19:17:31.541928',E'MDTYHXRYGHLBLJHTKGCYHO',8,87);
INSERT INTO "public"."Accession"("ID","Active","ClientID","CreatedDate","CreatedUUID","Doctor1ID","Doctor2ID","FacilityID","JsonExtendedData","MRN","ModifiedDate","ModifiedUUID","OrderingLabID","PatientID") 
VALUES(97,FALSE,21,'01/31/2017 17:42:47.223818',E'ITOQEL',14,44,39,NULL,E'RPCUQYAEVOEAQMVTURFUTPDQ','01/31/2017 10:10:37.098762',E'VNZNCHZEEDZRIQJGPUOBYG',84,14);
INSERT INTO "public"."Accession"("ID","Active","ClientID","CreatedDate","CreatedUUID","Doctor1ID","Doctor2ID","FacilityID","JsonExtendedData","MRN","ModifiedDate","ModifiedUUID","OrderingLabID","PatientID") 
VALUES(98,FALSE,64,'02/04/2017 09:13:27.518270',E'THASIKNKUSZYAGTGEUREPJBIK',59,93,33,NULL,E'XPHKHJZUJFXOYFQ','03/01/2017 12:09:04.450850',E'VYLNB',68,29);
INSERT INTO "public"."Accession"("ID","Active","ClientID","CreatedDate","CreatedUUID","Doctor1ID","Doctor2ID","FacilityID","JsonExtendedData","MRN","ModifiedDate","ModifiedUUID","OrderingLabID","PatientID") 
VALUES(99,FALSE,69,'02/24/2017 21:35:17.981857',E'UXARB',98,49,94,NULL,E'DGXFNJBXCVUBSSWS','02/25/2017 09:24:24.121127',E'UIMKVNQY',29,25);
INSERT INTO "public"."Accession"("ID","Active","ClientID","CreatedDate","CreatedUUID","Doctor1ID","Doctor2ID","FacilityID","JsonExtendedData","MRN","ModifiedDate","ModifiedUUID","OrderingLabID","PatientID") 
VALUES(100,FALSE,5,'02/13/2017 18:08:49.656545',E'MSXKDSX',15,67,61,NULL,E'JOEIKSMLOMDOXP','02/24/2017 22:40:00.610619',E'VOWBCYBLFFLCYUZ',24,24);
COMMIT;

/* Generating data for table public.Batch... */
INSERT INTO "public"."Batch"("ID","Active","BatchNumber","BatchStatus","CreatedDate","CreatedUUID","JsonExtendedData","ModifiedDate","ModifiedUUID") 
VALUES(1,TRUE,E'KMKSOFAKGEIKSGTNKFFWH',E'COBMCDLHEWJRZLWJBW','03/13/2017 01:46:34.737880',E'YUTYPKIACWMSJ',NULL,'03/09/2017 18:58:46.823493',E'BEAYWVBDVNIFMIBX');
INSERT INTO "public"."Batch"("ID","Active","BatchNumber","BatchStatus","CreatedDate","CreatedUUID","JsonExtendedData","ModifiedDate","ModifiedUUID") 
VALUES(2,TRUE,E'XCIHI',E'GQGVSLFFFMKQAU','02/03/2017 07:14:06.213056',E'PLYZMLJ',NULL,'02/10/2017 16:58:48.972140',E'GKQGAVZHOILWZZLLBCLNQW');
INSERT INTO "public"."Batch"("ID","Active","BatchNumber","BatchStatus","CreatedDate","CreatedUUID","JsonExtendedData","ModifiedDate","ModifiedUUID") 
VALUES(3,TRUE,E'BBDIOPKCWPYMFRILMH',E'VESSQDQUKVRLRNHGWIQPMA','02/13/2017 03:28:29.882093',E'FJVKLVIFJKKWIXQSZOUITU',NULL,'03/10/2017 09:52:15.258991',E'RZVASPKKWJFMBRQWUJJLC');
INSERT INTO "public"."Batch"("ID","Active","BatchNumber","BatchStatus","CreatedDate","CreatedUUID","JsonExtendedData","ModifiedDate","ModifiedUUID") 
VALUES(4,TRUE,E'IPBFKGN',E'IPIQPWHN','01/27/2017 18:21:25.920385',E'OJWDVDDM',NULL,'02/13/2017 14:55:12.295056',E'HJGPMCXGYNXFDNTHEMMZNAOI');
INSERT INTO "public"."Batch"("ID","Active","BatchNumber","BatchStatus","CreatedDate","CreatedUUID","JsonExtendedData","ModifiedDate","ModifiedUUID") 
VALUES(5,FALSE,E'AEOBNLAFGYCRKXWVACCGYSKTW',E'QIEPTGDONHSGAAFKAF','03/06/2017 14:15:14.539758',E'DKCSWJXAOBS',NULL,'01/25/2017 17:11:54.103948',E'ZYHSFHFSKDIUOGVU');
INSERT INTO "public"."Batch"("ID","Active","BatchNumber","BatchStatus","CreatedDate","CreatedUUID","JsonExtendedData","ModifiedDate","ModifiedUUID") 
VALUES(6,FALSE,E'YBOPAVPUJ',E'RSDPQGTVRRQN','01/27/2017 19:19:37.705518',E'CEWNBLDYLJZHMMXXX',NULL,'03/12/2017 14:38:30.253165',E'EZTRHHVDXNHQMBYDJCCAKV');
INSERT INTO "public"."Batch"("ID","Active","BatchNumber","BatchStatus","CreatedDate","CreatedUUID","JsonExtendedData","ModifiedDate","ModifiedUUID") 
VALUES(7,TRUE,E'MBIDCNZMFQQBTE',E'OWENPWKOYWNYABRCBLLIHO','03/05/2017 18:52:22.636755',E'YTWOVYS',NULL,'02/19/2017 22:56:10.045484',E'SAIPCTDDRXMQUSITLSTDYW');
INSERT INTO "public"."Batch"("ID","Active","BatchNumber","BatchStatus","CreatedDate","CreatedUUID","JsonExtendedData","ModifiedDate","ModifiedUUID") 
VALUES(8,FALSE,E'NCHANYKTXSQKPUOBVHMGUSJKF',E'TIFZAKKGASH','02/04/2017 19:07:11.252117',E'JIYFHHOACYURLJSXYCGRMVEZ',NULL,'03/04/2017 07:54:55.900429',E'GDWWPRD');
INSERT INTO "public"."Batch"("ID","Active","BatchNumber","BatchStatus","CreatedDate","CreatedUUID","JsonExtendedData","ModifiedDate","ModifiedUUID") 
VALUES(9,TRUE,E'PJXXTVHBTQDZOFKG',E'HHDGXQIN','01/20/2017 07:37:36.490260',E'BYMZGFRRTLUTPA',NULL,'03/02/2017 08:40:48.689749',E'TKSGIUSHCVONCWCJPCBUVN');
INSERT INTO "public"."Batch"("ID","Active","BatchNumber","BatchStatus","CreatedDate","CreatedUUID","JsonExtendedData","ModifiedDate","ModifiedUUID") 
VALUES(10,FALSE,E'BIOKGENSCBOZJZJHHMCHE',E'YQEVNLBYQRLCBORE','01/23/2017 03:19:45.676246',E'WSKSZVUUPZNQMFZHMDPPFL',NULL,'01/24/2017 08:21:49.584554',E'YXMMDSSPCXJTO');
INSERT INTO "public"."Batch"("ID","Active","BatchNumber","BatchStatus","CreatedDate","CreatedUUID","JsonExtendedData","ModifiedDate","ModifiedUUID") 
VALUES(11,FALSE,E'NFRZYO',E'TYZEVDIDEMXKNNHUEZKJC','03/02/2017 19:41:02.865204',E'NIRUYZ',NULL,'03/17/2017 04:40:23.735746',E'DTSREJ');
INSERT INTO "public"."Batch"("ID","Active","BatchNumber","BatchStatus","CreatedDate","CreatedUUID","JsonExtendedData","ModifiedDate","ModifiedUUID") 
VALUES(12,FALSE,E'FPHGLJISX',E'TVHPZUDSSCXRKH','03/12/2017 21:37:18.102197',E'YEANFWEIGKBUHQUZKGRK',NULL,'01/20/2017 16:18:07.946941',E'ECMIMBGSN');
INSERT INTO "public"."Batch"("ID","Active","BatchNumber","BatchStatus","CreatedDate","CreatedUUID","JsonExtendedData","ModifiedDate","ModifiedUUID") 
VALUES(13,FALSE,E'JVQXOXLTVFLF',E'VCVVNZCKQHOHSSFAVORCYPNM','01/18/2017 14:10:21.418128',E'HODHASHSQCIK',NULL,'01/24/2017 05:26:13.606644',E'FEZFIUIAVQLKXBPIDJ');
INSERT INTO "public"."Batch"("ID","Active","BatchNumber","BatchStatus","CreatedDate","CreatedUUID","JsonExtendedData","ModifiedDate","ModifiedUUID") 
VALUES(14,TRUE,E'BGMNP',E'MNPUPJGKQZHAGIFXIETAHCI','01/20/2017 19:48:52.023038',E'HKPEHTRIZPQDGBCSLZAJVFK',NULL,'03/15/2017 15:32:21.501940',E'KMWNZAQFMRON');
INSERT INTO "public"."Batch"("ID","Active","BatchNumber","BatchStatus","CreatedDate","CreatedUUID","JsonExtendedData","ModifiedDate","ModifiedUUID") 
VALUES(15,FALSE,E'UEDHZNFQQDYDMFYENGU',E'YSPBJOGRQHWXXC','03/13/2017 20:40:40.402601',E'DVZMBUVLAWAHX',NULL,'01/21/2017 05:44:57.411811',E'OGQMACWCPTTCAGXOQEUG');
INSERT INTO "public"."Batch"("ID","Active","BatchNumber","BatchStatus","CreatedDate","CreatedUUID","JsonExtendedData","ModifiedDate","ModifiedUUID") 
VALUES(16,FALSE,E'OZXPICOVC',E'GRKUYL','03/09/2017 23:05:53.791481',E'BIRELGHETO',NULL,'02/24/2017 01:38:38.187540',E'PKSUXN');
INSERT INTO "public"."Batch"("ID","Active","BatchNumber","BatchStatus","CreatedDate","CreatedUUID","JsonExtendedData","ModifiedDate","ModifiedUUID") 
VALUES(17,FALSE,E'IMQESJGEPIGDLTNSMIUMGZLA',E'RDDFCGJMD','01/21/2017 00:43:20.140029',E'AQXBXOSVVAMRKYCAINBUPLAZ',NULL,'03/18/2017 04:59:28.131918',E'LIVQPOWPCMQBDDZVVICM');
INSERT INTO "public"."Batch"("ID","Active","BatchNumber","BatchStatus","CreatedDate","CreatedUUID","JsonExtendedData","ModifiedDate","ModifiedUUID") 
VALUES(18,TRUE,E'JEQXPPJXPWCJGEAF',E'CEWEZKPGXHLUAE','02/05/2017 13:35:27.342113',E'PABFP',NULL,'02/13/2017 17:54:50.519182',E'RPBDV');
INSERT INTO "public"."Batch"("ID","Active","BatchNumber","BatchStatus","CreatedDate","CreatedUUID","JsonExtendedData","ModifiedDate","ModifiedUUID") 
VALUES(19,FALSE,E'OZXRS',E'RXOZPB','03/03/2017 22:21:11.276383',E'RDLBGP',NULL,'02/18/2017 18:59:17.142231',E'JBDBHSKOBGKSLONUPZYVEJDN');
INSERT INTO "public"."Batch"("ID","Active","BatchNumber","BatchStatus","CreatedDate","CreatedUUID","JsonExtendedData","ModifiedDate","ModifiedUUID") 
VALUES(20,TRUE,E'JBKHPWDCCGUXD',E'KKKADEK','02/18/2017 14:40:15.501358',E'QHZZMZAG',NULL,'01/18/2017 12:19:34.802359',E'VATEOXONQTRCH');
INSERT INTO "public"."Batch"("ID","Active","BatchNumber","BatchStatus","CreatedDate","CreatedUUID","JsonExtendedData","ModifiedDate","ModifiedUUID") 
VALUES(21,TRUE,E'YUQXXTXHEGHRYCYX',E'FKJUCEAEVUSPJQFFN','02/10/2017 00:28:12.925037',E'YCPPUICUUVGWYWLB',NULL,'03/03/2017 00:42:21.333058',E'ZHRPFUUWDIA');
INSERT INTO "public"."Batch"("ID","Active","BatchNumber","BatchStatus","CreatedDate","CreatedUUID","JsonExtendedData","ModifiedDate","ModifiedUUID") 
VALUES(22,TRUE,E'QDGQCCHTLWU',E'VWPCTWHPIUVARPGGALYC','02/25/2017 14:23:04.474548',E'FBKBLLHDLCXISAWWYFLXF',NULL,'02/17/2017 06:56:59.206804',E'KKKOSXBCUONILXVPGEXVRV');
INSERT INTO "public"."Batch"("ID","Active","BatchNumber","BatchStatus","CreatedDate","CreatedUUID","JsonExtendedData","ModifiedDate","ModifiedUUID") 
VALUES(23,FALSE,E'UJFPMZNGZI',E'IGAAGVQOMSNVV','03/10/2017 15:33:58.704343',E'JUWREAXXTOGIJ',NULL,'02/14/2017 10:29:36.218082',E'RFIHCEGQENFBOFEKBBRRH');
INSERT INTO "public"."Batch"("ID","Active","BatchNumber","BatchStatus","CreatedDate","CreatedUUID","JsonExtendedData","ModifiedDate","ModifiedUUID") 
VALUES(24,TRUE,E'XLZTANV',E'BJXEEWXS','02/19/2017 06:10:04.980740',E'BEDFDUQWHRCEEKG',NULL,'03/06/2017 12:25:05.863938',E'YOJERCJYBAKYFRTVAYWZASCJU');
INSERT INTO "public"."Batch"("ID","Active","BatchNumber","BatchStatus","CreatedDate","CreatedUUID","JsonExtendedData","ModifiedDate","ModifiedUUID") 
VALUES(25,TRUE,E'ASSNLTVRZAIPXE',E'MBJCPPLZXCBKBO','03/11/2017 11:44:28.656606',E'WRHUWJBCIXAEYLR',NULL,'03/04/2017 15:37:42.510427',E'VTNIAALNNIIFJQOQRCQCDAOR');
INSERT INTO "public"."Batch"("ID","Active","BatchNumber","BatchStatus","CreatedDate","CreatedUUID","JsonExtendedData","ModifiedDate","ModifiedUUID") 
VALUES(26,FALSE,E'OJIKEEZ',E'SHLDSZRFXGKXWDWLYB','03/01/2017 14:56:08.482828',E'QIXHW',NULL,'02/24/2017 04:55:11.638280',E'DRUZRSNZRVBYGGJEL');
INSERT INTO "public"."Batch"("ID","Active","BatchNumber","BatchStatus","CreatedDate","CreatedUUID","JsonExtendedData","ModifiedDate","ModifiedUUID") 
VALUES(27,FALSE,E'LTNDH',E'ZJSYUPG','02/15/2017 10:11:45.639189',E'DRQBX',NULL,'02/17/2017 00:23:48.986816',E'NYNZDWBGUOFWUWWQEMRAAWW');
INSERT INTO "public"."Batch"("ID","Active","BatchNumber","BatchStatus","CreatedDate","CreatedUUID","JsonExtendedData","ModifiedDate","ModifiedUUID") 
VALUES(28,TRUE,E'KABXRZPSNWHODHZB',E'OYRFQORQQNME','03/15/2017 10:17:11.558453',E'PCLYQXDRHCDH',NULL,'02/21/2017 01:43:04.842143',E'CNPFQH');
INSERT INTO "public"."Batch"("ID","Active","BatchNumber","BatchStatus","CreatedDate","CreatedUUID","JsonExtendedData","ModifiedDate","ModifiedUUID") 
VALUES(29,TRUE,E'YSQLAXFQCZZYYXF',E'XLAJHS','01/30/2017 19:20:59.279754',E'VVWZXLOPLKYPLUKKHB',NULL,'02/22/2017 07:42:43.815717',E'XTJJAGVFTJFJQN');
INSERT INTO "public"."Batch"("ID","Active","BatchNumber","BatchStatus","CreatedDate","CreatedUUID","JsonExtendedData","ModifiedDate","ModifiedUUID") 
VALUES(30,TRUE,E'LOSPYRIZZDQZMPEKQWDXGFO',E'GNXKMIRHTKFJ','02/06/2017 10:26:48.359333',E'WSTQLUYQLALKBFOXVWQTK',NULL,'01/25/2017 05:08:28.559376',E'HRTLJQLQOUEOMGYT');
INSERT INTO "public"."Batch"("ID","Active","BatchNumber","BatchStatus","CreatedDate","CreatedUUID","JsonExtendedData","ModifiedDate","ModifiedUUID") 
VALUES(31,FALSE,E'DIANBBBO',E'RXPVEVVOFBBNOA','01/19/2017 03:10:11.379811',E'OZDIHZT',NULL,'02/11/2017 23:05:03.577999',E'RFWXUPXWW');
INSERT INTO "public"."Batch"("ID","Active","BatchNumber","BatchStatus","CreatedDate","CreatedUUID","JsonExtendedData","ModifiedDate","ModifiedUUID") 
VALUES(32,TRUE,E'OGEGJKOFJOMNE',E'QSWXAFDDSPZGIWBWRREVHH','03/13/2017 18:32:14.393169',E'LLYINGCWAGOD',NULL,'02/18/2017 17:12:30.190156',E'FYZGFMMNPUIXPEIX');
INSERT INTO "public"."Batch"("ID","Active","BatchNumber","BatchStatus","CreatedDate","CreatedUUID","JsonExtendedData","ModifiedDate","ModifiedUUID") 
VALUES(33,TRUE,E'BEZRJ',E'LXDJIRPWEEZOWXIUEH','02/15/2017 18:33:18.946002',E'IJSEAVKSGCCJBSDD',NULL,'03/05/2017 21:41:09.368029',E'ZIQOODBQOECQSMHKJDRHJZX');
INSERT INTO "public"."Batch"("ID","Active","BatchNumber","BatchStatus","CreatedDate","CreatedUUID","JsonExtendedData","ModifiedDate","ModifiedUUID") 
VALUES(34,TRUE,E'JRBRKGRUDHL',E'AIHFVEDXIFWVXUVKYN','01/26/2017 11:42:20.322518',E'JUGEVLPOVXQUUSAXRPG',NULL,'01/30/2017 09:54:52.025733',E'VZXGKMBHMVORLDGHHJSYDXNPC');
INSERT INTO "public"."Batch"("ID","Active","BatchNumber","BatchStatus","CreatedDate","CreatedUUID","JsonExtendedData","ModifiedDate","ModifiedUUID") 
VALUES(35,FALSE,E'VNLRFYZ',E'AYUBPXBEDIEPVM','02/26/2017 07:03:56.176741',E'MVTFPDXUBMMJGOBGKHJIR',NULL,'02/06/2017 09:06:06.260938',E'EVDSXG');
INSERT INTO "public"."Batch"("ID","Active","BatchNumber","BatchStatus","CreatedDate","CreatedUUID","JsonExtendedData","ModifiedDate","ModifiedUUID") 
VALUES(36,TRUE,E'NKEPTPJZERKUPBJ',E'GMVDZKIQUYIVRAKCEV','02/25/2017 20:39:49.524874',E'BOKRLWBJCZD',NULL,'03/02/2017 00:08:38.240050',E'MPHNWGUUYLPDXLKVRYWDKYEG');
INSERT INTO "public"."Batch"("ID","Active","BatchNumber","BatchStatus","CreatedDate","CreatedUUID","JsonExtendedData","ModifiedDate","ModifiedUUID") 
VALUES(37,TRUE,E'AUNZTD',E'QDRFDGHV','02/08/2017 10:17:05.096795',E'PEUQM',NULL,'03/08/2017 10:23:45.452877',E'UMITNXROGAFHWQ');
INSERT INTO "public"."Batch"("ID","Active","BatchNumber","BatchStatus","CreatedDate","CreatedUUID","JsonExtendedData","ModifiedDate","ModifiedUUID") 
VALUES(38,FALSE,E'FFGADOAIZNI',E'RQWPFAOMJSQAHPS','01/25/2017 20:13:25.821625',E'FCOMS',NULL,'02/04/2017 03:36:46.387641',E'NLFBLHMBIBIIO');
INSERT INTO "public"."Batch"("ID","Active","BatchNumber","BatchStatus","CreatedDate","CreatedUUID","JsonExtendedData","ModifiedDate","ModifiedUUID") 
VALUES(39,TRUE,E'ITGYSBZYITHQLCFUKKKAQ',E'BQPIVWIHFAX','02/23/2017 18:38:17.465217',E'EIEGJHOHFPXGDTTYNXJDY',NULL,'01/30/2017 02:32:53.404684',E'BUVBNMHMJLNMJVGWUQPBFP');
INSERT INTO "public"."Batch"("ID","Active","BatchNumber","BatchStatus","CreatedDate","CreatedUUID","JsonExtendedData","ModifiedDate","ModifiedUUID") 
VALUES(40,TRUE,E'XROEWVPSVCTEESSVPOZEJXC',E'AKOLBCQYMPW','02/19/2017 05:57:40.421233',E'KJIXFARVWTHJTAWLAEEZNYADU',NULL,'01/29/2017 03:27:14.090971',E'NNOTFOBOQCXTRLOA');
INSERT INTO "public"."Batch"("ID","Active","BatchNumber","BatchStatus","CreatedDate","CreatedUUID","JsonExtendedData","ModifiedDate","ModifiedUUID") 
VALUES(41,TRUE,E'SLYLDGAKUFMKRUQUMN',E'FPMFUJIMWNDDXEJOH','03/09/2017 15:03:50.946213',E'YPQKNRMFQULIMBGB',NULL,'02/11/2017 01:55:00.052915',E'HPVDXODDXMM');
INSERT INTO "public"."Batch"("ID","Active","BatchNumber","BatchStatus","CreatedDate","CreatedUUID","JsonExtendedData","ModifiedDate","ModifiedUUID") 
VALUES(42,TRUE,E'ARHDGWIVSILF',E'THDDZRZKTNVB','01/24/2017 01:31:47.395342',E'LSCEXEWWPMPORQY',NULL,'01/30/2017 06:11:22.330923',E'GYVUV');
INSERT INTO "public"."Batch"("ID","Active","BatchNumber","BatchStatus","CreatedDate","CreatedUUID","JsonExtendedData","ModifiedDate","ModifiedUUID") 
VALUES(43,TRUE,E'SWTQEJPRNKXCFILUJTMKITQVP',E'CQYRGJCJIXJNLHKRLHSUBCK','03/10/2017 11:01:02.865884',E'HHJZZQAWYTCLVZMLKT',NULL,'02/21/2017 19:00:50.165996',E'VAVEBSQCPSOAJP');
INSERT INTO "public"."Batch"("ID","Active","BatchNumber","BatchStatus","CreatedDate","CreatedUUID","JsonExtendedData","ModifiedDate","ModifiedUUID") 
VALUES(44,TRUE,E'VXFGLXWHLUGXGAKCYWIHCH',E'NTZBDPHDFAQJCMPELLKHPRV','03/05/2017 18:17:42.061893',E'SBKTROWLEJDCNLOOQOAKMLOUO',NULL,'01/30/2017 21:48:22.031169',E'ZNIQYV');
INSERT INTO "public"."Batch"("ID","Active","BatchNumber","BatchStatus","CreatedDate","CreatedUUID","JsonExtendedData","ModifiedDate","ModifiedUUID") 
VALUES(45,FALSE,E'UESDWG',E'ZMKKTXPAUXMBAXPO','02/13/2017 12:43:21.576712',E'FLDNJMHWCIOJULMWTHNAF',NULL,'03/15/2017 08:26:41.205079',E'JTOLJSJAYULZPJR');
INSERT INTO "public"."Batch"("ID","Active","BatchNumber","BatchStatus","CreatedDate","CreatedUUID","JsonExtendedData","ModifiedDate","ModifiedUUID") 
VALUES(46,TRUE,E'XSVQUUCWZTYKWRUYPFDSQ',E'XVALMTDMCW','02/28/2017 22:40:56.358478',E'JBQUTKKHFEMQOXSXK',NULL,'02/10/2017 03:55:14.555550',E'LOJTDXMIWMBFQOANADHCU');
INSERT INTO "public"."Batch"("ID","Active","BatchNumber","BatchStatus","CreatedDate","CreatedUUID","JsonExtendedData","ModifiedDate","ModifiedUUID") 
VALUES(47,TRUE,E'MGYNIOMZXBBMZDGEMOAYJPOQQ',E'SPSOCWJGEJTQYTW','03/09/2017 23:12:47.913535',E'MSTRK',NULL,'03/10/2017 09:31:25.776008',E'QOILZ');
INSERT INTO "public"."Batch"("ID","Active","BatchNumber","BatchStatus","CreatedDate","CreatedUUID","JsonExtendedData","ModifiedDate","ModifiedUUID") 
VALUES(48,TRUE,E'BSRMIMKXDZYAHJZQVURDFVT',E'EESLLWHVMEHJANWDQMRJJ','01/24/2017 00:51:53.573240',E'XRGAYNFHZYTUM',NULL,'02/19/2017 06:54:01.567006',E'YXKOCUQRATEYXEYI');
INSERT INTO "public"."Batch"("ID","Active","BatchNumber","BatchStatus","CreatedDate","CreatedUUID","JsonExtendedData","ModifiedDate","ModifiedUUID") 
VALUES(49,TRUE,E'ELNGTGBQRAVPOUKDTOSG',E'FBTOAEEVFOPNJQZANWJBWV','03/08/2017 10:56:42.522050',E'LSDNWYBSTDNCXAPIAZKAOOV',NULL,'03/09/2017 22:58:47.092928',E'WKRJZLFLMZTRAWK');
INSERT INTO "public"."Batch"("ID","Active","BatchNumber","BatchStatus","CreatedDate","CreatedUUID","JsonExtendedData","ModifiedDate","ModifiedUUID") 
VALUES(50,TRUE,E'SZMZOBUBDANJDPPDCHBV',E'QKWBEWWZRESKVQPYKMHVBHJKW','03/13/2017 08:11:31.887428',E'LAGONBMFVBTEJLJFWSGBBMWLI',NULL,'03/15/2017 01:13:14.638832',E'ATVZMRYYQSUD');
INSERT INTO "public"."Batch"("ID","Active","BatchNumber","BatchStatus","CreatedDate","CreatedUUID","JsonExtendedData","ModifiedDate","ModifiedUUID") 
VALUES(51,TRUE,E'TCBLLUISJTPLZETEY',E'KZTXT','02/11/2017 01:42:25.873237',E'EETUSIUIBHWXYC',NULL,'03/01/2017 18:29:41.423661',E'SDNWCJMBNSWOKNILB');
INSERT INTO "public"."Batch"("ID","Active","BatchNumber","BatchStatus","CreatedDate","CreatedUUID","JsonExtendedData","ModifiedDate","ModifiedUUID") 
VALUES(52,FALSE,E'LXTCE',E'GTFOKXHHHTMYMSRV','02/06/2017 19:12:21.720258',E'BSXWCHPDOACBTGCHCIBPPEKBD',NULL,'03/13/2017 04:02:40.561040',E'FRWMTZGJYBHRSPRGT');
INSERT INTO "public"."Batch"("ID","Active","BatchNumber","BatchStatus","CreatedDate","CreatedUUID","JsonExtendedData","ModifiedDate","ModifiedUUID") 
VALUES(53,TRUE,E'ODDTKXCBHMQPQ',E'DJKYAUEGZJSQVKYZFIVRS','03/10/2017 23:42:27.178355',E'RRMSROPSMRXPJAGGJYUMGOS',NULL,'01/20/2017 02:22:40.794601',E'BUQQUXSYS');
INSERT INTO "public"."Batch"("ID","Active","BatchNumber","BatchStatus","CreatedDate","CreatedUUID","JsonExtendedData","ModifiedDate","ModifiedUUID") 
VALUES(54,FALSE,E'XPWJDGJKRSOLQXBF',E'VLQAPXNQU','03/16/2017 12:01:54.694648',E'MFFKUQDQMUDWH',NULL,'03/14/2017 04:51:03.933416',E'OVHSDLTCWCQHXZGG');
INSERT INTO "public"."Batch"("ID","Active","BatchNumber","BatchStatus","CreatedDate","CreatedUUID","JsonExtendedData","ModifiedDate","ModifiedUUID") 
VALUES(55,FALSE,E'AEZPOUMWFDVZ',E'KRHNW','01/20/2017 19:28:38.363541',E'SYYBLAGJLJSOAZ',NULL,'03/13/2017 19:45:17.836490',E'ZRFZFDANEOILDJDVDKIQZBNRZ');
INSERT INTO "public"."Batch"("ID","Active","BatchNumber","BatchStatus","CreatedDate","CreatedUUID","JsonExtendedData","ModifiedDate","ModifiedUUID") 
VALUES(56,TRUE,E'ZILHIHTAUDDPTFAFT',E'TFIKYOXNMJUUTUFBXYN','02/28/2017 06:10:49.998292',E'XTVNZEKCMTWOW',NULL,'02/09/2017 16:23:48.466151',E'QWPIVVHAXAXWHNNJEO');
INSERT INTO "public"."Batch"("ID","Active","BatchNumber","BatchStatus","CreatedDate","CreatedUUID","JsonExtendedData","ModifiedDate","ModifiedUUID") 
VALUES(57,TRUE,E'NOVJAB',E'LWCDRJJHCODVKMRQMB','03/08/2017 02:54:15.440850',E'ETLIKKFOQHWDVUL',NULL,'01/30/2017 15:56:05.511096',E'RLOLBA');
INSERT INTO "public"."Batch"("ID","Active","BatchNumber","BatchStatus","CreatedDate","CreatedUUID","JsonExtendedData","ModifiedDate","ModifiedUUID") 
VALUES(58,FALSE,E'YCWFRKNLJ',E'GCSKA','02/26/2017 11:26:40.629090',E'LSBBJOODJOCMHJ',NULL,'01/18/2017 20:51:32.844712',E'NKQDOUCIGFEFATSOF');
INSERT INTO "public"."Batch"("ID","Active","BatchNumber","BatchStatus","CreatedDate","CreatedUUID","JsonExtendedData","ModifiedDate","ModifiedUUID") 
VALUES(59,FALSE,E'GPHPCZSUASUHAEFZS',E'MINUWSUAVWNILNL','02/19/2017 16:28:40.749479',E'PNOSNTTPOATW',NULL,'01/19/2017 19:00:12.429887',E'VVHUPJCXZRKLOCTJVVHHQKP');
INSERT INTO "public"."Batch"("ID","Active","BatchNumber","BatchStatus","CreatedDate","CreatedUUID","JsonExtendedData","ModifiedDate","ModifiedUUID") 
VALUES(60,FALSE,E'DNZEFOKXS',E'ZGNEZHCTFQFVMPKPVHARI','02/04/2017 04:36:00.199340',E'THGISWW',NULL,'01/18/2017 06:30:33.213551',E'WTUKJXWLMSSTNI');
INSERT INTO "public"."Batch"("ID","Active","BatchNumber","BatchStatus","CreatedDate","CreatedUUID","JsonExtendedData","ModifiedDate","ModifiedUUID") 
VALUES(61,TRUE,E'FACHWKMQMTL',E'NQBWPJ','01/24/2017 13:00:04.952083',E'UKPYBATIHNURYB',NULL,'02/08/2017 13:14:55.610845',E'ZNHUBZIXCN');
INSERT INTO "public"."Batch"("ID","Active","BatchNumber","BatchStatus","CreatedDate","CreatedUUID","JsonExtendedData","ModifiedDate","ModifiedUUID") 
VALUES(62,TRUE,E'JNUMIALKYOYVDMEPHV',E'SHMDFDSDRCDCOQ','02/25/2017 15:42:23.647858',E'QQSUZJJGKLCMCJSJCKHE',NULL,'03/07/2017 05:10:20.881197',E'OYKBMGWCLGRY');
INSERT INTO "public"."Batch"("ID","Active","BatchNumber","BatchStatus","CreatedDate","CreatedUUID","JsonExtendedData","ModifiedDate","ModifiedUUID") 
VALUES(63,TRUE,E'VBQRCKJQCMQGX',E'HVPLNYTNXJFEAPTKUINI','02/21/2017 03:17:56.052045',E'XWQIMQSPKTUVITIJBXWCWSIES',NULL,'02/28/2017 06:15:47.884448',E'GSRERIZXHFPLIWWQDHSGSA');
INSERT INTO "public"."Batch"("ID","Active","BatchNumber","BatchStatus","CreatedDate","CreatedUUID","JsonExtendedData","ModifiedDate","ModifiedUUID") 
VALUES(64,TRUE,E'ONLSLNTPTBRUSEXC',E'TSGITUPHEIXRAZMRIMJ','03/14/2017 07:36:42.777429',E'RNTPPHAGDLDKDAVV',NULL,'02/19/2017 16:33:35.551476',E'RFDBMPWVHFOFGIJRAWMNQ');
INSERT INTO "public"."Batch"("ID","Active","BatchNumber","BatchStatus","CreatedDate","CreatedUUID","JsonExtendedData","ModifiedDate","ModifiedUUID") 
VALUES(65,TRUE,E'HOTYJPA',E'URCQQCYCZUKX','03/17/2017 00:18:34.671199',E'HQCAYYEBVATBSIPLB',NULL,'02/15/2017 04:13:14.594076',E'NVYMRRBJUIDXCJPO');
INSERT INTO "public"."Batch"("ID","Active","BatchNumber","BatchStatus","CreatedDate","CreatedUUID","JsonExtendedData","ModifiedDate","ModifiedUUID") 
VALUES(66,FALSE,E'PSJFAXYFBWJCEBJPI',E'VGBGQQJEEBRKADJK','02/20/2017 01:40:56.966889',E'WZESZOPJCI',NULL,'02/26/2017 06:50:28.245092',E'USWKGZP');
INSERT INTO "public"."Batch"("ID","Active","BatchNumber","BatchStatus","CreatedDate","CreatedUUID","JsonExtendedData","ModifiedDate","ModifiedUUID") 
VALUES(67,FALSE,E'JEAGZU',E'FRVJIJJJAQYBWICTAPBL','01/20/2017 09:07:07.478512',E'YJZJGGGGNNUBSTPIBZXM',NULL,'02/21/2017 02:54:40.517251',E'NFDZHRHYY');
INSERT INTO "public"."Batch"("ID","Active","BatchNumber","BatchStatus","CreatedDate","CreatedUUID","JsonExtendedData","ModifiedDate","ModifiedUUID") 
VALUES(68,TRUE,E'ELTGEV',E'AFFYPJUMRHQTBCT','02/18/2017 04:22:40.282322',E'HDZAUSFDRITLWAGIIM',NULL,'01/29/2017 14:31:10.534092',E'WUCZRHAPXBZISOUECSYKSM');
INSERT INTO "public"."Batch"("ID","Active","BatchNumber","BatchStatus","CreatedDate","CreatedUUID","JsonExtendedData","ModifiedDate","ModifiedUUID") 
VALUES(69,TRUE,E'XDLFXJBPNSQJSKDA',E'TORYIYIFTE','01/20/2017 08:19:32.976263',E'RGLZXQFBBIIORPKQLCPEZQMWV',NULL,'03/02/2017 22:28:33.846380',E'QAKRSS');
INSERT INTO "public"."Batch"("ID","Active","BatchNumber","BatchStatus","CreatedDate","CreatedUUID","JsonExtendedData","ModifiedDate","ModifiedUUID") 
VALUES(70,FALSE,E'ZVAZFOWYHJEYGACDW',E'GDCCPFAHRDAXILHEV','02/25/2017 23:28:11.011447',E'SIKSCXEU',NULL,'02/20/2017 17:48:38.923872',E'MXENKPOHWFTQLYQGL');
INSERT INTO "public"."Batch"("ID","Active","BatchNumber","BatchStatus","CreatedDate","CreatedUUID","JsonExtendedData","ModifiedDate","ModifiedUUID") 
VALUES(71,TRUE,E'TAUITNLWAGLSLUZIYFAKDA',E'PJVJZBJENSLJAFHTLPYF','03/09/2017 06:54:16.824092',E'UATMKRYHLGQFJYRHJTAIELOY',NULL,'03/16/2017 16:53:06.942685',E'YNDCYOOVXSHXW');
INSERT INTO "public"."Batch"("ID","Active","BatchNumber","BatchStatus","CreatedDate","CreatedUUID","JsonExtendedData","ModifiedDate","ModifiedUUID") 
VALUES(72,TRUE,E'BKNANA',E'JNKHYMCPEMPO','02/06/2017 18:48:59.917903',E'TKFPYYCP',NULL,'03/16/2017 15:20:36.325462',E'VVIPPKCAEDFVNX');
INSERT INTO "public"."Batch"("ID","Active","BatchNumber","BatchStatus","CreatedDate","CreatedUUID","JsonExtendedData","ModifiedDate","ModifiedUUID") 
VALUES(73,FALSE,E'GAQZZEMBADCPNTKHFWI',E'IXSKHAGCYHMFY','01/21/2017 15:22:53.701969',E'SUHBNJTXFMN',NULL,'01/26/2017 06:22:26.109251',E'SQNPQQVHJHQ');
INSERT INTO "public"."Batch"("ID","Active","BatchNumber","BatchStatus","CreatedDate","CreatedUUID","JsonExtendedData","ModifiedDate","ModifiedUUID") 
VALUES(74,TRUE,E'NIALCCZQLCXRBHPG',E'BOKTPGUSFOUQ','02/10/2017 09:48:02.263302',E'VFNBGH',NULL,'01/24/2017 14:48:34.818295',E'BGJZD');
INSERT INTO "public"."Batch"("ID","Active","BatchNumber","BatchStatus","CreatedDate","CreatedUUID","JsonExtendedData","ModifiedDate","ModifiedUUID") 
VALUES(75,TRUE,E'DOAALOJGFFCUKP',E'IRFVZSUAWHIXOZXHXQX','03/04/2017 18:25:02.692409',E'BMUQRAL',NULL,'01/30/2017 13:44:55.006394',E'THYHAALAS');
INSERT INTO "public"."Batch"("ID","Active","BatchNumber","BatchStatus","CreatedDate","CreatedUUID","JsonExtendedData","ModifiedDate","ModifiedUUID") 
VALUES(76,TRUE,E'AQADMOSQE',E'MDACFGQGTZIUWROIHPVMM','01/21/2017 06:40:33.947429',E'YTIMHDFTYU',NULL,'01/22/2017 21:02:00.553090',E'TCJCQONJRWSNYZXASOIELDKOI');
INSERT INTO "public"."Batch"("ID","Active","BatchNumber","BatchStatus","CreatedDate","CreatedUUID","JsonExtendedData","ModifiedDate","ModifiedUUID") 
VALUES(77,TRUE,E'HDSNJRHCLYYUE',E'ZUCKDMMWFLGPF','02/06/2017 19:45:00.470842',E'OVWZZTXWDYAETTAKORFMOS',NULL,'02/15/2017 09:24:56.624257',E'BYVSPMF');
INSERT INTO "public"."Batch"("ID","Active","BatchNumber","BatchStatus","CreatedDate","CreatedUUID","JsonExtendedData","ModifiedDate","ModifiedUUID") 
VALUES(78,FALSE,E'YHAECOWQBKKKAGSROKWUDW',E'REVMWPSLEYPZXFQFBVTX','03/07/2017 05:14:15.587953',E'EAPYYHEQREOXCYBFYMNJI',NULL,'02/25/2017 15:18:40.205495',E'LRKZPWR');
INSERT INTO "public"."Batch"("ID","Active","BatchNumber","BatchStatus","CreatedDate","CreatedUUID","JsonExtendedData","ModifiedDate","ModifiedUUID") 
VALUES(79,TRUE,E'FZLMCDXXDCONYKHAZ',E'MWDODIYPDEQKSDRXLFJESXMS','02/22/2017 18:53:46.721300',E'KDJICXTBYPDOA',NULL,'01/27/2017 23:17:36.194335',E'MSPVUBMWGLVJKZSJ');
INSERT INTO "public"."Batch"("ID","Active","BatchNumber","BatchStatus","CreatedDate","CreatedUUID","JsonExtendedData","ModifiedDate","ModifiedUUID") 
VALUES(80,FALSE,E'FRTHYWWVWSIJJ',E'PPZFJ','03/07/2017 11:07:32.179438',E'UYMKSDLBHEMTQSVHL',NULL,'02/15/2017 15:31:27.489931',E'RMOWU');
INSERT INTO "public"."Batch"("ID","Active","BatchNumber","BatchStatus","CreatedDate","CreatedUUID","JsonExtendedData","ModifiedDate","ModifiedUUID") 
VALUES(81,FALSE,E'AFJFBCLFZQSKMSQZWNDSIXNZ',E'VLLNVMHAMYYWSTMQJM','02/06/2017 23:06:16.548546',E'MFISNQBHKSWIMYUNBPWLENQH',NULL,'02/27/2017 04:39:49.213618',E'LAMXAASAPNHDSIARYVJVRMNH');
INSERT INTO "public"."Batch"("ID","Active","BatchNumber","BatchStatus","CreatedDate","CreatedUUID","JsonExtendedData","ModifiedDate","ModifiedUUID") 
VALUES(82,FALSE,E'HCVUEIFJOZFS',E'YMYKO','03/02/2017 02:56:38.173383',E'ELEYLMJLQPJPYEQWYCWFNAFY',NULL,'03/02/2017 18:03:07.297011',E'JMPQPFUCNN');
INSERT INTO "public"."Batch"("ID","Active","BatchNumber","BatchStatus","CreatedDate","CreatedUUID","JsonExtendedData","ModifiedDate","ModifiedUUID") 
VALUES(83,FALSE,E'PGFJPVAWWRU',E'FQBZSTYIGLLHTCSG','03/05/2017 17:31:33.763352',E'LIMHDTNPHANOJMXMZQFZAOI',NULL,'02/14/2017 04:57:06.444368',E'GAHSQNQJOFRNJP');
INSERT INTO "public"."Batch"("ID","Active","BatchNumber","BatchStatus","CreatedDate","CreatedUUID","JsonExtendedData","ModifiedDate","ModifiedUUID") 
VALUES(84,FALSE,E'RZQZNYXGTH',E'MRQZLPVP','02/25/2017 14:38:46.488189',E'LPVYPMGJFCUGAOAZBMZDJNUUA',NULL,'01/27/2017 15:55:07.620272',E'HHZUCHNOGUCMUJSPQ');
INSERT INTO "public"."Batch"("ID","Active","BatchNumber","BatchStatus","CreatedDate","CreatedUUID","JsonExtendedData","ModifiedDate","ModifiedUUID") 
VALUES(85,FALSE,E'EGHAOQNIPK',E'QCRNDXZGBKCUYCKEKYHA','02/08/2017 16:11:27.960244',E'BZOQMLTFUXJXXTMRUIHZU',NULL,'02/11/2017 10:38:36.128728',E'ZOREY');
INSERT INTO "public"."Batch"("ID","Active","BatchNumber","BatchStatus","CreatedDate","CreatedUUID","JsonExtendedData","ModifiedDate","ModifiedUUID") 
VALUES(86,FALSE,E'AQXFPUIXONKQO',E'DXRRGCWNDEHJAVWWIILUJ','03/10/2017 06:34:27.283805',E'PBDINIXPPFDKAS',NULL,'02/08/2017 12:45:31.187751',E'KUWZWF');
INSERT INTO "public"."Batch"("ID","Active","BatchNumber","BatchStatus","CreatedDate","CreatedUUID","JsonExtendedData","ModifiedDate","ModifiedUUID") 
VALUES(87,FALSE,E'XPZPUIWLUIVHJ',E'QPLDRJAJSLEKQIRKQSPFMZRTC','03/13/2017 01:04:01.122396',E'LZNIQRWAGWDUPLAO',NULL,'02/27/2017 13:38:56.526608',E'RUXCHON');
INSERT INTO "public"."Batch"("ID","Active","BatchNumber","BatchStatus","CreatedDate","CreatedUUID","JsonExtendedData","ModifiedDate","ModifiedUUID") 
VALUES(88,FALSE,E'HGDPZTJVAAFCNFYT',E'HTEHWBKNLGTNZEKPA','01/23/2017 14:46:31.693286',E'PHVBICRRMMWITSY',NULL,'02/20/2017 08:09:17.255048',E'LIZMJ');
INSERT INTO "public"."Batch"("ID","Active","BatchNumber","BatchStatus","CreatedDate","CreatedUUID","JsonExtendedData","ModifiedDate","ModifiedUUID") 
VALUES(89,FALSE,E'RHWCKWJTVNQVB',E'IHBVUNFGDL','03/12/2017 16:34:22.843065',E'JQONAUXOOFGPUUMGHRLZTYRVD',NULL,'01/19/2017 23:53:48.587652',E'YNEANNTTSOMOCEWSL');
INSERT INTO "public"."Batch"("ID","Active","BatchNumber","BatchStatus","CreatedDate","CreatedUUID","JsonExtendedData","ModifiedDate","ModifiedUUID") 
VALUES(90,FALSE,E'AFNJEJRSGHTXEXXIIN',E'JUTIEXKKF','02/09/2017 23:33:15.869725',E'SABOJIUGNONJRKVPZXVQRC',NULL,'02/22/2017 19:42:50.068026',E'OZRYLXYAKPY');
INSERT INTO "public"."Batch"("ID","Active","BatchNumber","BatchStatus","CreatedDate","CreatedUUID","JsonExtendedData","ModifiedDate","ModifiedUUID") 
VALUES(91,FALSE,E'JJZXFJFCPUSJCSN',E'PZFNCTWBJEWUX','03/11/2017 06:14:24.280849',E'RHQASEQGKSSIVGKKZUNEZ',NULL,'01/24/2017 22:37:12.307771',E'YEVMGPHVPYYLBMYMMODSB');
INSERT INTO "public"."Batch"("ID","Active","BatchNumber","BatchStatus","CreatedDate","CreatedUUID","JsonExtendedData","ModifiedDate","ModifiedUUID") 
VALUES(92,FALSE,E'WYDKJWWMCN',E'ZHTXKOFHTLTQKP','02/08/2017 07:51:30.347439',E'GXVKYHSDESCNMGCGOQQD',NULL,'03/15/2017 10:56:37.708211',E'BIUHKKCAONUVEEOUULDGP');
INSERT INTO "public"."Batch"("ID","Active","BatchNumber","BatchStatus","CreatedDate","CreatedUUID","JsonExtendedData","ModifiedDate","ModifiedUUID") 
VALUES(93,FALSE,E'MZEIF',E'QOUXSPAMZMIJCUULKEYIAZOI','03/12/2017 17:48:46.260946',E'MSAAGJYDDTIFZXELREMTVHL',NULL,'02/18/2017 13:26:24.506376',E'YZLCODZCJERZRAOOA');
INSERT INTO "public"."Batch"("ID","Active","BatchNumber","BatchStatus","CreatedDate","CreatedUUID","JsonExtendedData","ModifiedDate","ModifiedUUID") 
VALUES(94,FALSE,E'SEVJJHQJJYGAMMEKJWGE',E'OLOULTRBANRWKTN','02/10/2017 16:27:33.583615',E'ZHIDISRZSDNEUP',NULL,'02/15/2017 14:31:35.552833',E'YGDDDKFNDVOR');
INSERT INTO "public"."Batch"("ID","Active","BatchNumber","BatchStatus","CreatedDate","CreatedUUID","JsonExtendedData","ModifiedDate","ModifiedUUID") 
VALUES(95,FALSE,E'SHEVEFDVVIH',E'WQHDJJDTCCLVCKJHGJOHHP','03/15/2017 14:07:04.123901',E'ZQCUJUECTB',NULL,'01/25/2017 11:19:28.954995',E'DHOYM');
INSERT INTO "public"."Batch"("ID","Active","BatchNumber","BatchStatus","CreatedDate","CreatedUUID","JsonExtendedData","ModifiedDate","ModifiedUUID") 
VALUES(96,FALSE,E'TBBRJNZSFRY',E'FRKFTORKZZPQIKZM','02/21/2017 02:42:56.986799',E'CUJEENEMXEDXOJR',NULL,'02/09/2017 03:24:14.878645',E'ZBKUNHADZFJGY');
INSERT INTO "public"."Batch"("ID","Active","BatchNumber","BatchStatus","CreatedDate","CreatedUUID","JsonExtendedData","ModifiedDate","ModifiedUUID") 
VALUES(97,FALSE,E'DHANXCFILCUQNYJJNPFHA',E'ACMRCKKIVTMLVAYHFZG','03/04/2017 05:15:04.797323',E'PQUNRVAJFXPOZ',NULL,'02/17/2017 23:54:35.184750',E'IXVNDSBVFUSRFQGOFHEZDB');
INSERT INTO "public"."Batch"("ID","Active","BatchNumber","BatchStatus","CreatedDate","CreatedUUID","JsonExtendedData","ModifiedDate","ModifiedUUID") 
VALUES(98,FALSE,E'TPQEGRO',E'TYVRENDPZO','02/07/2017 03:36:22.700685',E'QFBANOXGLQUYTKDSAAHYJKT',NULL,'02/20/2017 21:11:42.435989',E'WYMHUMLDPWVMKIZPOSN');
INSERT INTO "public"."Batch"("ID","Active","BatchNumber","BatchStatus","CreatedDate","CreatedUUID","JsonExtendedData","ModifiedDate","ModifiedUUID") 
VALUES(99,FALSE,E'YAEMROJVFTXKVUXMKTIZUNYUO',E'FHDIPDWVJNFGDD','02/20/2017 06:45:05.919309',E'QYCPJFHSDSZRGNAXILQ',NULL,'02/17/2017 19:04:15.484889',E'PRYWDXJZGHSBPYMSUZUZQN');
INSERT INTO "public"."Batch"("ID","Active","BatchNumber","BatchStatus","CreatedDate","CreatedUUID","JsonExtendedData","ModifiedDate","ModifiedUUID") 
VALUES(100,FALSE,E'EKEJCIUIQBMXQAFVONRZ',E'FTANSMWKMGOUFWJSNX','02/22/2017 22:29:24.571429',E'IVEFHAWFIPUWQUZVHYIDBKLNK',NULL,'03/03/2017 23:47:10.762084',E'KVXUYHVW');
COMMIT;

/* Generating data for table public.Case... */
INSERT INTO "public"."Case"("ID","AccessionID","Active","AnalysisLabID","CaseNumber","CreatedDate","CreatedUUID","JsonExtendedData","ModifiedDate","ModifiedUUID","ProcessingLabID","ProfessionalLabID") 
VALUES(1,42,FALSE,24,E'FVPZURXX','01/22/2017 18:27:17.064020',E'JUQGIM',NULL,'01/20/2017 14:23:52.711330',E'IUERTKRJIVFYZFWOEN',29,84);
INSERT INTO "public"."Case"("ID","AccessionID","Active","AnalysisLabID","CaseNumber","CreatedDate","CreatedUUID","JsonExtendedData","ModifiedDate","ModifiedUUID","ProcessingLabID","ProfessionalLabID") 
VALUES(2,22,TRUE,81,E'VXLMPYAGT','01/20/2017 17:19:55.972656',E'BSZVSPVTYNO',NULL,'02/25/2017 17:56:46.027638',E'LYOLKPPRG',76,83);
INSERT INTO "public"."Case"("ID","AccessionID","Active","AnalysisLabID","CaseNumber","CreatedDate","CreatedUUID","JsonExtendedData","ModifiedDate","ModifiedUUID","ProcessingLabID","ProfessionalLabID") 
VALUES(3,92,TRUE,36,E'QVCCYLFBGXBZLRRWJIDOL','03/12/2017 11:21:13.486590',E'IFKXAANYWPINEQWEOPWUVFYO',NULL,'03/17/2017 15:05:58.428904',E'UAKEPFVGM',15,6);
INSERT INTO "public"."Case"("ID","AccessionID","Active","AnalysisLabID","CaseNumber","CreatedDate","CreatedUUID","JsonExtendedData","ModifiedDate","ModifiedUUID","ProcessingLabID","ProfessionalLabID") 
VALUES(4,17,TRUE,74,E'RQXIZNEKITN','01/30/2017 02:54:28.616013',E'PQXIZNOXWMSGFOMFGWWEZ',NULL,'01/30/2017 08:39:01.756396',E'IXKXHZNTOGAOQTC',78,21);
INSERT INTO "public"."Case"("ID","AccessionID","Active","AnalysisLabID","CaseNumber","CreatedDate","CreatedUUID","JsonExtendedData","ModifiedDate","ModifiedUUID","ProcessingLabID","ProfessionalLabID") 
VALUES(5,59,FALSE,78,E'NHCFA','03/11/2017 12:47:11.350179',E'LWIEROMXEUT',NULL,'02/11/2017 17:18:43.491449',E'XHNWWZQXMNLHHELLQ',22,47);
INSERT INTO "public"."Case"("ID","AccessionID","Active","AnalysisLabID","CaseNumber","CreatedDate","CreatedUUID","JsonExtendedData","ModifiedDate","ModifiedUUID","ProcessingLabID","ProfessionalLabID") 
VALUES(6,44,TRUE,38,E'JDZPDDUPRIOPMF','02/28/2017 11:42:32.473037',E'LLEJLNOUDJS',NULL,'01/20/2017 09:34:17.478105',E'FBCMJTAWGIMIPSXUBAD',3,66);
INSERT INTO "public"."Case"("ID","AccessionID","Active","AnalysisLabID","CaseNumber","CreatedDate","CreatedUUID","JsonExtendedData","ModifiedDate","ModifiedUUID","ProcessingLabID","ProfessionalLabID") 
VALUES(7,8,FALSE,6,E'UYHBURFJVTGZI','03/10/2017 13:19:38.277124',E'BSHHHOIXAWWPJCKP',NULL,'01/18/2017 13:04:33.597432',E'YYWSMDTVVIIEBHOTHC',14,55);
INSERT INTO "public"."Case"("ID","AccessionID","Active","AnalysisLabID","CaseNumber","CreatedDate","CreatedUUID","JsonExtendedData","ModifiedDate","ModifiedUUID","ProcessingLabID","ProfessionalLabID") 
VALUES(8,28,FALSE,7,E'YXBRKFNDTXQHSDMTAP','01/18/2017 00:43:47.605452',E'WTRHMYXETKRWWGDNJXA',NULL,'01/29/2017 03:59:47.659275',E'PONZYFXTJESXBQGONV',16,63);
INSERT INTO "public"."Case"("ID","AccessionID","Active","AnalysisLabID","CaseNumber","CreatedDate","CreatedUUID","JsonExtendedData","ModifiedDate","ModifiedUUID","ProcessingLabID","ProfessionalLabID") 
VALUES(9,36,TRUE,4,E'ABVXMASGSBZOIOIVTAZMZGSC','03/16/2017 19:59:28.575889',E'CAIHQEKTLBSSQYGEXVGTP',NULL,'01/30/2017 06:07:46.175070',E'QTWMALF',91,7);
INSERT INTO "public"."Case"("ID","AccessionID","Active","AnalysisLabID","CaseNumber","CreatedDate","CreatedUUID","JsonExtendedData","ModifiedDate","ModifiedUUID","ProcessingLabID","ProfessionalLabID") 
VALUES(10,75,TRUE,29,E'DEGMOFOLDYQ','02/16/2017 14:08:31.670794',E'PDVJMIPC',NULL,'01/31/2017 01:03:12.294680',E'LBNFU',18,50);
INSERT INTO "public"."Case"("ID","AccessionID","Active","AnalysisLabID","CaseNumber","CreatedDate","CreatedUUID","JsonExtendedData","ModifiedDate","ModifiedUUID","ProcessingLabID","ProfessionalLabID") 
VALUES(11,61,TRUE,58,E'KVILBQRWMHQLKEPAXMGUIQB','02/17/2017 02:31:32.439385',E'NUKYKXYIE',NULL,'01/25/2017 12:35:11.834192',E'SBZBGSZBILOOYPOEHTG',8,97);
INSERT INTO "public"."Case"("ID","AccessionID","Active","AnalysisLabID","CaseNumber","CreatedDate","CreatedUUID","JsonExtendedData","ModifiedDate","ModifiedUUID","ProcessingLabID","ProfessionalLabID") 
VALUES(12,54,FALSE,47,E'BCSPDOSVMRYKLINUJLMW','02/01/2017 09:17:38.290386',E'KNJTBP',NULL,'02/28/2017 01:06:42.897400',E'NPLRZWHSOJBJAMHWS',24,17);
INSERT INTO "public"."Case"("ID","AccessionID","Active","AnalysisLabID","CaseNumber","CreatedDate","CreatedUUID","JsonExtendedData","ModifiedDate","ModifiedUUID","ProcessingLabID","ProfessionalLabID") 
VALUES(13,24,FALSE,21,E'IURXHIIKSGCCYKZQTI','03/11/2017 04:54:44.553116',E'YUSWENZZUYNRQIJQLZA',NULL,'01/20/2017 17:12:42.088614',E'SCDMXMYDWFTBLA',87,44);
INSERT INTO "public"."Case"("ID","AccessionID","Active","AnalysisLabID","CaseNumber","CreatedDate","CreatedUUID","JsonExtendedData","ModifiedDate","ModifiedUUID","ProcessingLabID","ProfessionalLabID") 
VALUES(14,47,TRUE,77,E'HHDPZSJQ','02/01/2017 06:37:08.315452',E'PAHERLDZHDSQZVDFDSWQPDAT',NULL,'01/26/2017 13:04:13.361362',E'PNUZBQ',62,74);
INSERT INTO "public"."Case"("ID","AccessionID","Active","AnalysisLabID","CaseNumber","CreatedDate","CreatedUUID","JsonExtendedData","ModifiedDate","ModifiedUUID","ProcessingLabID","ProfessionalLabID") 
VALUES(15,6,FALSE,11,E'IPLYQWBXFCLUOGWJNGBOBSGC','02/13/2017 14:28:30.045243',E'SLKIPGQMUWCQBAJQF',NULL,'01/22/2017 22:34:43.977094',E'SKHWPTIQNFJZVOTDIA',81,5);
INSERT INTO "public"."Case"("ID","AccessionID","Active","AnalysisLabID","CaseNumber","CreatedDate","CreatedUUID","JsonExtendedData","ModifiedDate","ModifiedUUID","ProcessingLabID","ProfessionalLabID") 
VALUES(16,57,TRUE,53,E'HIVJD','03/11/2017 10:57:15.741691',E'XHJSYQFPDPQZKSJNLIMW',NULL,'02/07/2017 17:40:13.520592',E'TSJTRBG',94,4);
INSERT INTO "public"."Case"("ID","AccessionID","Active","AnalysisLabID","CaseNumber","CreatedDate","CreatedUUID","JsonExtendedData","ModifiedDate","ModifiedUUID","ProcessingLabID","ProfessionalLabID") 
VALUES(17,95,FALSE,64,E'FVOFUAVJBQGJGJRQ','03/16/2017 23:12:21.933351',E'JFJUWMSMEFKOYCUNMWNVDM',NULL,'02/17/2017 17:41:56.316647',E'TPGVYHNSTIBOOPSRWR',64,68);
INSERT INTO "public"."Case"("ID","AccessionID","Active","AnalysisLabID","CaseNumber","CreatedDate","CreatedUUID","JsonExtendedData","ModifiedDate","ModifiedUUID","ProcessingLabID","ProfessionalLabID") 
VALUES(18,21,TRUE,37,E'YVAWOLMNTKAYSRSAGZWNZSJU','02/10/2017 17:06:02.441613',E'KNRDVVCSXLBGVJKYU',NULL,'02/13/2017 11:12:18.309612',E'TUXQRBQETDCUROC',53,60);
INSERT INTO "public"."Case"("ID","AccessionID","Active","AnalysisLabID","CaseNumber","CreatedDate","CreatedUUID","JsonExtendedData","ModifiedDate","ModifiedUUID","ProcessingLabID","ProfessionalLabID") 
VALUES(19,39,TRUE,8,E'ASHPBOJXFPTUNTIZZQENTY','03/03/2017 19:05:36.175336',E'CRZFOAQRKF',NULL,'03/11/2017 17:52:04.933137',E'DVQIPKSYVDAYHU',50,92);
INSERT INTO "public"."Case"("ID","AccessionID","Active","AnalysisLabID","CaseNumber","CreatedDate","CreatedUUID","JsonExtendedData","ModifiedDate","ModifiedUUID","ProcessingLabID","ProfessionalLabID") 
VALUES(20,31,FALSE,18,E'CKXAVQPC','03/06/2017 02:12:49.173116',E'LIOQSPWGDTOMBJJBVSAHDUD',NULL,'02/09/2017 17:04:02.163504',E'QNYXTQEFIRCKQMYAECXKMS',34,19);
INSERT INTO "public"."Case"("ID","AccessionID","Active","AnalysisLabID","CaseNumber","CreatedDate","CreatedUUID","JsonExtendedData","ModifiedDate","ModifiedUUID","ProcessingLabID","ProfessionalLabID") 
VALUES(21,1,TRUE,86,E'ZRVANAFRTZVDKRNGPPKKSOZLJ','01/26/2017 20:20:45.755473',E'QEKBSYILWU',NULL,'02/13/2017 09:28:38.776393',E'QWEXTSFWOMFQFAKYNYLIXRDSD',20,93);
INSERT INTO "public"."Case"("ID","AccessionID","Active","AnalysisLabID","CaseNumber","CreatedDate","CreatedUUID","JsonExtendedData","ModifiedDate","ModifiedUUID","ProcessingLabID","ProfessionalLabID") 
VALUES(22,85,TRUE,100,E'PWDHAPQXE','01/30/2017 02:13:53.405010',E'XZZPWVXMILJRWEXSXDTZ',NULL,'02/08/2017 07:05:47.834511',E'ZQYOQLHMWGEH',55,62);
INSERT INTO "public"."Case"("ID","AccessionID","Active","AnalysisLabID","CaseNumber","CreatedDate","CreatedUUID","JsonExtendedData","ModifiedDate","ModifiedUUID","ProcessingLabID","ProfessionalLabID") 
VALUES(23,70,TRUE,26,E'SHHEWJDZZ','02/09/2017 12:14:56.694633',E'ZSWCXSGPNJPDOFFXAYHRVABP',NULL,'03/14/2017 07:09:34.802280',E'KFDYQQOLDPIL',17,65);
INSERT INTO "public"."Case"("ID","AccessionID","Active","AnalysisLabID","CaseNumber","CreatedDate","CreatedUUID","JsonExtendedData","ModifiedDate","ModifiedUUID","ProcessingLabID","ProfessionalLabID") 
VALUES(24,93,TRUE,55,E'RONESZXEWGE','02/23/2017 08:33:06.987920',E'PWASQOURYVUCHEKDRXGBJ',NULL,'03/14/2017 01:03:05.681297',E'MKVPWCIVYYOVRFTBSDLKOPLL',32,18);
INSERT INTO "public"."Case"("ID","AccessionID","Active","AnalysisLabID","CaseNumber","CreatedDate","CreatedUUID","JsonExtendedData","ModifiedDate","ModifiedUUID","ProcessingLabID","ProfessionalLabID") 
VALUES(25,74,FALSE,62,E'VTWMVPHPBCVPZNMGXGNSHQBXK','02/08/2017 16:03:11.348038',E'DBPSRAKFNGTOQXVJVAWX',NULL,'02/22/2017 02:19:57.720818',E'HLCSNDKEZMVNZXTO',72,57);
INSERT INTO "public"."Case"("ID","AccessionID","Active","AnalysisLabID","CaseNumber","CreatedDate","CreatedUUID","JsonExtendedData","ModifiedDate","ModifiedUUID","ProcessingLabID","ProfessionalLabID") 
VALUES(26,87,TRUE,70,E'KSHFXRMHYRKIWRAAGVECQIVGN','01/24/2017 18:27:44.228908',E'CLUOKZJCG',NULL,'02/18/2017 06:20:02.891951',E'ZCKNSTIQLDFYDPN',45,79);
INSERT INTO "public"."Case"("ID","AccessionID","Active","AnalysisLabID","CaseNumber","CreatedDate","CreatedUUID","JsonExtendedData","ModifiedDate","ModifiedUUID","ProcessingLabID","ProfessionalLabID") 
VALUES(27,46,FALSE,1,E'HFXZTSDPKAVDBRRJF','02/23/2017 22:02:59.709184',E'WSIFQEABRP',NULL,'03/17/2017 23:57:20.418650',E'VOYZUULNXAOPZNEKZXYDTVQN',31,9);
INSERT INTO "public"."Case"("ID","AccessionID","Active","AnalysisLabID","CaseNumber","CreatedDate","CreatedUUID","JsonExtendedData","ModifiedDate","ModifiedUUID","ProcessingLabID","ProfessionalLabID") 
VALUES(28,64,TRUE,32,E'VOOTLWBRUPF','02/26/2017 11:35:08.518531',E'RGUOUWKFRCQOXDU',NULL,'03/09/2017 05:52:31.286911',E'SBJJZFIEIYOZZVWUIQSEYJLKL',37,95);
INSERT INTO "public"."Case"("ID","AccessionID","Active","AnalysisLabID","CaseNumber","CreatedDate","CreatedUUID","JsonExtendedData","ModifiedDate","ModifiedUUID","ProcessingLabID","ProfessionalLabID") 
VALUES(29,45,FALSE,75,E'CCZQIAHHVZBCNP','02/20/2017 05:52:07.948516',E'JPEVTHTWJNJYJBYKVDXYWLK',NULL,'02/03/2017 16:23:54.555107',E'HVMTLN',6,73);
INSERT INTO "public"."Case"("ID","AccessionID","Active","AnalysisLabID","CaseNumber","CreatedDate","CreatedUUID","JsonExtendedData","ModifiedDate","ModifiedUUID","ProcessingLabID","ProfessionalLabID") 
VALUES(30,67,FALSE,66,E'ZTBAUWLWPXTCOHGILCWG','02/12/2017 09:27:40.400534',E'NILHQQCHDEDUURWYTCOQ',NULL,'03/13/2017 01:15:21.476008',E'SGJEID',75,29);
INSERT INTO "public"."Case"("ID","AccessionID","Active","AnalysisLabID","CaseNumber","CreatedDate","CreatedUUID","JsonExtendedData","ModifiedDate","ModifiedUUID","ProcessingLabID","ProfessionalLabID") 
VALUES(31,83,FALSE,45,E'LQNDZ','02/22/2017 04:55:14.218529',E'OMMYK',NULL,'02/27/2017 04:53:05.935593',E'WCUBCWN',47,71);
INSERT INTO "public"."Case"("ID","AccessionID","Active","AnalysisLabID","CaseNumber","CreatedDate","CreatedUUID","JsonExtendedData","ModifiedDate","ModifiedUUID","ProcessingLabID","ProfessionalLabID") 
VALUES(32,78,FALSE,20,E'YHNTDYMKTQCFRTJV','02/01/2017 12:26:06.590989',E'TNSEETMTKV',NULL,'01/22/2017 16:34:43.367267',E'ZSTXZDTKFHOVZ',58,77);
INSERT INTO "public"."Case"("ID","AccessionID","Active","AnalysisLabID","CaseNumber","CreatedDate","CreatedUUID","JsonExtendedData","ModifiedDate","ModifiedUUID","ProcessingLabID","ProfessionalLabID") 
VALUES(33,14,FALSE,67,E'ZFCJIWJZGN','01/28/2017 13:01:56.866780',E'XYWNHCCQWDUUTIEVAO',NULL,'01/20/2017 21:57:14.851359',E'AEOZVVMDJNC',13,82);
INSERT INTO "public"."Case"("ID","AccessionID","Active","AnalysisLabID","CaseNumber","CreatedDate","CreatedUUID","JsonExtendedData","ModifiedDate","ModifiedUUID","ProcessingLabID","ProfessionalLabID") 
VALUES(34,69,FALSE,96,E'XSABMDI','03/06/2017 03:14:32.875923',E'BFDIVTIM',NULL,'01/23/2017 15:29:22.472478',E'QBOFQCWPPQPZKBQYKWTJEJRH',39,51);
INSERT INTO "public"."Case"("ID","AccessionID","Active","AnalysisLabID","CaseNumber","CreatedDate","CreatedUUID","JsonExtendedData","ModifiedDate","ModifiedUUID","ProcessingLabID","ProfessionalLabID") 
VALUES(35,33,FALSE,76,E'SKJSQWMDFTQIPGBWHZNGM','03/05/2017 17:18:32.006250',E'FOOEYRVJBHHDGVGKYJFLJF',NULL,'02/24/2017 10:04:49.444444',E'LXVXVLESZXQQHCDTSR',97,3);
INSERT INTO "public"."Case"("ID","AccessionID","Active","AnalysisLabID","CaseNumber","CreatedDate","CreatedUUID","JsonExtendedData","ModifiedDate","ModifiedUUID","ProcessingLabID","ProfessionalLabID") 
VALUES(36,15,FALSE,91,E'SHYFPKOAZIBBMMCOFWSMU','03/12/2017 13:08:13.989841',E'DTDWTRBAWCZL',NULL,'02/22/2017 02:51:48.082462',E'SZURBTBILLDAFRWZGTTX',96,99);
INSERT INTO "public"."Case"("ID","AccessionID","Active","AnalysisLabID","CaseNumber","CreatedDate","CreatedUUID","JsonExtendedData","ModifiedDate","ModifiedUUID","ProcessingLabID","ProfessionalLabID") 
VALUES(37,63,TRUE,88,E'AZHSXMZF','03/15/2017 17:05:37.146224',E'WSREHUNYGSDXCQUMSRPBS',NULL,'01/31/2017 15:26:29.546134',E'NIVAPTIBWSYWJMA',63,31);
INSERT INTO "public"."Case"("ID","AccessionID","Active","AnalysisLabID","CaseNumber","CreatedDate","CreatedUUID","JsonExtendedData","ModifiedDate","ModifiedUUID","ProcessingLabID","ProfessionalLabID") 
VALUES(38,77,FALSE,9,E'EVHSNWDFPJTVBEUHDVTSNCFR','03/18/2017 01:05:09.760830',E'RLKPLY',NULL,'03/07/2017 02:52:32.227455',E'ZHMNLESFCLCWY',66,46);
INSERT INTO "public"."Case"("ID","AccessionID","Active","AnalysisLabID","CaseNumber","CreatedDate","CreatedUUID","JsonExtendedData","ModifiedDate","ModifiedUUID","ProcessingLabID","ProfessionalLabID") 
VALUES(39,68,TRUE,15,E'DYJTUO','01/24/2017 13:43:33.141678',E'OUPXPLGAWCEUESXEQUJ',NULL,'02/28/2017 22:44:56.398875',E'TKUUBY',77,54);
INSERT INTO "public"."Case"("ID","AccessionID","Active","AnalysisLabID","CaseNumber","CreatedDate","CreatedUUID","JsonExtendedData","ModifiedDate","ModifiedUUID","ProcessingLabID","ProfessionalLabID") 
VALUES(40,3,FALSE,27,E'XTXYKOVAANMKHPHCELLRBIIDD','01/19/2017 07:46:16.818486',E'CACQYEYZBVZPFWPEJP',NULL,'02/08/2017 15:26:57.571168',E'YYOIDICA',46,58);
INSERT INTO "public"."Case"("ID","AccessionID","Active","AnalysisLabID","CaseNumber","CreatedDate","CreatedUUID","JsonExtendedData","ModifiedDate","ModifiedUUID","ProcessingLabID","ProfessionalLabID") 
VALUES(41,73,FALSE,65,E'LMOVXV','03/12/2017 01:06:50.377546',E'ZGLXLIRVGMXUDIOPJPDVPV',NULL,'02/23/2017 08:38:01.940727',E'IUXCQTJLAIYFWGDAOVAMYOVB',12,52);
INSERT INTO "public"."Case"("ID","AccessionID","Active","AnalysisLabID","CaseNumber","CreatedDate","CreatedUUID","JsonExtendedData","ModifiedDate","ModifiedUUID","ProcessingLabID","ProfessionalLabID") 
VALUES(42,82,TRUE,92,E'MYWEMQXUYULAEKJILANCGYQRF','01/24/2017 01:14:34.940133',E'QKXSD',NULL,'02/21/2017 08:35:44.633417',E'GHVYFN',30,16);
INSERT INTO "public"."Case"("ID","AccessionID","Active","AnalysisLabID","CaseNumber","CreatedDate","CreatedUUID","JsonExtendedData","ModifiedDate","ModifiedUUID","ProcessingLabID","ProfessionalLabID") 
VALUES(43,100,FALSE,82,E'FERMLOUJOKFI','01/23/2017 17:10:13.851586',E'SKVUWMHWZ',NULL,'02/18/2017 16:10:08.551161',E'TWIWPPAPZZTPZGKCJ',54,67);
INSERT INTO "public"."Case"("ID","AccessionID","Active","AnalysisLabID","CaseNumber","CreatedDate","CreatedUUID","JsonExtendedData","ModifiedDate","ModifiedUUID","ProcessingLabID","ProfessionalLabID") 
VALUES(44,62,FALSE,3,E'ALUVJBDWOPKPYROJZJ','01/27/2017 17:52:16.548614',E'BAZYMBDMAMKIVXFPSL',NULL,'03/04/2017 04:13:48.473715',E'FUKFTTFINULJZ',25,53);
INSERT INTO "public"."Case"("ID","AccessionID","Active","AnalysisLabID","CaseNumber","CreatedDate","CreatedUUID","JsonExtendedData","ModifiedDate","ModifiedUUID","ProcessingLabID","ProfessionalLabID") 
VALUES(45,97,FALSE,89,E'KECYJPPOIQSRHFWJIDBGT','02/23/2017 02:55:24.767550',E'GTPMRR',NULL,'01/19/2017 13:01:50.986857',E'YRPAVZBYVMCYRVEANMC',100,33);
INSERT INTO "public"."Case"("ID","AccessionID","Active","AnalysisLabID","CaseNumber","CreatedDate","CreatedUUID","JsonExtendedData","ModifiedDate","ModifiedUUID","ProcessingLabID","ProfessionalLabID") 
VALUES(46,58,TRUE,50,E'BDXBL','02/24/2017 13:10:17.260156',E'EHYUASYKCXXPNNXQKSHAGWC',NULL,'02/21/2017 05:18:01.803525',E'RTCDVXMOXVZKW',5,100);
INSERT INTO "public"."Case"("ID","AccessionID","Active","AnalysisLabID","CaseNumber","CreatedDate","CreatedUUID","JsonExtendedData","ModifiedDate","ModifiedUUID","ProcessingLabID","ProfessionalLabID") 
VALUES(47,30,FALSE,83,E'WKSLELT','03/06/2017 04:01:05.668352',E'KVQRCJZEU',NULL,'01/25/2017 01:28:27.770581',E'WDLLDCTIQH',73,11);
INSERT INTO "public"."Case"("ID","AccessionID","Active","AnalysisLabID","CaseNumber","CreatedDate","CreatedUUID","JsonExtendedData","ModifiedDate","ModifiedUUID","ProcessingLabID","ProfessionalLabID") 
VALUES(48,48,TRUE,42,E'JHRYHBJHOL','02/27/2017 21:47:34.874595',E'NXPHMFRNUZJQQCJVN',NULL,'01/28/2017 04:59:26.416417',E'DMAQHVULJFCRK',43,26);
INSERT INTO "public"."Case"("ID","AccessionID","Active","AnalysisLabID","CaseNumber","CreatedDate","CreatedUUID","JsonExtendedData","ModifiedDate","ModifiedUUID","ProcessingLabID","ProfessionalLabID") 
VALUES(49,16,FALSE,33,E'HLFXFSQPUCCDM','02/06/2017 07:16:42.002843',E'IBVIKRVFWXOOBHMQNLCNBUSVZ',NULL,'03/15/2017 14:37:27.111841',E'ADZDXJFXJKEVSIALLQGPTUYQ',26,61);
INSERT INTO "public"."Case"("ID","AccessionID","Active","AnalysisLabID","CaseNumber","CreatedDate","CreatedUUID","JsonExtendedData","ModifiedDate","ModifiedUUID","ProcessingLabID","ProfessionalLabID") 
VALUES(50,90,TRUE,46,E'QMRDZXQASRPPO','03/17/2017 12:59:13.336515',E'TTEUWKGPIFOGKAR',NULL,'01/26/2017 05:11:55.271481',E'PHDSIPEGAOCRRBEHQJISUUL',7,22);
INSERT INTO "public"."Case"("ID","AccessionID","Active","AnalysisLabID","CaseNumber","CreatedDate","CreatedUUID","JsonExtendedData","ModifiedDate","ModifiedUUID","ProcessingLabID","ProfessionalLabID") 
VALUES(51,40,FALSE,5,E'PLGAYZOTJKXNBGZT','01/31/2017 09:00:11.589694',E'EFGGTHRTRQ',NULL,'02/24/2017 12:21:52.903468',E'KIKSBJBFOTSDIIVYA',35,24);
INSERT INTO "public"."Case"("ID","AccessionID","Active","AnalysisLabID","CaseNumber","CreatedDate","CreatedUUID","JsonExtendedData","ModifiedDate","ModifiedUUID","ProcessingLabID","ProfessionalLabID") 
VALUES(52,9,TRUE,51,E'FZHREVZEOCEGYDXJYWJ','03/03/2017 00:22:04.079687',E'TPSVWSCHA',NULL,'02/05/2017 20:32:42.506757',E'SCUYNOBLJAPNJTM',74,85);
INSERT INTO "public"."Case"("ID","AccessionID","Active","AnalysisLabID","CaseNumber","CreatedDate","CreatedUUID","JsonExtendedData","ModifiedDate","ModifiedUUID","ProcessingLabID","ProfessionalLabID") 
VALUES(53,86,FALSE,19,E'PTXAMTOYD','02/24/2017 17:33:18.959770',E'XIILCHOGDMAINRSXO',NULL,'02/18/2017 01:15:41.972049',E'JJVABGLOICHOAMBQVBCWWJXX',89,98);
INSERT INTO "public"."Case"("ID","AccessionID","Active","AnalysisLabID","CaseNumber","CreatedDate","CreatedUUID","JsonExtendedData","ModifiedDate","ModifiedUUID","ProcessingLabID","ProfessionalLabID") 
VALUES(54,4,FALSE,73,E'WIDMZBWGXBVOYTKONTIIHSW','01/24/2017 21:18:54.206722',E'IGGFSPLFJOAQS',NULL,'02/14/2017 17:44:52.661822',E'HJMRDW',95,76);
INSERT INTO "public"."Case"("ID","AccessionID","Active","AnalysisLabID","CaseNumber","CreatedDate","CreatedUUID","JsonExtendedData","ModifiedDate","ModifiedUUID","ProcessingLabID","ProfessionalLabID") 
VALUES(55,84,FALSE,60,E'MLDPJFEZQHGGMNUKBPNNAJ','02/24/2017 09:58:39.942429',E'EHMGDXHPYNBYLW',NULL,'02/17/2017 20:48:38.735971',E'GFFCJDSXSRMLXFAG',82,78);
INSERT INTO "public"."Case"("ID","AccessionID","Active","AnalysisLabID","CaseNumber","CreatedDate","CreatedUUID","JsonExtendedData","ModifiedDate","ModifiedUUID","ProcessingLabID","ProfessionalLabID") 
VALUES(56,27,TRUE,48,E'TEKRBTLOWT','03/14/2017 02:35:00.073007',E'AANTORBTLYNKPESLLEHER',NULL,'03/01/2017 18:00:09.826997',E'UGUSHIDIMQNSBWMTUUVXXWZQ',67,10);
INSERT INTO "public"."Case"("ID","AccessionID","Active","AnalysisLabID","CaseNumber","CreatedDate","CreatedUUID","JsonExtendedData","ModifiedDate","ModifiedUUID","ProcessingLabID","ProfessionalLabID") 
VALUES(57,60,TRUE,61,E'EDZWJTSS','03/16/2017 09:02:38.471795',E'ZCZDLHUYCDKIPOHBWP',NULL,'02/09/2017 15:49:26.453261',E'RUHAZRPLTSRQZLIQZQGWHJZB',1,87);
INSERT INTO "public"."Case"("ID","AccessionID","Active","AnalysisLabID","CaseNumber","CreatedDate","CreatedUUID","JsonExtendedData","ModifiedDate","ModifiedUUID","ProcessingLabID","ProfessionalLabID") 
VALUES(58,29,TRUE,23,E'JQDUT','02/04/2017 06:37:00.296128',E'VRSGXQMQPVRULPVBF',NULL,'02/15/2017 11:32:26.498291',E'MKQJIJBSTUABF',28,12);
INSERT INTO "public"."Case"("ID","AccessionID","Active","AnalysisLabID","CaseNumber","CreatedDate","CreatedUUID","JsonExtendedData","ModifiedDate","ModifiedUUID","ProcessingLabID","ProfessionalLabID") 
VALUES(59,34,FALSE,28,E'KSXMDUTIJGXHIOLYKAXCVBYA','01/26/2017 18:14:59.710286',E'OQEKGGYURDJFKERHEIIPJQ',NULL,'02/14/2017 02:22:46.203467',E'UBATTWZIFU',61,13);
INSERT INTO "public"."Case"("ID","AccessionID","Active","AnalysisLabID","CaseNumber","CreatedDate","CreatedUUID","JsonExtendedData","ModifiedDate","ModifiedUUID","ProcessingLabID","ProfessionalLabID") 
VALUES(60,89,TRUE,30,E'MHCDAPMLQXQHLZHGBEBZAM','02/20/2017 20:21:56.463102',E'ZEPNHDPSRXWMVSRRP',NULL,'03/13/2017 09:05:14.243649',E'XEVVANJBVZCBLJJGCFYBPX',92,35);
INSERT INTO "public"."Case"("ID","AccessionID","Active","AnalysisLabID","CaseNumber","CreatedDate","CreatedUUID","JsonExtendedData","ModifiedDate","ModifiedUUID","ProcessingLabID","ProfessionalLabID") 
VALUES(61,7,FALSE,25,E'KFRQMAPGWITIGVTXFYW','03/02/2017 23:30:18.544552',E'DWJXGGWNPRGMK',NULL,'02/17/2017 12:29:41.758461',E'QHRQNJIGFXETZF',68,30);
INSERT INTO "public"."Case"("ID","AccessionID","Active","AnalysisLabID","CaseNumber","CreatedDate","CreatedUUID","JsonExtendedData","ModifiedDate","ModifiedUUID","ProcessingLabID","ProfessionalLabID") 
VALUES(62,10,TRUE,2,E'TDQTYIUCIEIIH','01/21/2017 12:24:19.226378',E'WJANITOUWSUCPDEGMEHPMQX',NULL,'01/22/2017 01:25:00.864643',E'SVUGNUSIZNKJNHWTMXQFE',41,2);
INSERT INTO "public"."Case"("ID","AccessionID","Active","AnalysisLabID","CaseNumber","CreatedDate","CreatedUUID","JsonExtendedData","ModifiedDate","ModifiedUUID","ProcessingLabID","ProfessionalLabID") 
VALUES(63,50,TRUE,43,E'EELDXNJAADFUVPYRRPSQ','01/31/2017 17:33:43.353102',E'OTLAZKGNYPAGCFC',NULL,'01/26/2017 04:02:33.154615',E'JHLCHQXHMIMEEBYUZ',33,28);
INSERT INTO "public"."Case"("ID","AccessionID","Active","AnalysisLabID","CaseNumber","CreatedDate","CreatedUUID","JsonExtendedData","ModifiedDate","ModifiedUUID","ProcessingLabID","ProfessionalLabID") 
VALUES(64,13,TRUE,12,E'VWPRSSQ','01/18/2017 18:33:54.600918',E'TKRVNERDON',NULL,'02/15/2017 07:26:37.852424',E'XZMUQMQJ',9,75);
INSERT INTO "public"."Case"("ID","AccessionID","Active","AnalysisLabID","CaseNumber","CreatedDate","CreatedUUID","JsonExtendedData","ModifiedDate","ModifiedUUID","ProcessingLabID","ProfessionalLabID") 
VALUES(65,41,TRUE,79,E'EYCVZMREKKECNZA','02/05/2017 00:28:06.475889',E'JETIXJOJFNYANWU',NULL,'02/13/2017 02:43:31.840740',E'VUBORPKKOKULBUSASKALV',99,38);
INSERT INTO "public"."Case"("ID","AccessionID","Active","AnalysisLabID","CaseNumber","CreatedDate","CreatedUUID","JsonExtendedData","ModifiedDate","ModifiedUUID","ProcessingLabID","ProfessionalLabID") 
VALUES(66,76,FALSE,63,E'SVSLDEARSUTBCIHF','01/21/2017 16:18:23.367982',E'KWYXOVUGBE',NULL,'03/10/2017 14:47:37.605440',E'RPPEIDXJRF',90,37);
INSERT INTO "public"."Case"("ID","AccessionID","Active","AnalysisLabID","CaseNumber","CreatedDate","CreatedUUID","JsonExtendedData","ModifiedDate","ModifiedUUID","ProcessingLabID","ProfessionalLabID") 
VALUES(67,99,FALSE,80,E'YGTUXWMEJIMCKJJR','02/17/2017 22:17:41.121725',E'KWOSVZL',NULL,'03/11/2017 01:02:25.946341',E'EVBMKVXSASGILKDMCEVW',65,20);
INSERT INTO "public"."Case"("ID","AccessionID","Active","AnalysisLabID","CaseNumber","CreatedDate","CreatedUUID","JsonExtendedData","ModifiedDate","ModifiedUUID","ProcessingLabID","ProfessionalLabID") 
VALUES(68,81,TRUE,54,E'WGNOBZP','02/27/2017 17:17:28.217916',E'YJNCCQXJWOI',NULL,'03/04/2017 20:03:54.420763',E'MHXCBRCPEPYPVMYRKXBVOL',80,40);
INSERT INTO "public"."Case"("ID","AccessionID","Active","AnalysisLabID","CaseNumber","CreatedDate","CreatedUUID","JsonExtendedData","ModifiedDate","ModifiedUUID","ProcessingLabID","ProfessionalLabID") 
VALUES(69,2,TRUE,22,E'VSYCDSXEDQXMACZGA','01/20/2017 20:12:07.307727',E'YFIGXGILXFDAJTTHVSKUBU',NULL,'03/16/2017 23:51:00.165792',E'THBTKJRQMXXHBRXJQHCBBEYTT',48,56);
INSERT INTO "public"."Case"("ID","AccessionID","Active","AnalysisLabID","CaseNumber","CreatedDate","CreatedUUID","JsonExtendedData","ModifiedDate","ModifiedUUID","ProcessingLabID","ProfessionalLabID") 
VALUES(70,96,TRUE,16,E'TLBDM','02/09/2017 00:26:10.245149',E'LSQRGVJRABI',NULL,'03/09/2017 22:18:22.914304',E'QDPSAUMPDP',57,96);
INSERT INTO "public"."Case"("ID","AccessionID","Active","AnalysisLabID","CaseNumber","CreatedDate","CreatedUUID","JsonExtendedData","ModifiedDate","ModifiedUUID","ProcessingLabID","ProfessionalLabID") 
VALUES(71,52,TRUE,35,E'UUBAXHTPLZTNDFPJXRSJYSA','01/28/2017 23:45:32.618070',E'NPWIXDDCUPSYIHI',NULL,'02/25/2017 02:57:44.805599',E'JRJHSBDBLCQZPFVODH',51,36);
INSERT INTO "public"."Case"("ID","AccessionID","Active","AnalysisLabID","CaseNumber","CreatedDate","CreatedUUID","JsonExtendedData","ModifiedDate","ModifiedUUID","ProcessingLabID","ProfessionalLabID") 
VALUES(72,55,FALSE,52,E'SREXKKEFJRHLLHFXPECWLK','01/18/2017 12:51:09.276591',E'XZFMZCEUBRRIMVFGLQC',NULL,'02/12/2017 09:27:15.569529',E'QKKFVUILOYMDJUCRKNGZMZO',60,91);
INSERT INTO "public"."Case"("ID","AccessionID","Active","AnalysisLabID","CaseNumber","CreatedDate","CreatedUUID","JsonExtendedData","ModifiedDate","ModifiedUUID","ProcessingLabID","ProfessionalLabID") 
VALUES(73,65,TRUE,71,E'QGOJTPVOILLIMGXF','02/11/2017 07:58:26.350403',E'IOHXIKD',NULL,'01/28/2017 22:11:56.162029',E'APMFUCVQCWIM',59,49);
INSERT INTO "public"."Case"("ID","AccessionID","Active","AnalysisLabID","CaseNumber","CreatedDate","CreatedUUID","JsonExtendedData","ModifiedDate","ModifiedUUID","ProcessingLabID","ProfessionalLabID") 
VALUES(74,56,FALSE,87,E'IQNTYS','01/27/2017 14:19:30.441539',E'WDLMNCPTQHJNNGJJQRTG',NULL,'03/13/2017 17:42:29.600785',E'CYRTIQFUYGEY',84,45);
INSERT INTO "public"."Case"("ID","AccessionID","Active","AnalysisLabID","CaseNumber","CreatedDate","CreatedUUID","JsonExtendedData","ModifiedDate","ModifiedUUID","ProcessingLabID","ProfessionalLabID") 
VALUES(75,12,FALSE,99,E'BRAWCYLWGTSFDEYER','03/12/2017 04:04:02.981349',E'KEKVWYPYAKCCMNRTDZQDNYMH',NULL,'02/12/2017 16:12:45.369667',E'VPVCMVUYIXXOWT',71,81);
INSERT INTO "public"."Case"("ID","AccessionID","Active","AnalysisLabID","CaseNumber","CreatedDate","CreatedUUID","JsonExtendedData","ModifiedDate","ModifiedUUID","ProcessingLabID","ProfessionalLabID") 
VALUES(76,49,FALSE,44,E'YAGNTVFQCDIOKI','02/19/2017 10:25:58.081347',E'EOYLQEHVPLBIVEBEKPNEEZV',NULL,'03/05/2017 06:11:59.186955',E'HDABFNUXRTYTASKY',19,70);
INSERT INTO "public"."Case"("ID","AccessionID","Active","AnalysisLabID","CaseNumber","CreatedDate","CreatedUUID","JsonExtendedData","ModifiedDate","ModifiedUUID","ProcessingLabID","ProfessionalLabID") 
VALUES(77,98,FALSE,13,E'OEDBDHMBGWELJNYCW','02/27/2017 07:14:22.656349',E'KKXKMWCWIR',NULL,'01/20/2017 04:16:18.345860',E'KKAUIGDHVFTLVZYQRJSBV',21,43);
INSERT INTO "public"."Case"("ID","AccessionID","Active","AnalysisLabID","CaseNumber","CreatedDate","CreatedUUID","JsonExtendedData","ModifiedDate","ModifiedUUID","ProcessingLabID","ProfessionalLabID") 
VALUES(78,19,FALSE,31,E'XGTOJAV','03/05/2017 14:05:32.667094',E'QHLOLXZTEXSMXGTQ',NULL,'01/27/2017 09:36:15.058295',E'ETKLRDYQ',93,86);
INSERT INTO "public"."Case"("ID","AccessionID","Active","AnalysisLabID","CaseNumber","CreatedDate","CreatedUUID","JsonExtendedData","ModifiedDate","ModifiedUUID","ProcessingLabID","ProfessionalLabID") 
VALUES(79,18,TRUE,97,E'UVFTVNKMFWHHOYSXHOVO','03/10/2017 14:51:43.534108',E'KXFEYZXZE',NULL,'02/03/2017 21:35:07.550193',E'HMQOBFOQBBXYRKCNFIIYO',40,48);
INSERT INTO "public"."Case"("ID","AccessionID","Active","AnalysisLabID","CaseNumber","CreatedDate","CreatedUUID","JsonExtendedData","ModifiedDate","ModifiedUUID","ProcessingLabID","ProfessionalLabID") 
VALUES(80,51,TRUE,94,E'GKFTYYYIPSZFTGPKS','02/01/2017 19:36:21.861785',E'LJXRXNCHKSINXQCH',NULL,'03/04/2017 14:22:17.269767',E'LZADXSNYPGODLGIMO',11,88);
INSERT INTO "public"."Case"("ID","AccessionID","Active","AnalysisLabID","CaseNumber","CreatedDate","CreatedUUID","JsonExtendedData","ModifiedDate","ModifiedUUID","ProcessingLabID","ProfessionalLabID") 
VALUES(81,91,TRUE,90,E'LYSGZOWTOWHWYXKEYBLLY','01/27/2017 22:21:39.840851',E'GTBIRYSFCDBFWWAJBLIUHAWX',NULL,'02/23/2017 03:09:04.176701',E'JUXIKPGPNGMYMMMHLAXNDP',79,1);
INSERT INTO "public"."Case"("ID","AccessionID","Active","AnalysisLabID","CaseNumber","CreatedDate","CreatedUUID","JsonExtendedData","ModifiedDate","ModifiedUUID","ProcessingLabID","ProfessionalLabID") 
VALUES(82,11,TRUE,41,E'MLJQIUKCHA','02/18/2017 01:45:38.363036',E'JRGHRVBUYSHXBYLJUL',NULL,'01/31/2017 01:22:21.222188',E'AAZUXFTYFS',70,39);
INSERT INTO "public"."Case"("ID","AccessionID","Active","AnalysisLabID","CaseNumber","CreatedDate","CreatedUUID","JsonExtendedData","ModifiedDate","ModifiedUUID","ProcessingLabID","ProfessionalLabID") 
VALUES(83,94,TRUE,49,E'RFCRKQYLPORXKLBHZDAVHY','03/07/2017 08:28:15.486135',E'WABXGIKWSA',NULL,'03/04/2017 05:24:15.552219',E'WFSUJQFWBTMYTHYQXKFNSEZJ',42,34);
INSERT INTO "public"."Case"("ID","AccessionID","Active","AnalysisLabID","CaseNumber","CreatedDate","CreatedUUID","JsonExtendedData","ModifiedDate","ModifiedUUID","ProcessingLabID","ProfessionalLabID") 
VALUES(84,35,FALSE,98,E'NCCIPB','02/27/2017 14:02:29.851863',E'SSVBJUNWM',NULL,'01/20/2017 04:58:18.372207',E'DXXWSNBAIVV',2,25);
INSERT INTO "public"."Case"("ID","AccessionID","Active","AnalysisLabID","CaseNumber","CreatedDate","CreatedUUID","JsonExtendedData","ModifiedDate","ModifiedUUID","ProcessingLabID","ProfessionalLabID") 
VALUES(85,66,TRUE,39,E'NCOPUXVQYS','01/27/2017 00:39:22.711439',E'BBCJLJSWDSIOYBXYIYOWI',NULL,'03/17/2017 21:19:49.523923',E'LXRQZPIPU',56,64);
INSERT INTO "public"."Case"("ID","AccessionID","Active","AnalysisLabID","CaseNumber","CreatedDate","CreatedUUID","JsonExtendedData","ModifiedDate","ModifiedUUID","ProcessingLabID","ProfessionalLabID") 
VALUES(86,71,TRUE,17,E'YIZGGMEXGMISSXOPPAKPGE','02/15/2017 18:53:44.497562',E'EZTRI',NULL,'02/16/2017 18:46:14.159242',E'CWJJCJQRFZFHAHZMEKZYS',86,90);
INSERT INTO "public"."Case"("ID","AccessionID","Active","AnalysisLabID","CaseNumber","CreatedDate","CreatedUUID","JsonExtendedData","ModifiedDate","ModifiedUUID","ProcessingLabID","ProfessionalLabID") 
VALUES(87,38,TRUE,69,E'GXRGROCTVSSVLC','03/01/2017 10:35:35.521488',E'GNKEKTVIE',NULL,'01/30/2017 17:43:52.147061',E'FNZATRPKIJOOKNWROKDFC',83,27);
INSERT INTO "public"."Case"("ID","AccessionID","Active","AnalysisLabID","CaseNumber","CreatedDate","CreatedUUID","JsonExtendedData","ModifiedDate","ModifiedUUID","ProcessingLabID","ProfessionalLabID") 
VALUES(88,72,TRUE,95,E'JXWXAYXWSGRTYYPJKRLG','03/11/2017 16:33:21.067165',E'NOUFCRUTSI',NULL,'02/13/2017 21:53:36.597214',E'SIKFPMFEOJDROTBJJBPVB',4,8);
INSERT INTO "public"."Case"("ID","AccessionID","Active","AnalysisLabID","CaseNumber","CreatedDate","CreatedUUID","JsonExtendedData","ModifiedDate","ModifiedUUID","ProcessingLabID","ProfessionalLabID") 
VALUES(89,79,TRUE,93,E'SWSJISPZDZCZRIDY','02/24/2017 13:21:04.396395',E'MADIFFCEMNVUDVNKMNIEO',NULL,'02/06/2017 17:18:13.769680',E'ZJXCNNXQSPPAWBGPSFPNUQISZ',85,14);
INSERT INTO "public"."Case"("ID","AccessionID","Active","AnalysisLabID","CaseNumber","CreatedDate","CreatedUUID","JsonExtendedData","ModifiedDate","ModifiedUUID","ProcessingLabID","ProfessionalLabID") 
VALUES(90,53,FALSE,84,E'RQQCGXOJIGZHXDST','02/26/2017 09:56:09.760436',E'AGKEYTXUGRXSFLGTP',NULL,'01/21/2017 19:36:03.498878',E'LIAMLDOKDNWKWBHEPRRRWO',10,69);
INSERT INTO "public"."Case"("ID","AccessionID","Active","AnalysisLabID","CaseNumber","CreatedDate","CreatedUUID","JsonExtendedData","ModifiedDate","ModifiedUUID","ProcessingLabID","ProfessionalLabID") 
VALUES(91,43,TRUE,40,E'NYMVJXGUSHKWMUXAUHHGLPH','02/24/2017 02:40:34.476172',E'XJCPQPAEP',NULL,'03/02/2017 06:31:39.228241',E'LFAWQ',27,94);
INSERT INTO "public"."Case"("ID","AccessionID","Active","AnalysisLabID","CaseNumber","CreatedDate","CreatedUUID","JsonExtendedData","ModifiedDate","ModifiedUUID","ProcessingLabID","ProfessionalLabID") 
VALUES(92,20,FALSE,68,E'UNKAYBAWRZBWCTYPJ','02/26/2017 17:31:35.651123',E'YDVYBSTQAGOXV',NULL,'02/23/2017 21:19:17.433921',E'FLGSPLXDSTCFIJONKIOVZQO',44,42);
INSERT INTO "public"."Case"("ID","AccessionID","Active","AnalysisLabID","CaseNumber","CreatedDate","CreatedUUID","JsonExtendedData","ModifiedDate","ModifiedUUID","ProcessingLabID","ProfessionalLabID") 
VALUES(93,32,TRUE,57,E'QRRVNGHPTEVKVDIHTYEZOGC','02/08/2017 14:06:44.628405',E'QEOBJSNIYHQQKFBPAKATTFB',NULL,'02/01/2017 20:03:21.716359',E'YDLNGRXRBNTWME',98,80);
INSERT INTO "public"."Case"("ID","AccessionID","Active","AnalysisLabID","CaseNumber","CreatedDate","CreatedUUID","JsonExtendedData","ModifiedDate","ModifiedUUID","ProcessingLabID","ProfessionalLabID") 
VALUES(94,88,TRUE,14,E'PNQBHNPDNIVSNYG','03/12/2017 11:43:50.959720',E'TVPVJANSHFV',NULL,'03/14/2017 05:22:15.711437',E'KZAIHIIMIFPJCKI',88,32);
INSERT INTO "public"."Case"("ID","AccessionID","Active","AnalysisLabID","CaseNumber","CreatedDate","CreatedUUID","JsonExtendedData","ModifiedDate","ModifiedUUID","ProcessingLabID","ProfessionalLabID") 
VALUES(95,80,FALSE,72,E'HMLBM','02/14/2017 16:05:16.279963',E'ADYEMSKBVLNTN',NULL,'03/18/2017 09:10:00.896451',E'BCHDSYCXPCBSM',23,59);
INSERT INTO "public"."Case"("ID","AccessionID","Active","AnalysisLabID","CaseNumber","CreatedDate","CreatedUUID","JsonExtendedData","ModifiedDate","ModifiedUUID","ProcessingLabID","ProfessionalLabID") 
VALUES(96,25,FALSE,59,E'UJNLHEBHOFPADLSNTZJWUIC','03/11/2017 16:53:59.524747',E'PXRINTQSANNHDBNCXT',NULL,'02/10/2017 01:39:51.166980',E'BSHFFUQJRRUCELEPCLRNF',49,15);
INSERT INTO "public"."Case"("ID","AccessionID","Active","AnalysisLabID","CaseNumber","CreatedDate","CreatedUUID","JsonExtendedData","ModifiedDate","ModifiedUUID","ProcessingLabID","ProfessionalLabID") 
VALUES(97,23,FALSE,85,E'ZQZPSJFGECUMPXBBF','03/06/2017 10:13:00.703296',E'CIUHVM',NULL,'02/07/2017 16:02:45.032333',E'KXIGRXNWTVXZGFPJYPFK',38,23);
INSERT INTO "public"."Case"("ID","AccessionID","Active","AnalysisLabID","CaseNumber","CreatedDate","CreatedUUID","JsonExtendedData","ModifiedDate","ModifiedUUID","ProcessingLabID","ProfessionalLabID") 
VALUES(98,26,FALSE,56,E'UAJIVJNPTJRHT','03/12/2017 21:21:33.402654',E'WUFGKFLGPAR',NULL,'01/30/2017 09:27:57.916464',E'UOYMCJKA',69,41);
INSERT INTO "public"."Case"("ID","AccessionID","Active","AnalysisLabID","CaseNumber","CreatedDate","CreatedUUID","JsonExtendedData","ModifiedDate","ModifiedUUID","ProcessingLabID","ProfessionalLabID") 
VALUES(99,5,FALSE,34,E'HNQALWQAEAVZT','02/06/2017 11:18:24.817561',E'KXLLDVAUAOMVVEIPWA',NULL,'03/02/2017 20:39:25.087090',E'CXLHJDBPNUWUVDSW',52,72);
INSERT INTO "public"."Case"("ID","AccessionID","Active","AnalysisLabID","CaseNumber","CreatedDate","CreatedUUID","JsonExtendedData","ModifiedDate","ModifiedUUID","ProcessingLabID","ProfessionalLabID") 
VALUES(100,37,FALSE,10,E'MCORAJ','02/09/2017 13:29:44.213394',E'TXXIYZAHBNZQTWTO',NULL,'01/19/2017 23:48:25.149683',E'ZDXPERSCORDDMUNNLNRJGTPIA',36,89);
COMMIT;

/* Generating data for table public.Specimen... */
INSERT INTO "public"."Specimen"("ID","AccessionID","Active","BatchID","CaseID","CreatedDate","CreatedUUID","ExternalSpecimenID","JsonExtendedData","ModifiedDate","ModifiedUUID","SpecimenCode") 
VALUES(1,49,FALSE,74,84,'03/16/2017 13:03:01.099444',E'EHEIBDMYZLXEHIKMSTQWFO',E'RUHCGLMFGJRYRBAGXVC',NULL,'03/04/2017 07:42:30.013995',E'BDUPPXHSIIRRW',E'OQEEWIL');
INSERT INTO "public"."Specimen"("ID","AccessionID","Active","BatchID","CaseID","CreatedDate","CreatedUUID","ExternalSpecimenID","JsonExtendedData","ModifiedDate","ModifiedUUID","SpecimenCode") 
VALUES(2,25,TRUE,39,40,'02/21/2017 14:13:19.395223',E'JFUOQBKEEEVPALE',E'XKSGOZAHLDKXKFSAQ',NULL,'02/04/2017 12:28:00.757823',E'MTXZBDPXCHEQ',E'SZUKQCB');
INSERT INTO "public"."Specimen"("ID","AccessionID","Active","BatchID","CaseID","CreatedDate","CreatedUUID","ExternalSpecimenID","JsonExtendedData","ModifiedDate","ModifiedUUID","SpecimenCode") 
VALUES(3,74,FALSE,91,7,'02/03/2017 11:43:14.117718',E'GDGYOBVUDNLISDILFFNH',E'HBUUZTIINCKZVNEFKGCKBZWJ',NULL,'03/06/2017 13:17:59.916508',E'CYTLNOZWAVXIIVAAL',E'AXZGLD');
INSERT INTO "public"."Specimen"("ID","AccessionID","Active","BatchID","CaseID","CreatedDate","CreatedUUID","ExternalSpecimenID","JsonExtendedData","ModifiedDate","ModifiedUUID","SpecimenCode") 
VALUES(4,38,TRUE,40,78,'02/12/2017 08:10:34.156366',E'UWJMYCJBWRCI',E'FXVJTSPMHXNWVRZQ',NULL,'02/10/2017 16:08:31.971707',E'VWNFLW',E'ZQNQMP');
INSERT INTO "public"."Specimen"("ID","AccessionID","Active","BatchID","CaseID","CreatedDate","CreatedUUID","ExternalSpecimenID","JsonExtendedData","ModifiedDate","ModifiedUUID","SpecimenCode") 
VALUES(5,9,TRUE,73,49,'02/01/2017 09:39:30.429345',E'GZZRVOFENFTLNIHNOZ',E'AIFOWQGD',NULL,'02/25/2017 05:54:59.665303',E'TSUIPVBMNGXKOVLID',E'FWCII');
INSERT INTO "public"."Specimen"("ID","AccessionID","Active","BatchID","CaseID","CreatedDate","CreatedUUID","ExternalSpecimenID","JsonExtendedData","ModifiedDate","ModifiedUUID","SpecimenCode") 
VALUES(6,8,TRUE,37,70,'02/26/2017 19:07:15.664215',E'AXPJDQJSCLPMJJUIKA',E'NSTMGEF',NULL,'01/28/2017 15:37:36.477289',E'PQJPRPGXXTPSUA',E'TCPVI');
INSERT INTO "public"."Specimen"("ID","AccessionID","Active","BatchID","CaseID","CreatedDate","CreatedUUID","ExternalSpecimenID","JsonExtendedData","ModifiedDate","ModifiedUUID","SpecimenCode") 
VALUES(7,33,FALSE,22,75,'02/07/2017 13:55:34.794240',E'HLUFZMSEHBCGSUWEGNUOXYHGA',E'OOQHTQEEAK',NULL,'02/21/2017 09:14:12.469004',E'MZVLQRDPFKVHUVOS',E'PDGWQ');
INSERT INTO "public"."Specimen"("ID","AccessionID","Active","BatchID","CaseID","CreatedDate","CreatedUUID","ExternalSpecimenID","JsonExtendedData","ModifiedDate","ModifiedUUID","SpecimenCode") 
VALUES(8,91,FALSE,11,29,'02/21/2017 05:39:14.871792',E'KPMVCXORLSCPGXQDUJMBFBG',E'IXUKW',NULL,'02/11/2017 20:37:25.072487',E'SCBHUUEFVOOVTUBDHKBOUDWZ',E'BSKLHT');
INSERT INTO "public"."Specimen"("ID","AccessionID","Active","BatchID","CaseID","CreatedDate","CreatedUUID","ExternalSpecimenID","JsonExtendedData","ModifiedDate","ModifiedUUID","SpecimenCode") 
VALUES(9,85,TRUE,41,16,'03/03/2017 08:44:20.207126',E'FALPEUQRIJBXCURQYTRIZ',E'XXJDEF',NULL,'01/27/2017 03:58:11.361812',E'VGEJNVRVNVP',E'IRVPU');
INSERT INTO "public"."Specimen"("ID","AccessionID","Active","BatchID","CaseID","CreatedDate","CreatedUUID","ExternalSpecimenID","JsonExtendedData","ModifiedDate","ModifiedUUID","SpecimenCode") 
VALUES(10,31,TRUE,62,36,'03/15/2017 06:33:14.259408',E'HKZRXJLDKUCYPGBYZXIU',E'ULWIRKLXSPF',NULL,'02/27/2017 14:37:54.576925',E'JTQSLHCDO',E'KRDDZUV');
INSERT INTO "public"."Specimen"("ID","AccessionID","Active","BatchID","CaseID","CreatedDate","CreatedUUID","ExternalSpecimenID","JsonExtendedData","ModifiedDate","ModifiedUUID","SpecimenCode") 
VALUES(11,73,FALSE,10,68,'03/03/2017 21:30:07.912957',E'MALJOXTX',E'BAACBA',NULL,'02/05/2017 17:38:17.961303',E'GQUBMYJXQCBNRL',E'JXWNC');
INSERT INTO "public"."Specimen"("ID","AccessionID","Active","BatchID","CaseID","CreatedDate","CreatedUUID","ExternalSpecimenID","JsonExtendedData","ModifiedDate","ModifiedUUID","SpecimenCode") 
VALUES(12,36,TRUE,65,96,'02/11/2017 14:00:02.917999',E'ZCSEMMHFI',E'YMVEJGJLWTKHR',NULL,'01/18/2017 01:17:51.835430',E'EGCCTIOYKPE',E'TKWJHN');
INSERT INTO "public"."Specimen"("ID","AccessionID","Active","BatchID","CaseID","CreatedDate","CreatedUUID","ExternalSpecimenID","JsonExtendedData","ModifiedDate","ModifiedUUID","SpecimenCode") 
VALUES(13,64,FALSE,77,67,'03/16/2017 17:30:25.125482',E'YHHMAPCPICFYVNEXZGZLRBJ',E'FUBUEJEZQDNAOLJTMWHO',NULL,'02/14/2017 16:48:40.331244',E'WLHXBBDXTMRWN',E'EDQLKMA');
INSERT INTO "public"."Specimen"("ID","AccessionID","Active","BatchID","CaseID","CreatedDate","CreatedUUID","ExternalSpecimenID","JsonExtendedData","ModifiedDate","ModifiedUUID","SpecimenCode") 
VALUES(14,65,FALSE,80,59,'02/12/2017 05:35:02.824221',E'ZHMXDANXXQESAMMKWQIBDMOJW',E'VGTBBSEPEDBOSQVEVUUYHJF',NULL,'02/24/2017 19:51:56.804212',E'WUGPXWGX',E'TUWVLU');
INSERT INTO "public"."Specimen"("ID","AccessionID","Active","BatchID","CaseID","CreatedDate","CreatedUUID","ExternalSpecimenID","JsonExtendedData","ModifiedDate","ModifiedUUID","SpecimenCode") 
VALUES(15,2,TRUE,79,39,'03/10/2017 22:56:27.529936',E'SNZUWKTRAHIHAOQWQQMOF',E'TFMJRA',NULL,'03/10/2017 15:35:42.262154',E'VGURFHPGAC',E'PKWEUS');
INSERT INTO "public"."Specimen"("ID","AccessionID","Active","BatchID","CaseID","CreatedDate","CreatedUUID","ExternalSpecimenID","JsonExtendedData","ModifiedDate","ModifiedUUID","SpecimenCode") 
VALUES(16,90,TRUE,24,86,'03/09/2017 08:51:51.793333',E'RSACXOVACLSSTQFXOFMSMYDRO',E'IFUNOS',NULL,'03/12/2017 22:30:44.335155',E'BKACEEAAEGHJABEQNJFRUF',E'YZOSY');
INSERT INTO "public"."Specimen"("ID","AccessionID","Active","BatchID","CaseID","CreatedDate","CreatedUUID","ExternalSpecimenID","JsonExtendedData","ModifiedDate","ModifiedUUID","SpecimenCode") 
VALUES(17,52,TRUE,25,30,'03/17/2017 14:10:30.717501',E'FMTVYXZ',E'QEFXLULZQKI',NULL,'02/05/2017 08:59:43.854942',E'VOWOZCQW',E'ONSXCB');
INSERT INTO "public"."Specimen"("ID","AccessionID","Active","BatchID","CaseID","CreatedDate","CreatedUUID","ExternalSpecimenID","JsonExtendedData","ModifiedDate","ModifiedUUID","SpecimenCode") 
VALUES(18,79,FALSE,19,88,'03/11/2017 07:19:06.274093',E'UFDXPPECAKO',E'SAYUSGMYSB',NULL,'02/16/2017 10:59:18.353631',E'TXCFQUXNYSPCUCOX',E'HTXCH');
INSERT INTO "public"."Specimen"("ID","AccessionID","Active","BatchID","CaseID","CreatedDate","CreatedUUID","ExternalSpecimenID","JsonExtendedData","ModifiedDate","ModifiedUUID","SpecimenCode") 
VALUES(19,96,FALSE,92,99,'03/08/2017 18:17:09.669788',E'DVKRAQ',E'SVAFFQCSNU',NULL,'01/18/2017 09:48:05.290263',E'RRDPRY',E'ZZCCGP');
INSERT INTO "public"."Specimen"("ID","AccessionID","Active","BatchID","CaseID","CreatedDate","CreatedUUID","ExternalSpecimenID","JsonExtendedData","ModifiedDate","ModifiedUUID","SpecimenCode") 
VALUES(20,69,FALSE,84,87,'03/18/2017 20:18:14.805698',E'WZUIEZH',E'IKMVYZOPUYKAAZRMPXCIHC',NULL,'02/04/2017 04:31:03.587428',E'ZJYIK',E'KNWCE');
INSERT INTO "public"."Specimen"("ID","AccessionID","Active","BatchID","CaseID","CreatedDate","CreatedUUID","ExternalSpecimenID","JsonExtendedData","ModifiedDate","ModifiedUUID","SpecimenCode") 
VALUES(21,59,TRUE,96,31,'02/26/2017 18:25:24.469375',E'FAMTLUXJNFT',E'RROUYTJNHNLVVROFS',NULL,'02/12/2017 11:45:34.455478',E'XTNYVTZVYW',E'BLEMGJW');
INSERT INTO "public"."Specimen"("ID","AccessionID","Active","BatchID","CaseID","CreatedDate","CreatedUUID","ExternalSpecimenID","JsonExtendedData","ModifiedDate","ModifiedUUID","SpecimenCode") 
VALUES(22,68,FALSE,35,46,'02/24/2017 07:20:46.791697',E'LWDBCNZNCXHTSOEATCMX',E'VLUUH',NULL,'03/05/2017 00:24:47.500099',E'LWOXCNWKQGKOGBKART',E'XRTKWQW');
INSERT INTO "public"."Specimen"("ID","AccessionID","Active","BatchID","CaseID","CreatedDate","CreatedUUID","ExternalSpecimenID","JsonExtendedData","ModifiedDate","ModifiedUUID","SpecimenCode") 
VALUES(23,28,FALSE,49,8,'01/27/2017 00:54:13.008061',E'XVQVSUC',E'CZTETMJQHBHDPNZNBYJFIVTT',NULL,'02/09/2017 02:16:08.394540',E'ERZQGHQSRJQDNQTWD',E'XGOJGD');
INSERT INTO "public"."Specimen"("ID","AccessionID","Active","BatchID","CaseID","CreatedDate","CreatedUUID","ExternalSpecimenID","JsonExtendedData","ModifiedDate","ModifiedUUID","SpecimenCode") 
VALUES(24,15,TRUE,70,11,'02/19/2017 16:58:13.876546',E'XNBXIBUYVWOWAFNAAH',E'HOMYCVDJRVDMDKJCINYTA',NULL,'02/14/2017 23:26:02.694473',E'DNNCGXLTSK',E'YEWAWZ');
INSERT INTO "public"."Specimen"("ID","AccessionID","Active","BatchID","CaseID","CreatedDate","CreatedUUID","ExternalSpecimenID","JsonExtendedData","ModifiedDate","ModifiedUUID","SpecimenCode") 
VALUES(25,67,TRUE,72,50,'03/18/2017 12:40:35.483977',E'LVCYMTY',E'NZCFVDSOCZNDHYBYPEGXNNP',NULL,'02/16/2017 12:01:07.089084',E'BJBLABPW',E'DRHGW');
INSERT INTO "public"."Specimen"("ID","AccessionID","Active","BatchID","CaseID","CreatedDate","CreatedUUID","ExternalSpecimenID","JsonExtendedData","ModifiedDate","ModifiedUUID","SpecimenCode") 
VALUES(26,5,TRUE,30,10,'01/31/2017 17:09:37.863148',E'DFUZFMPWLJNHUZHLZ',E'RYCMFGDV',NULL,'02/27/2017 15:59:21.634828',E'UWWZOBCARLFCLZJESYGQFFCLV',E'VDZFDM');
INSERT INTO "public"."Specimen"("ID","AccessionID","Active","BatchID","CaseID","CreatedDate","CreatedUUID","ExternalSpecimenID","JsonExtendedData","ModifiedDate","ModifiedUUID","SpecimenCode") 
VALUES(27,14,FALSE,76,79,'01/20/2017 15:07:46.385791',E'NSQTFXJBG',E'RPFWFVXTLS',NULL,'01/18/2017 10:07:47.128588',E'RLKYISPEUO',E'XCZFWLD');
INSERT INTO "public"."Specimen"("ID","AccessionID","Active","BatchID","CaseID","CreatedDate","CreatedUUID","ExternalSpecimenID","JsonExtendedData","ModifiedDate","ModifiedUUID","SpecimenCode") 
VALUES(28,48,TRUE,3,89,'02/01/2017 10:17:55.386600',E'XVQHQZG',E'RQBQZLGJH',NULL,'02/25/2017 19:21:58.610283',E'HGODXRTC',E'TXBFYT');
INSERT INTO "public"."Specimen"("ID","AccessionID","Active","BatchID","CaseID","CreatedDate","CreatedUUID","ExternalSpecimenID","JsonExtendedData","ModifiedDate","ModifiedUUID","SpecimenCode") 
VALUES(29,20,TRUE,6,24,'02/09/2017 01:24:56.905592',E'NOWMCIK',E'BFIOWYKYSUAFPQUH',NULL,'03/18/2017 12:42:29.505898',E'WBGGPOJMEWKHODPEDQPBULESW',E'HTNWG');
INSERT INTO "public"."Specimen"("ID","AccessionID","Active","BatchID","CaseID","CreatedDate","CreatedUUID","ExternalSpecimenID","JsonExtendedData","ModifiedDate","ModifiedUUID","SpecimenCode") 
VALUES(30,39,TRUE,28,72,'02/10/2017 17:30:22.910399',E'AYFLERIBVSQCJIZB',E'VUFTAKWLCCLDBJEPRCMEORT',NULL,'03/07/2017 13:39:17.922192',E'ALJIPFFRKLRKTZD',E'TJTCE');
INSERT INTO "public"."Specimen"("ID","AccessionID","Active","BatchID","CaseID","CreatedDate","CreatedUUID","ExternalSpecimenID","JsonExtendedData","ModifiedDate","ModifiedUUID","SpecimenCode") 
VALUES(31,93,FALSE,56,43,'03/05/2017 02:06:21.454410',E'LKGCQ',E'ORNYIAMSMDYHF',NULL,'03/08/2017 08:08:03.905244',E'KZDHSLJGQZKOFXZMGBUHVIKGV',E'WZYUOF');
INSERT INTO "public"."Specimen"("ID","AccessionID","Active","BatchID","CaseID","CreatedDate","CreatedUUID","ExternalSpecimenID","JsonExtendedData","ModifiedDate","ModifiedUUID","SpecimenCode") 
VALUES(32,10,TRUE,88,57,'02/06/2017 17:23:42.456320',E'YWKVDKVPNKNSSMQJFIN',E'NONTTG',NULL,'02/22/2017 07:37:41.859664',E'OHLTQUGI',E'LQVIZC');
INSERT INTO "public"."Specimen"("ID","AccessionID","Active","BatchID","CaseID","CreatedDate","CreatedUUID","ExternalSpecimenID","JsonExtendedData","ModifiedDate","ModifiedUUID","SpecimenCode") 
VALUES(33,32,TRUE,98,62,'02/04/2017 12:03:45.162741',E'UJXFQQUTLQSMZFEO',E'UBGFRRLSLSWQFJUACPWLQQ',NULL,'02/12/2017 12:03:12.031080',E'MOGEMPV',E'SCWEKOU');
INSERT INTO "public"."Specimen"("ID","AccessionID","Active","BatchID","CaseID","CreatedDate","CreatedUUID","ExternalSpecimenID","JsonExtendedData","ModifiedDate","ModifiedUUID","SpecimenCode") 
VALUES(34,3,TRUE,64,64,'02/23/2017 15:20:18.620380',E'CTMRUJ',E'DBTJZTZJAEB',NULL,'02/06/2017 02:13:16.884135',E'DWZUDRMNZOFFS',E'QEYLUWO');
INSERT INTO "public"."Specimen"("ID","AccessionID","Active","BatchID","CaseID","CreatedDate","CreatedUUID","ExternalSpecimenID","JsonExtendedData","ModifiedDate","ModifiedUUID","SpecimenCode") 
VALUES(35,24,FALSE,14,37,'02/26/2017 18:11:19.572444',E'TVVCCX',E'UKKAYWMUWFBV',NULL,'03/18/2017 04:22:01.216934',E'XFSKACHJLXGJ',E'GOXBXP');
INSERT INTO "public"."Specimen"("ID","AccessionID","Active","BatchID","CaseID","CreatedDate","CreatedUUID","ExternalSpecimenID","JsonExtendedData","ModifiedDate","ModifiedUUID","SpecimenCode") 
VALUES(36,72,TRUE,95,44,'02/19/2017 00:15:08.247783',E'QWRTHPGEZJETKEUW',E'WEEWGTZBSMIXYQYGIXHBERM',NULL,'01/29/2017 05:20:00.482971',E'UKHRVIASEXDHKEISDKJVTI',E'FARLD');
INSERT INTO "public"."Specimen"("ID","AccessionID","Active","BatchID","CaseID","CreatedDate","CreatedUUID","ExternalSpecimenID","JsonExtendedData","ModifiedDate","ModifiedUUID","SpecimenCode") 
VALUES(37,29,TRUE,85,18,'02/05/2017 20:44:20.838625',E'GPLLMTLE',E'TFWNMOHXI',NULL,'01/26/2017 21:15:17.217352',E'CBXWPOGHEMVLZQCAQGM',E'TLBJILU');
INSERT INTO "public"."Specimen"("ID","AccessionID","Active","BatchID","CaseID","CreatedDate","CreatedUUID","ExternalSpecimenID","JsonExtendedData","ModifiedDate","ModifiedUUID","SpecimenCode") 
VALUES(38,61,FALSE,34,76,'02/14/2017 04:19:22.189545',E'LOCSXPORWRBIGZMYMGFDOGDM',E'UCCAUODPHQCVZVIDPROHTIG',NULL,'02/04/2017 10:32:08.081465',E'ZUDKLKQBCPGCXNHKUL',E'OEBBJ');
INSERT INTO "public"."Specimen"("ID","AccessionID","Active","BatchID","CaseID","CreatedDate","CreatedUUID","ExternalSpecimenID","JsonExtendedData","ModifiedDate","ModifiedUUID","SpecimenCode") 
VALUES(39,4,TRUE,69,83,'02/06/2017 22:41:12.914742',E'PUPYPITQHAPZF',E'DNAZISXPWPVNSTEEAIWBRB',NULL,'02/05/2017 03:10:37.446600',E'NPJJWBGMXZZHPJTI',E'ALBXHV');
INSERT INTO "public"."Specimen"("ID","AccessionID","Active","BatchID","CaseID","CreatedDate","CreatedUUID","ExternalSpecimenID","JsonExtendedData","ModifiedDate","ModifiedUUID","SpecimenCode") 
VALUES(40,16,FALSE,60,74,'03/09/2017 16:23:25.926606',E'KYVNAMWAPIXSVUR',E'TPUUEHFWFETVXPLDQDFKRO',NULL,'01/23/2017 22:59:56.394350',E'FCWDFHBKRRBXL',E'XDNPHXA');
INSERT INTO "public"."Specimen"("ID","AccessionID","Active","BatchID","CaseID","CreatedDate","CreatedUUID","ExternalSpecimenID","JsonExtendedData","ModifiedDate","ModifiedUUID","SpecimenCode") 
VALUES(41,81,FALSE,47,54,'02/13/2017 03:01:32.536120',E'INCGTTWJOBNE',E'ZEDWCNIL',NULL,'02/04/2017 06:19:12.065155',E'CPUTJOAV',E'ZFQECDW');
INSERT INTO "public"."Specimen"("ID","AccessionID","Active","BatchID","CaseID","CreatedDate","CreatedUUID","ExternalSpecimenID","JsonExtendedData","ModifiedDate","ModifiedUUID","SpecimenCode") 
VALUES(42,46,FALSE,32,97,'01/23/2017 18:18:42.077583',E'CTDXOYAIUGYULSCI',E'IWKUDOBSXGFNXAGIJJ',NULL,'01/23/2017 11:47:19.228826',E'WMSOXDSOKZQGNFPCI',E'CPUWB');
INSERT INTO "public"."Specimen"("ID","AccessionID","Active","BatchID","CaseID","CreatedDate","CreatedUUID","ExternalSpecimenID","JsonExtendedData","ModifiedDate","ModifiedUUID","SpecimenCode") 
VALUES(43,6,TRUE,81,27,'02/09/2017 21:57:24.373010',E'PDCTAHTJTRWKDTTPTRGJLIZGT',E'KKDXKJJDKUUSIES',NULL,'01/18/2017 21:26:41.250314',E'JUOPM',E'IGWUZLC');
INSERT INTO "public"."Specimen"("ID","AccessionID","Active","BatchID","CaseID","CreatedDate","CreatedUUID","ExternalSpecimenID","JsonExtendedData","ModifiedDate","ModifiedUUID","SpecimenCode") 
VALUES(44,42,FALSE,15,25,'02/10/2017 18:35:34.285171',E'WQYRTPWJIPNDANFIQI',E'NPHYNBORLVPRMWHURIKK',NULL,'02/10/2017 10:56:48.591012',E'PHFWGLXJEMMF',E'FXOPF');
INSERT INTO "public"."Specimen"("ID","AccessionID","Active","BatchID","CaseID","CreatedDate","CreatedUUID","ExternalSpecimenID","JsonExtendedData","ModifiedDate","ModifiedUUID","SpecimenCode") 
VALUES(45,100,FALSE,16,55,'02/17/2017 19:43:56.987278',E'VIYQP',E'UJBWVQWWKDECAIZROQJ',NULL,'03/07/2017 20:14:40.871623',E'YBFYQSJIGZBEHWIXYAOT',E'XVDRTG');
INSERT INTO "public"."Specimen"("ID","AccessionID","Active","BatchID","CaseID","CreatedDate","CreatedUUID","ExternalSpecimenID","JsonExtendedData","ModifiedDate","ModifiedUUID","SpecimenCode") 
VALUES(46,53,TRUE,18,69,'03/10/2017 07:15:46.650516',E'NRAYWMBYQBHQS',E'VSOPNMJPNCVUKGXJHMPMKK',NULL,'03/03/2017 18:22:42.263385',E'GQDRSKVDFNBRXE',E'YSGBGG');
INSERT INTO "public"."Specimen"("ID","AccessionID","Active","BatchID","CaseID","CreatedDate","CreatedUUID","ExternalSpecimenID","JsonExtendedData","ModifiedDate","ModifiedUUID","SpecimenCode") 
VALUES(47,41,TRUE,27,6,'02/21/2017 14:32:08.478366',E'BTJVYLGQXVNKVBU',E'AKZOZ',NULL,'01/22/2017 16:20:17.269350',E'FYPTLIUMGTOTB',E'NFAXYNL');
INSERT INTO "public"."Specimen"("ID","AccessionID","Active","BatchID","CaseID","CreatedDate","CreatedUUID","ExternalSpecimenID","JsonExtendedData","ModifiedDate","ModifiedUUID","SpecimenCode") 
VALUES(48,89,FALSE,21,38,'02/20/2017 00:09:50.468031',E'FKGCRYIYHNVAHYYEPS',E'XFYLJEMJDZKXWKERDZLISVENI',NULL,'03/02/2017 08:39:09.964567',E'IXPLBGQBPKZQRJZX',E'MVXGX');
INSERT INTO "public"."Specimen"("ID","AccessionID","Active","BatchID","CaseID","CreatedDate","CreatedUUID","ExternalSpecimenID","JsonExtendedData","ModifiedDate","ModifiedUUID","SpecimenCode") 
VALUES(49,55,TRUE,43,94,'01/22/2017 23:37:13.497364',E'FROJXUYSFWMNRXZ',E'NTTFDXVRJHPBCU',NULL,'01/21/2017 17:27:37.716516',E'CKKRYWXWIH',E'XVDPFG');
INSERT INTO "public"."Specimen"("ID","AccessionID","Active","BatchID","CaseID","CreatedDate","CreatedUUID","ExternalSpecimenID","JsonExtendedData","ModifiedDate","ModifiedUUID","SpecimenCode") 
VALUES(50,18,FALSE,67,19,'02/11/2017 04:36:20.008637',E'KICSAKNIRMGFINOZAVSL',E'RRJBB',NULL,'01/29/2017 19:46:00.340927',E'VBUCF',E'HIXLF');
INSERT INTO "public"."Specimen"("ID","AccessionID","Active","BatchID","CaseID","CreatedDate","CreatedUUID","ExternalSpecimenID","JsonExtendedData","ModifiedDate","ModifiedUUID","SpecimenCode") 
VALUES(51,58,TRUE,2,80,'01/30/2017 00:59:25.079097',E'WUBVWWMMGPPHE',E'LCHHDRA',NULL,'01/23/2017 18:10:43.257324',E'IGVLXPGQLKOF',E'IVHJEVS');
INSERT INTO "public"."Specimen"("ID","AccessionID","Active","BatchID","CaseID","CreatedDate","CreatedUUID","ExternalSpecimenID","JsonExtendedData","ModifiedDate","ModifiedUUID","SpecimenCode") 
VALUES(52,19,TRUE,5,26,'02/11/2017 23:01:04.677350',E'ASWBTPLGSHXSGOYSGBM',E'MJNGEMSIZSKBWFJIH',NULL,'02/27/2017 13:06:19.797571',E'BWDAQ',E'XSWRHQ');
INSERT INTO "public"."Specimen"("ID","AccessionID","Active","BatchID","CaseID","CreatedDate","CreatedUUID","ExternalSpecimenID","JsonExtendedData","ModifiedDate","ModifiedUUID","SpecimenCode") 
VALUES(53,87,FALSE,36,45,'02/12/2017 22:31:32.694650',E'RBNGYTAS',E'JCZGAUSKSYLR',NULL,'03/14/2017 20:46:54.028044',E'YYTPFC',E'WYQDHU');
INSERT INTO "public"."Specimen"("ID","AccessionID","Active","BatchID","CaseID","CreatedDate","CreatedUUID","ExternalSpecimenID","JsonExtendedData","ModifiedDate","ModifiedUUID","SpecimenCode") 
VALUES(54,95,FALSE,99,32,'02/28/2017 01:35:23.135084',E'OCVGTMUEPZOPSE',E'JYBXTNH',NULL,'02/23/2017 19:35:15.932589',E'SYXVHIDQ',E'WQTOZOT');
INSERT INTO "public"."Specimen"("ID","AccessionID","Active","BatchID","CaseID","CreatedDate","CreatedUUID","ExternalSpecimenID","JsonExtendedData","ModifiedDate","ModifiedUUID","SpecimenCode") 
VALUES(55,70,FALSE,61,48,'03/07/2017 01:44:06.680069',E'JBVYIPTXRRVQVWIIG',E'KOPTPAWITSVJZNCUT',NULL,'02/17/2017 05:58:21.288745',E'MAAAGEIOMOZZXRNGBKTGGR',E'BLKASB');
INSERT INTO "public"."Specimen"("ID","AccessionID","Active","BatchID","CaseID","CreatedDate","CreatedUUID","ExternalSpecimenID","JsonExtendedData","ModifiedDate","ModifiedUUID","SpecimenCode") 
VALUES(56,51,TRUE,29,66,'02/02/2017 19:22:56.833784',E'AAVVCQNAMATUEQHGGZZ',E'IODSWMJICVNSTQGLJ',NULL,'01/31/2017 19:08:34.100403',E'BABBMGIBIJAYLTDOZ',E'EVSKJA');
INSERT INTO "public"."Specimen"("ID","AccessionID","Active","BatchID","CaseID","CreatedDate","CreatedUUID","ExternalSpecimenID","JsonExtendedData","ModifiedDate","ModifiedUUID","SpecimenCode") 
VALUES(57,86,TRUE,38,2,'03/05/2017 12:52:50.957219',E'UIZURZJIFPACHEJSUJ',E'DQPKCYWHNYPMIKBLVWI',NULL,'02/11/2017 09:35:12.287906',E'UPKGFWZTYT',E'ZIJXT');
INSERT INTO "public"."Specimen"("ID","AccessionID","Active","BatchID","CaseID","CreatedDate","CreatedUUID","ExternalSpecimenID","JsonExtendedData","ModifiedDate","ModifiedUUID","SpecimenCode") 
VALUES(58,50,FALSE,93,28,'03/15/2017 19:44:50.938471',E'JWXCVU',E'YSTOPRTFMLMJE',NULL,'03/17/2017 21:25:53.831444',E'RAPIITVPHSYDMQWJBCXMSCB',E'LTUOGZR');
INSERT INTO "public"."Specimen"("ID","AccessionID","Active","BatchID","CaseID","CreatedDate","CreatedUUID","ExternalSpecimenID","JsonExtendedData","ModifiedDate","ModifiedUUID","SpecimenCode") 
VALUES(59,66,TRUE,50,41,'01/26/2017 15:53:53.958735',E'AMIMYUWBMTSRZBXDP',E'OXAPIKAEODWFHWZJNSI',NULL,'02/20/2017 01:22:57.310218',E'PJVUDFYSLLLQCYE',E'EMHXT');
INSERT INTO "public"."Specimen"("ID","AccessionID","Active","BatchID","CaseID","CreatedDate","CreatedUUID","ExternalSpecimenID","JsonExtendedData","ModifiedDate","ModifiedUUID","SpecimenCode") 
VALUES(60,75,TRUE,63,60,'02/01/2017 12:48:37.147627',E'QVUNMHPRTP',E'TAAUHEZREQITSCGG',NULL,'02/26/2017 03:44:59.581062',E'JEACWWPJUIGMLFWSPLA',E'GRWTY');
INSERT INTO "public"."Specimen"("ID","AccessionID","Active","BatchID","CaseID","CreatedDate","CreatedUUID","ExternalSpecimenID","JsonExtendedData","ModifiedDate","ModifiedUUID","SpecimenCode") 
VALUES(61,63,FALSE,83,77,'01/31/2017 12:30:58.877725',E'URNNUKJAENJ',E'IXKAGWTZAPZMSD',NULL,'02/20/2017 22:02:14.126162',E'KRVXHNFF',E'LUTJWGN');
INSERT INTO "public"."Specimen"("ID","AccessionID","Active","BatchID","CaseID","CreatedDate","CreatedUUID","ExternalSpecimenID","JsonExtendedData","ModifiedDate","ModifiedUUID","SpecimenCode") 
VALUES(62,27,FALSE,66,20,'02/09/2017 15:08:58.612012',E'CMKXI',E'WTBUPSDHODHSJGUEYDKEZ',NULL,'03/17/2017 23:00:45.499570',E'PKFJD',E'GCQAWCW');
INSERT INTO "public"."Specimen"("ID","AccessionID","Active","BatchID","CaseID","CreatedDate","CreatedUUID","ExternalSpecimenID","JsonExtendedData","ModifiedDate","ModifiedUUID","SpecimenCode") 
VALUES(63,60,TRUE,51,95,'02/13/2017 11:13:48.173905',E'YBKYFXLRYTORUELB',E'NKPCZZTVV',NULL,'03/15/2017 01:21:24.785797',E'KKVTGARQMLIAVBBSPQVIFQKSK',E'MQLRQ');
INSERT INTO "public"."Specimen"("ID","AccessionID","Active","BatchID","CaseID","CreatedDate","CreatedUUID","ExternalSpecimenID","JsonExtendedData","ModifiedDate","ModifiedUUID","SpecimenCode") 
VALUES(64,45,TRUE,82,92,'02/19/2017 09:37:07.210401',E'HGJDUFRYEF',E'DVFOMODGQWX',NULL,'03/16/2017 06:50:06.401535',E'TGWOOSQFFNIRGKNTPN',E'FIBCJUF');
INSERT INTO "public"."Specimen"("ID","AccessionID","Active","BatchID","CaseID","CreatedDate","CreatedUUID","ExternalSpecimenID","JsonExtendedData","ModifiedDate","ModifiedUUID","SpecimenCode") 
VALUES(65,83,FALSE,53,47,'02/10/2017 22:23:02.964189',E'IJPHIPRANAAJFBEZFLM',E'QELGXDVXBEJAT',NULL,'02/04/2017 21:03:02.021915',E'RWYDRVQKTVWSZGWWNK',E'NJCKWAL');
INSERT INTO "public"."Specimen"("ID","AccessionID","Active","BatchID","CaseID","CreatedDate","CreatedUUID","ExternalSpecimenID","JsonExtendedData","ModifiedDate","ModifiedUUID","SpecimenCode") 
VALUES(66,23,FALSE,23,91,'02/04/2017 19:39:09.674932',E'YYLJDBJHRXTMCSRRU',E'XUDRRWACRYNISSYBXZVCBUIU',NULL,'03/10/2017 10:39:27.164589',E'CCQKKCYGFFEUYDLSOGZRZE',E'TIBTKEK');
INSERT INTO "public"."Specimen"("ID","AccessionID","Active","BatchID","CaseID","CreatedDate","CreatedUUID","ExternalSpecimenID","JsonExtendedData","ModifiedDate","ModifiedUUID","SpecimenCode") 
VALUES(67,22,TRUE,8,65,'02/05/2017 12:15:01.868552',E'AORHFOTVH',E'CHNVM',NULL,'03/10/2017 22:01:56.813622',E'PXWJFOPDJALKTGKDTVOGOO',E'XQXBRP');
INSERT INTO "public"."Specimen"("ID","AccessionID","Active","BatchID","CaseID","CreatedDate","CreatedUUID","ExternalSpecimenID","JsonExtendedData","ModifiedDate","ModifiedUUID","SpecimenCode") 
VALUES(68,12,TRUE,4,17,'02/02/2017 15:31:23.933258',E'GJYWFQRXZIWTHQBH',E'VUGOXSPM',NULL,'03/03/2017 23:32:06.043854',E'VWQFDDPOZQRVXROYYGUKYXVPL',E'RUPBTD');
INSERT INTO "public"."Specimen"("ID","AccessionID","Active","BatchID","CaseID","CreatedDate","CreatedUUID","ExternalSpecimenID","JsonExtendedData","ModifiedDate","ModifiedUUID","SpecimenCode") 
VALUES(69,44,TRUE,97,34,'02/25/2017 04:28:47.779236',E'ZWZLHAHX',E'VJQKQKOJOQEPXGGJFVLME',NULL,'02/18/2017 05:22:40.375820',E'SJJEEZFDXRZBHYLLL',E'KKVWYNU');
INSERT INTO "public"."Specimen"("ID","AccessionID","Active","BatchID","CaseID","CreatedDate","CreatedUUID","ExternalSpecimenID","JsonExtendedData","ModifiedDate","ModifiedUUID","SpecimenCode") 
VALUES(70,17,FALSE,52,100,'02/11/2017 14:42:31.731119',E'VITGKUZPLDFXOIJTK',E'VYBZZDFHC',NULL,'02/20/2017 10:33:50.508248',E'XXNYVMDQEJYHRWSYCMKFU',E'VSQBM');
INSERT INTO "public"."Specimen"("ID","AccessionID","Active","BatchID","CaseID","CreatedDate","CreatedUUID","ExternalSpecimenID","JsonExtendedData","ModifiedDate","ModifiedUUID","SpecimenCode") 
VALUES(71,56,TRUE,7,71,'01/21/2017 18:00:36.649757',E'ESIAVOYTBKUNAXPMK',E'IZLMRRYXEWCAEDTERMFELNK',NULL,'02/16/2017 06:16:45.388360',E'XGLNTAIDYVBKMXCP',E'ZPNDFQB');
INSERT INTO "public"."Specimen"("ID","AccessionID","Active","BatchID","CaseID","CreatedDate","CreatedUUID","ExternalSpecimenID","JsonExtendedData","ModifiedDate","ModifiedUUID","SpecimenCode") 
VALUES(72,40,FALSE,26,1,'02/04/2017 15:11:39.435191',E'EGQFALTEIGGNARGDI',E'NROKQKMRQVF',NULL,'03/04/2017 16:57:30.453349',E'BELGBQDWPJTPVSNKHW',E'CYQTQPF');
INSERT INTO "public"."Specimen"("ID","AccessionID","Active","BatchID","CaseID","CreatedDate","CreatedUUID","ExternalSpecimenID","JsonExtendedData","ModifiedDate","ModifiedUUID","SpecimenCode") 
VALUES(73,80,FALSE,58,35,'02/18/2017 20:43:02.557294',E'YOTKJC',E'SYZCYINWWKA',NULL,'02/25/2017 06:26:15.299237',E'OXSGJDVIMGUUQCRICUSXJ',E'OFPTV');
INSERT INTO "public"."Specimen"("ID","AccessionID","Active","BatchID","CaseID","CreatedDate","CreatedUUID","ExternalSpecimenID","JsonExtendedData","ModifiedDate","ModifiedUUID","SpecimenCode") 
VALUES(74,57,FALSE,90,61,'02/09/2017 09:33:51.119204',E'SOKFTSUYFHAZRSQQ',E'IATBYEATHLSGTLUWJIBBBW',NULL,'03/08/2017 07:09:07.280839',E'TJRRZSEPOHVMPDZFKHDBK',E'VRBIQ');
INSERT INTO "public"."Specimen"("ID","AccessionID","Active","BatchID","CaseID","CreatedDate","CreatedUUID","ExternalSpecimenID","JsonExtendedData","ModifiedDate","ModifiedUUID","SpecimenCode") 
VALUES(75,94,FALSE,75,53,'03/09/2017 03:01:20.590033',E'DVPEKICUKIVJGH',E'OKLLIDDNOINSHQAUVIXGPB',NULL,'03/08/2017 20:37:26.672872',E'OVFST',E'YJOWO');
INSERT INTO "public"."Specimen"("ID","AccessionID","Active","BatchID","CaseID","CreatedDate","CreatedUUID","ExternalSpecimenID","JsonExtendedData","ModifiedDate","ModifiedUUID","SpecimenCode") 
VALUES(76,82,FALSE,57,22,'03/04/2017 23:15:45.705645',E'YDWVFPTZZSLDCFQBMGYMYEF',E'EVXSEOXLWODB',NULL,'02/14/2017 14:47:32.755512',E'EEEWI',E'ZAUJZMD');
INSERT INTO "public"."Specimen"("ID","AccessionID","Active","BatchID","CaseID","CreatedDate","CreatedUUID","ExternalSpecimenID","JsonExtendedData","ModifiedDate","ModifiedUUID","SpecimenCode") 
VALUES(77,47,FALSE,31,21,'02/09/2017 16:56:15.525250',E'RQHSHSUGYXRRLTDBGQOHGC',E'BGINHECZRAU',NULL,'01/22/2017 19:12:04.071818',E'JGVKVB',E'TGAFXI');
INSERT INTO "public"."Specimen"("ID","AccessionID","Active","BatchID","CaseID","CreatedDate","CreatedUUID","ExternalSpecimenID","JsonExtendedData","ModifiedDate","ModifiedUUID","SpecimenCode") 
VALUES(78,97,TRUE,33,73,'03/14/2017 11:57:50.785259',E'FCENVNKIHLBCDWIGRHANMXNW',E'DOBOCTJVNCJJJRASVD',NULL,'01/28/2017 02:11:59.822741',E'SZUWDVMNPZZOJISBHP',E'CXXGOBR');
INSERT INTO "public"."Specimen"("ID","AccessionID","Active","BatchID","CaseID","CreatedDate","CreatedUUID","ExternalSpecimenID","JsonExtendedData","ModifiedDate","ModifiedUUID","SpecimenCode") 
VALUES(79,21,TRUE,59,63,'02/09/2017 05:42:04.521638',E'HTSSZRABPNWABPSYENNFXUYE',E'CKOXMEWNDLO',NULL,'03/09/2017 02:43:23.732214',E'QAVBDBYEQKCTFCDMA',E'HVIRKPQ');
INSERT INTO "public"."Specimen"("ID","AccessionID","Active","BatchID","CaseID","CreatedDate","CreatedUUID","ExternalSpecimenID","JsonExtendedData","ModifiedDate","ModifiedUUID","SpecimenCode") 
VALUES(80,54,TRUE,12,5,'02/16/2017 05:36:54.142108',E'KGDUMX',E'DCRBDIQNIKV',NULL,'02/24/2017 11:02:04.217327',E'GWTOCYJJMLAQJPKMLDCOGNV',E'GLADFZ');
INSERT INTO "public"."Specimen"("ID","AccessionID","Active","BatchID","CaseID","CreatedDate","CreatedUUID","ExternalSpecimenID","JsonExtendedData","ModifiedDate","ModifiedUUID","SpecimenCode") 
VALUES(81,7,FALSE,55,12,'01/25/2017 11:12:06.362907',E'ZONEBVUHQDPFTVGMSDCQJ',E'WLTXWGBFJQYSVDBNYBLY',NULL,'03/03/2017 14:39:11.941206',E'TQXVCHE',E'MLIWS');
INSERT INTO "public"."Specimen"("ID","AccessionID","Active","BatchID","CaseID","CreatedDate","CreatedUUID","ExternalSpecimenID","JsonExtendedData","ModifiedDate","ModifiedUUID","SpecimenCode") 
VALUES(82,76,TRUE,20,98,'02/19/2017 02:13:24.813491',E'JMFIRKGOQWDEQ',E'TRQNMYFOPAUF',NULL,'02/20/2017 08:00:46.342027',E'NUYYRIU',E'OCCQVQ');
INSERT INTO "public"."Specimen"("ID","AccessionID","Active","BatchID","CaseID","CreatedDate","CreatedUUID","ExternalSpecimenID","JsonExtendedData","ModifiedDate","ModifiedUUID","SpecimenCode") 
VALUES(83,62,FALSE,89,9,'02/21/2017 08:02:58.024282',E'NXDKZALLVTWH',E'DJHFAIVACJATXPAYPY',NULL,'02/28/2017 09:42:33.290425',E'GHAIXE',E'GBNFL');
INSERT INTO "public"."Specimen"("ID","AccessionID","Active","BatchID","CaseID","CreatedDate","CreatedUUID","ExternalSpecimenID","JsonExtendedData","ModifiedDate","ModifiedUUID","SpecimenCode") 
VALUES(84,30,FALSE,86,3,'03/11/2017 16:15:36.612625',E'YOHXDKVDIOGMTXJVFEKDIYA',E'WLANQU',NULL,'02/23/2017 13:00:02.178275',E'BROPANUD',E'UJIDTL');
INSERT INTO "public"."Specimen"("ID","AccessionID","Active","BatchID","CaseID","CreatedDate","CreatedUUID","ExternalSpecimenID","JsonExtendedData","ModifiedDate","ModifiedUUID","SpecimenCode") 
VALUES(85,13,FALSE,42,13,'01/23/2017 09:10:14.797731',E'POGNASVGWAIMEMHYXPJHE',E'DJBINGWGVMNVRCADYPDAKOJV',NULL,'02/01/2017 03:27:25.274379',E'MWMMD',E'JIWTE');
INSERT INTO "public"."Specimen"("ID","AccessionID","Active","BatchID","CaseID","CreatedDate","CreatedUUID","ExternalSpecimenID","JsonExtendedData","ModifiedDate","ModifiedUUID","SpecimenCode") 
VALUES(86,78,FALSE,17,33,'01/31/2017 01:35:37.527560',E'KUJNXCRZXA',E'PEBTNVSDUOTTDVTQ',NULL,'03/03/2017 21:58:48.984704',E'JGDEKRSSVW',E'CYEUGTR');
INSERT INTO "public"."Specimen"("ID","AccessionID","Active","BatchID","CaseID","CreatedDate","CreatedUUID","ExternalSpecimenID","JsonExtendedData","ModifiedDate","ModifiedUUID","SpecimenCode") 
VALUES(87,99,FALSE,48,90,'03/02/2017 23:42:38.378267',E'JTOGJRHZFQHQJDLD',E'ZFFLIEONQOFFEEVBRFOURPJO',NULL,'03/03/2017 00:41:42.744192',E'WMRQPSHKRSYJBLHMD',E'PZBVQP');
INSERT INTO "public"."Specimen"("ID","AccessionID","Active","BatchID","CaseID","CreatedDate","CreatedUUID","ExternalSpecimenID","JsonExtendedData","ModifiedDate","ModifiedUUID","SpecimenCode") 
VALUES(88,43,TRUE,45,82,'03/11/2017 18:47:42.417250',E'KWHRGMOJDIBBX',E'PASMSPKNYPFSSZAG',NULL,'03/03/2017 08:06:39.770357',E'QIIIXLZCSZQIC',E'BJFBVA');
INSERT INTO "public"."Specimen"("ID","AccessionID","Active","BatchID","CaseID","CreatedDate","CreatedUUID","ExternalSpecimenID","JsonExtendedData","ModifiedDate","ModifiedUUID","SpecimenCode") 
VALUES(89,92,TRUE,1,81,'02/24/2017 03:57:26.597685',E'TFAVMRQQOLQ',E'STVYHGJRXQLDVWDPX',NULL,'03/14/2017 13:02:52.381215',E'PNRSHWYVLRUNVGQCYYFGZ',E'HCQRK');
INSERT INTO "public"."Specimen"("ID","AccessionID","Active","BatchID","CaseID","CreatedDate","CreatedUUID","ExternalSpecimenID","JsonExtendedData","ModifiedDate","ModifiedUUID","SpecimenCode") 
VALUES(90,88,FALSE,54,52,'02/02/2017 03:48:06.406498',E'GLYDCGCMIGLXLMWWIO',E'WZFHVMDMRRPHEAPGTY',NULL,'02/26/2017 08:41:43.042684',E'AUJTEBLWYU',E'YTOWW');
INSERT INTO "public"."Specimen"("ID","AccessionID","Active","BatchID","CaseID","CreatedDate","CreatedUUID","ExternalSpecimenID","JsonExtendedData","ModifiedDate","ModifiedUUID","SpecimenCode") 
VALUES(91,11,FALSE,100,14,'02/21/2017 19:16:47.125300',E'IRICGUAISJOFS',E'UIVXNZ',NULL,'02/24/2017 16:18:41.620125',E'GVJFFLHRW',E'GDRMBF');
INSERT INTO "public"."Specimen"("ID","AccessionID","Active","BatchID","CaseID","CreatedDate","CreatedUUID","ExternalSpecimenID","JsonExtendedData","ModifiedDate","ModifiedUUID","SpecimenCode") 
VALUES(92,84,FALSE,44,42,'03/14/2017 13:07:22.361851',E'TNMDSXUBWBXGEUJEIY',E'TXNFEEASRIWTIQRODQJSBIS',NULL,'02/03/2017 06:22:36.092854',E'LVVPXZSLZLHJUESFEHPAAGWUF',E'VMATFY');
INSERT INTO "public"."Specimen"("ID","AccessionID","Active","BatchID","CaseID","CreatedDate","CreatedUUID","ExternalSpecimenID","JsonExtendedData","ModifiedDate","ModifiedUUID","SpecimenCode") 
VALUES(93,77,TRUE,71,4,'01/23/2017 19:33:54.588034',E'YOBIFHXM',E'VKHKDESFTUBPDPU',NULL,'03/13/2017 22:25:24.920757',E'KUGNFIAHGTVONULWCFOZACODC',E'TPTGD');
INSERT INTO "public"."Specimen"("ID","AccessionID","Active","BatchID","CaseID","CreatedDate","CreatedUUID","ExternalSpecimenID","JsonExtendedData","ModifiedDate","ModifiedUUID","SpecimenCode") 
VALUES(94,37,FALSE,9,23,'03/05/2017 19:10:14.713755',E'REOEHHTZWN',E'LHMPOXZXQDOYLZU',NULL,'02/14/2017 08:58:28.070626',E'FDKQQMCRQMYVUGM',E'ORKVK');
INSERT INTO "public"."Specimen"("ID","AccessionID","Active","BatchID","CaseID","CreatedDate","CreatedUUID","ExternalSpecimenID","JsonExtendedData","ModifiedDate","ModifiedUUID","SpecimenCode") 
VALUES(95,34,FALSE,46,93,'02/24/2017 16:08:56.704915',E'EYICCCAJVNVWM',E'VVVISFPUQBFKCGWLQMO',NULL,'02/06/2017 14:48:49.019591',E'KPOPZHEEEESMLWXFXU',E'LVURQCD');
INSERT INTO "public"."Specimen"("ID","AccessionID","Active","BatchID","CaseID","CreatedDate","CreatedUUID","ExternalSpecimenID","JsonExtendedData","ModifiedDate","ModifiedUUID","SpecimenCode") 
VALUES(96,98,FALSE,87,58,'03/08/2017 02:48:15.170625',E'OTDXQOWOCD',E'WOKXSGKBMKKYZDUTOWEYV',NULL,'03/09/2017 03:39:49.891126',E'EACHZPFVNJRQGTFEQZOKKYM',E'EXDRE');
INSERT INTO "public"."Specimen"("ID","AccessionID","Active","BatchID","CaseID","CreatedDate","CreatedUUID","ExternalSpecimenID","JsonExtendedData","ModifiedDate","ModifiedUUID","SpecimenCode") 
VALUES(97,71,TRUE,68,56,'02/22/2017 13:06:46.679059',E'BWSRKEOEDJIZZJYN',E'FQXTOMXSDKS',NULL,'02/25/2017 08:49:35.597429',E'NYEORLRRLLYUAYNMPZ',E'DGCWQBF');
INSERT INTO "public"."Specimen"("ID","AccessionID","Active","BatchID","CaseID","CreatedDate","CreatedUUID","ExternalSpecimenID","JsonExtendedData","ModifiedDate","ModifiedUUID","SpecimenCode") 
VALUES(98,35,TRUE,94,51,'02/02/2017 09:37:19.678331',E'BWMGMTCPIUX',E'KVKROILGG',NULL,'01/30/2017 15:22:27.186663',E'USPGUPWZEO',E'VTPUPPR');
INSERT INTO "public"."Specimen"("ID","AccessionID","Active","BatchID","CaseID","CreatedDate","CreatedUUID","ExternalSpecimenID","JsonExtendedData","ModifiedDate","ModifiedUUID","SpecimenCode") 
VALUES(99,1,TRUE,13,85,'02/17/2017 17:39:52.575003',E'VEPYV',E'VDXOAGH',NULL,'03/08/2017 05:40:59.354210',E'EMTZDHPTJFNTCQNQKODQZG',E'LIHFF');
INSERT INTO "public"."Specimen"("ID","AccessionID","Active","BatchID","CaseID","CreatedDate","CreatedUUID","ExternalSpecimenID","JsonExtendedData","ModifiedDate","ModifiedUUID","SpecimenCode") 
VALUES(100,26,TRUE,78,15,'02/12/2017 22:49:05.423056',E'TANWMA',E'VVHVBMIRVSALDMFPZKCAV',NULL,'03/10/2017 07:06:21.904565',E'COZDNVPUMEJRHVABQTCHAKYTW',E'HJWEP');
COMMIT;

/* Generating data for table public.PanelResult... */
INSERT INTO "public"."PanelResult"("ID","Active","CaseID","CreatedDate","CreatedUUID","JsonExtendedData","ModifiedDate","ModifiedUUID") 
VALUES(1,TRUE,18,'02/09/2017 00:45:22.197724',E'FWPDY',NULL,'01/18/2017 00:09:04.849783',E'XRWERYCAGW');
INSERT INTO "public"."PanelResult"("ID","Active","CaseID","CreatedDate","CreatedUUID","JsonExtendedData","ModifiedDate","ModifiedUUID") 
VALUES(2,FALSE,77,'02/27/2017 22:12:04.609813',E'KKORVYCS',NULL,'02/11/2017 11:05:48.458769',E'DLMBONCZGGJUDALIXZHZMLQ');
INSERT INTO "public"."PanelResult"("ID","Active","CaseID","CreatedDate","CreatedUUID","JsonExtendedData","ModifiedDate","ModifiedUUID") 
VALUES(3,FALSE,73,'01/30/2017 16:56:54.195835',E'DLYFRUUXHWPRKVRDACFMSN',NULL,'03/13/2017 22:41:24.084145',E'DSRRALEDQOVGJTZTULCPOFY');
INSERT INTO "public"."PanelResult"("ID","Active","CaseID","CreatedDate","CreatedUUID","JsonExtendedData","ModifiedDate","ModifiedUUID") 
VALUES(4,FALSE,51,'03/13/2017 12:44:14.336886',E'PZHBFADJEFVWYU',NULL,'02/05/2017 21:04:53.719191',E'ULWQBZDTNJDHJMEEWRQSW');
INSERT INTO "public"."PanelResult"("ID","Active","CaseID","CreatedDate","CreatedUUID","JsonExtendedData","ModifiedDate","ModifiedUUID") 
VALUES(5,FALSE,92,'02/12/2017 09:53:31.686726',E'MDKMRLPQQOPRUEMUZYYCYSRC',NULL,'02/19/2017 17:26:06.729683',E'WAPSXGZQHGYSKKKR');
INSERT INTO "public"."PanelResult"("ID","Active","CaseID","CreatedDate","CreatedUUID","JsonExtendedData","ModifiedDate","ModifiedUUID") 
VALUES(6,TRUE,68,'03/09/2017 18:14:14.430904',E'BKLYZJCJYLL',NULL,'01/27/2017 15:16:55.313739',E'XDJSUXFMEFREQFNRQ');
INSERT INTO "public"."PanelResult"("ID","Active","CaseID","CreatedDate","CreatedUUID","JsonExtendedData","ModifiedDate","ModifiedUUID") 
VALUES(7,FALSE,72,'03/17/2017 13:46:23.413862',E'IYACDZBLCYIGPWR',NULL,'01/30/2017 07:19:22.225160',E'XASFVCLNZSFSX');
INSERT INTO "public"."PanelResult"("ID","Active","CaseID","CreatedDate","CreatedUUID","JsonExtendedData","ModifiedDate","ModifiedUUID") 
VALUES(8,FALSE,2,'03/10/2017 17:51:46.555774',E'ZIIPEBJNYHEZUEJOBUEAGS',NULL,'03/14/2017 20:53:56.913178',E'YDGETZRVVCSARZQTWO');
INSERT INTO "public"."PanelResult"("ID","Active","CaseID","CreatedDate","CreatedUUID","JsonExtendedData","ModifiedDate","ModifiedUUID") 
VALUES(9,FALSE,25,'03/03/2017 07:53:59.240735',E'JVDJXNNYA',NULL,'03/11/2017 07:03:38.597643',E'EQLMAFYHTVHANFLU');
INSERT INTO "public"."PanelResult"("ID","Active","CaseID","CreatedDate","CreatedUUID","JsonExtendedData","ModifiedDate","ModifiedUUID") 
VALUES(10,TRUE,6,'02/05/2017 12:03:38.624689',E'IXYJE',NULL,'03/12/2017 01:37:59.373025',E'VQNGYOTSKZQ');
INSERT INTO "public"."PanelResult"("ID","Active","CaseID","CreatedDate","CreatedUUID","JsonExtendedData","ModifiedDate","ModifiedUUID") 
VALUES(11,FALSE,50,'02/18/2017 22:55:25.184983',E'TQBQMIRVDTJIZRBCAUXT',NULL,'02/12/2017 16:02:29.136665',E'MHQRFDLPLGTQZKEYFH');
INSERT INTO "public"."PanelResult"("ID","Active","CaseID","CreatedDate","CreatedUUID","JsonExtendedData","ModifiedDate","ModifiedUUID") 
VALUES(12,FALSE,53,'03/01/2017 09:29:24.419158',E'GVZMMGTCGRNNA',NULL,'03/12/2017 00:54:08.112557',E'YOTZD');
INSERT INTO "public"."PanelResult"("ID","Active","CaseID","CreatedDate","CreatedUUID","JsonExtendedData","ModifiedDate","ModifiedUUID") 
VALUES(13,FALSE,90,'02/12/2017 06:31:51.749476',E'MVYSLCGSGHTCNYMZLN',NULL,'03/02/2017 22:40:13.357023',E'DDGMFRDPAZJYSFVQRCBLKHAHL');
INSERT INTO "public"."PanelResult"("ID","Active","CaseID","CreatedDate","CreatedUUID","JsonExtendedData","ModifiedDate","ModifiedUUID") 
VALUES(14,TRUE,30,'01/29/2017 17:04:26.947836',E'WZNDIJYMTXGMABQKHQBURREGO',NULL,'02/14/2017 00:46:54.220001',E'EQBKKCGYIDURIKLHJJMTKXBUD');
INSERT INTO "public"."PanelResult"("ID","Active","CaseID","CreatedDate","CreatedUUID","JsonExtendedData","ModifiedDate","ModifiedUUID") 
VALUES(15,TRUE,38,'03/01/2017 19:56:17.207679',E'OVIMZOGGVZPZFQIUHLDGIG',NULL,'03/05/2017 04:50:22.186340',E'MOUBZKDFQGJSHBRDSYUXLSLD');
INSERT INTO "public"."PanelResult"("ID","Active","CaseID","CreatedDate","CreatedUUID","JsonExtendedData","ModifiedDate","ModifiedUUID") 
VALUES(16,FALSE,69,'03/17/2017 17:05:29.504787',E'LIOUMVENHYHNHOKXBHBT',NULL,'02/18/2017 19:39:04.652806',E'MLLQBGHPRRZPGQ');
INSERT INTO "public"."PanelResult"("ID","Active","CaseID","CreatedDate","CreatedUUID","JsonExtendedData","ModifiedDate","ModifiedUUID") 
VALUES(17,FALSE,95,'03/02/2017 02:50:40.947426',E'HPXGGFRIGCYCKN',NULL,'02/17/2017 18:22:50.918426',E'IQAKKLXETXCMLRFCLA');
INSERT INTO "public"."PanelResult"("ID","Active","CaseID","CreatedDate","CreatedUUID","JsonExtendedData","ModifiedDate","ModifiedUUID") 
VALUES(18,TRUE,82,'02/05/2017 11:26:19.071304',E'MEXLDNYF',NULL,'02/24/2017 04:26:25.751930',E'SSBEXBOBZBFOJCSDTWIXHUUZ');
INSERT INTO "public"."PanelResult"("ID","Active","CaseID","CreatedDate","CreatedUUID","JsonExtendedData","ModifiedDate","ModifiedUUID") 
VALUES(19,FALSE,70,'02/27/2017 05:42:03.077621',E'YAZEGUGGUEAGQRNUO',NULL,'03/05/2017 10:59:19.338741',E'OIHKKRQKFVDMTMWKP');
INSERT INTO "public"."PanelResult"("ID","Active","CaseID","CreatedDate","CreatedUUID","JsonExtendedData","ModifiedDate","ModifiedUUID") 
VALUES(20,FALSE,12,'03/08/2017 11:25:11.419947',E'ZIEHMMDBHZEVMAV',NULL,'02/10/2017 08:08:37.250636',E'PFNTMJZGWTAHCUHDXIFMPWA');
INSERT INTO "public"."PanelResult"("ID","Active","CaseID","CreatedDate","CreatedUUID","JsonExtendedData","ModifiedDate","ModifiedUUID") 
VALUES(21,TRUE,29,'03/14/2017 03:28:17.150749',E'TGCQUIQHUVMKKYOZTKXJMBZVJ',NULL,'01/25/2017 03:22:00.622549',E'WSGLUOFDUFRTWXP');
INSERT INTO "public"."PanelResult"("ID","Active","CaseID","CreatedDate","CreatedUUID","JsonExtendedData","ModifiedDate","ModifiedUUID") 
VALUES(22,FALSE,75,'03/13/2017 17:22:39.909711',E'NLEABVWNFLDQKI',NULL,'02/11/2017 15:38:00.782848',E'WMRMIQPYJOWIUMVLCLPQHSVQT');
INSERT INTO "public"."PanelResult"("ID","Active","CaseID","CreatedDate","CreatedUUID","JsonExtendedData","ModifiedDate","ModifiedUUID") 
VALUES(23,FALSE,14,'02/06/2017 02:08:04.890755',E'PPDKVL',NULL,'03/03/2017 04:52:09.822513',E'AZGNXJBJFSOECMCWNDQ');
INSERT INTO "public"."PanelResult"("ID","Active","CaseID","CreatedDate","CreatedUUID","JsonExtendedData","ModifiedDate","ModifiedUUID") 
VALUES(24,FALSE,32,'03/10/2017 10:55:31.280847',E'YQVAYBMATFUWFSZWWS',NULL,'02/04/2017 20:56:59.700130',E'FZVDHRRXRQRTBWOMLFUUNFIL');
INSERT INTO "public"."PanelResult"("ID","Active","CaseID","CreatedDate","CreatedUUID","JsonExtendedData","ModifiedDate","ModifiedUUID") 
VALUES(25,TRUE,45,'01/30/2017 20:25:20.587840',E'ECYXKBERSDOOZAHP',NULL,'02/12/2017 16:31:34.563720',E'GBRRTNPXIJBIGWDIBKFZFAY');
INSERT INTO "public"."PanelResult"("ID","Active","CaseID","CreatedDate","CreatedUUID","JsonExtendedData","ModifiedDate","ModifiedUUID") 
VALUES(26,TRUE,64,'03/03/2017 03:11:07.197360',E'LMOOPNITXQMNW',NULL,'01/24/2017 21:45:23.988911',E'BSHNZPP');
INSERT INTO "public"."PanelResult"("ID","Active","CaseID","CreatedDate","CreatedUUID","JsonExtendedData","ModifiedDate","ModifiedUUID") 
VALUES(27,TRUE,20,'03/01/2017 15:35:54.273164',E'NPDRGGRIZQOPFPXERMQPHRAWU',NULL,'03/03/2017 04:15:28.259166',E'NCZCGEGKOYDDWFX');
INSERT INTO "public"."PanelResult"("ID","Active","CaseID","CreatedDate","CreatedUUID","JsonExtendedData","ModifiedDate","ModifiedUUID") 
VALUES(28,TRUE,26,'02/02/2017 23:10:55.634099',E'LNLHSGWRMSOWPVAEBTCO',NULL,'02/03/2017 17:38:26.306364',E'XYJZLNDZJCCBEHT');
INSERT INTO "public"."PanelResult"("ID","Active","CaseID","CreatedDate","CreatedUUID","JsonExtendedData","ModifiedDate","ModifiedUUID") 
VALUES(29,TRUE,43,'02/17/2017 08:07:42.014947',E'CKYKIVUKYUO',NULL,'02/10/2017 22:04:05.632392',E'MEJANTJXNEYKUCPVJNOS');
INSERT INTO "public"."PanelResult"("ID","Active","CaseID","CreatedDate","CreatedUUID","JsonExtendedData","ModifiedDate","ModifiedUUID") 
VALUES(30,FALSE,66,'03/12/2017 02:29:29.368045',E'RKIWQKGWCLBWDHAYNNGGKE',NULL,'02/14/2017 03:16:52.028811',E'ICJCSWJKQLFBHZSQRYZLLP');
INSERT INTO "public"."PanelResult"("ID","Active","CaseID","CreatedDate","CreatedUUID","JsonExtendedData","ModifiedDate","ModifiedUUID") 
VALUES(31,FALSE,55,'02/02/2017 07:33:52.802816',E'CALVXX',NULL,'01/18/2017 12:51:27.883384',E'PQCAMGVSDSVDA');
INSERT INTO "public"."PanelResult"("ID","Active","CaseID","CreatedDate","CreatedUUID","JsonExtendedData","ModifiedDate","ModifiedUUID") 
VALUES(32,FALSE,23,'03/18/2017 00:17:10.194695',E'EEEQPBSQLONZYXIUKOCTH',NULL,'01/21/2017 07:15:54.624710',E'ZWNTJSVNAGDGPZEDQPTPBMUQ');
INSERT INTO "public"."PanelResult"("ID","Active","CaseID","CreatedDate","CreatedUUID","JsonExtendedData","ModifiedDate","ModifiedUUID") 
VALUES(33,TRUE,7,'02/09/2017 07:24:08.169596',E'EVWTNXZYMJEPOC',NULL,'01/21/2017 14:16:53.849766',E'QJFYPOQISSNVGBBHPALBPBF');
INSERT INTO "public"."PanelResult"("ID","Active","CaseID","CreatedDate","CreatedUUID","JsonExtendedData","ModifiedDate","ModifiedUUID") 
VALUES(34,FALSE,8,'01/25/2017 04:49:01.041059',E'LEGLQGSNGUMWAK',NULL,'02/12/2017 17:34:58.841522',E'VBCNOEBWXVNUXO');
INSERT INTO "public"."PanelResult"("ID","Active","CaseID","CreatedDate","CreatedUUID","JsonExtendedData","ModifiedDate","ModifiedUUID") 
VALUES(35,TRUE,16,'03/01/2017 12:50:56.919086',E'TZLPBWLLQTXODCUJABMOITNO',NULL,'02/02/2017 14:38:45.796641',E'QPTEJFONN');
INSERT INTO "public"."PanelResult"("ID","Active","CaseID","CreatedDate","CreatedUUID","JsonExtendedData","ModifiedDate","ModifiedUUID") 
VALUES(36,FALSE,62,'02/09/2017 10:30:06.943260',E'QQVAKJJRBBEBCNIZWWNR',NULL,'03/09/2017 04:06:21.895743',E'TQDJVYGETXSNBCNJZJCHTLZPD');
INSERT INTO "public"."PanelResult"("ID","Active","CaseID","CreatedDate","CreatedUUID","JsonExtendedData","ModifiedDate","ModifiedUUID") 
VALUES(37,TRUE,76,'02/21/2017 17:20:03.109490',E'VGUHPWILKIKWCBCPMPG',NULL,'03/17/2017 11:46:47.984824',E'UAWHHFHMN');
INSERT INTO "public"."PanelResult"("ID","Active","CaseID","CreatedDate","CreatedUUID","JsonExtendedData","ModifiedDate","ModifiedUUID") 
VALUES(38,TRUE,56,'02/27/2017 11:45:38.418239',E'SJWRKIHVSZYIEXEQXD',NULL,'01/31/2017 04:59:23.478347',E'CZOMKSGNRPLOTHJRGYJNEFJW');
INSERT INTO "public"."PanelResult"("ID","Active","CaseID","CreatedDate","CreatedUUID","JsonExtendedData","ModifiedDate","ModifiedUUID") 
VALUES(39,FALSE,5,'02/24/2017 21:20:21.629618',E'YWGVYK',NULL,'02/13/2017 05:58:14.686754',E'NZTTGBGGYBVIQJLSZEKZRODY');
INSERT INTO "public"."PanelResult"("ID","Active","CaseID","CreatedDate","CreatedUUID","JsonExtendedData","ModifiedDate","ModifiedUUID") 
VALUES(40,FALSE,21,'02/05/2017 21:16:47.598457',E'VJZDBFMMJZUHG',NULL,'02/14/2017 16:54:51.287408',E'GFDKSJWLJMKXZJBZP');
INSERT INTO "public"."PanelResult"("ID","Active","CaseID","CreatedDate","CreatedUUID","JsonExtendedData","ModifiedDate","ModifiedUUID") 
VALUES(41,TRUE,15,'03/14/2017 01:29:59.914888',E'XRQVCRIEIYCHCZDG',NULL,'03/01/2017 19:58:55.591993',E'TMSJLQJIKZPDB');
INSERT INTO "public"."PanelResult"("ID","Active","CaseID","CreatedDate","CreatedUUID","JsonExtendedData","ModifiedDate","ModifiedUUID") 
VALUES(42,FALSE,58,'02/10/2017 20:44:58.774720',E'JCVPMRQZCDWGW',NULL,'02/05/2017 17:26:50.486545',E'SKPWSAPUMABRMNXCKRQXOKI');
INSERT INTO "public"."PanelResult"("ID","Active","CaseID","CreatedDate","CreatedUUID","JsonExtendedData","ModifiedDate","ModifiedUUID") 
VALUES(43,FALSE,39,'03/06/2017 09:21:41.541246',E'MRQPLAU',NULL,'02/03/2017 12:27:40.524540',E'YYRUDAJSPTVGA');
INSERT INTO "public"."PanelResult"("ID","Active","CaseID","CreatedDate","CreatedUUID","JsonExtendedData","ModifiedDate","ModifiedUUID") 
VALUES(44,TRUE,52,'02/08/2017 15:23:21.101785',E'RAHYKYJGR',NULL,'02/05/2017 17:21:15.124763',E'PHCNWNVFTFJMOPK');
INSERT INTO "public"."PanelResult"("ID","Active","CaseID","CreatedDate","CreatedUUID","JsonExtendedData","ModifiedDate","ModifiedUUID") 
VALUES(45,TRUE,98,'01/19/2017 15:38:36.319159',E'CUKFBYLUNZZZIWPVWUAWF',NULL,'03/15/2017 03:40:14.667861',E'IQPNKYRPPEWZLZEYWUCHO');
INSERT INTO "public"."PanelResult"("ID","Active","CaseID","CreatedDate","CreatedUUID","JsonExtendedData","ModifiedDate","ModifiedUUID") 
VALUES(46,TRUE,48,'02/15/2017 22:34:39.527112',E'LNARVEEYMFDCURJNNCJ',NULL,'02/06/2017 15:26:39.533273',E'KADCA');
INSERT INTO "public"."PanelResult"("ID","Active","CaseID","CreatedDate","CreatedUUID","JsonExtendedData","ModifiedDate","ModifiedUUID") 
VALUES(47,TRUE,40,'03/08/2017 17:43:42.738134',E'IOBWVALKCHUMAFQUYKH',NULL,'02/01/2017 15:08:14.386584',E'ZEBZNKGGSRBFBBYPVPAKQTV');
INSERT INTO "public"."PanelResult"("ID","Active","CaseID","CreatedDate","CreatedUUID","JsonExtendedData","ModifiedDate","ModifiedUUID") 
VALUES(48,FALSE,96,'03/02/2017 08:22:26.833820',E'SWHSBMTL',NULL,'02/02/2017 16:05:32.215949',E'BSMMNCAIBZKNZPPEEL');
INSERT INTO "public"."PanelResult"("ID","Active","CaseID","CreatedDate","CreatedUUID","JsonExtendedData","ModifiedDate","ModifiedUUID") 
VALUES(49,FALSE,34,'01/20/2017 03:03:25.689510',E'TLZKSER',NULL,'03/05/2017 17:56:29.638156',E'EBSEL');
INSERT INTO "public"."PanelResult"("ID","Active","CaseID","CreatedDate","CreatedUUID","JsonExtendedData","ModifiedDate","ModifiedUUID") 
VALUES(50,FALSE,36,'02/02/2017 05:13:44.473138',E'UTJJUQFAJEQEDFBHVEVAIH',NULL,'01/28/2017 15:18:16.832971',E'MDICIFGXQVDNFZKGXQ');
INSERT INTO "public"."PanelResult"("ID","Active","CaseID","CreatedDate","CreatedUUID","JsonExtendedData","ModifiedDate","ModifiedUUID") 
VALUES(51,TRUE,27,'03/14/2017 13:31:55.643214',E'IUWQOLQRRLYW',NULL,'02/21/2017 02:04:18.148847',E'IKEDA');
INSERT INTO "public"."PanelResult"("ID","Active","CaseID","CreatedDate","CreatedUUID","JsonExtendedData","ModifiedDate","ModifiedUUID") 
VALUES(52,TRUE,100,'02/10/2017 07:24:13.019378',E'EKKPJR',NULL,'02/21/2017 04:10:47.960489',E'DJAGRT');
INSERT INTO "public"."PanelResult"("ID","Active","CaseID","CreatedDate","CreatedUUID","JsonExtendedData","ModifiedDate","ModifiedUUID") 
VALUES(53,FALSE,54,'03/13/2017 15:43:13.274615',E'RSIWDI',NULL,'02/14/2017 05:26:55.841128',E'IDWLRNIHCKNOFMAYYQ');
INSERT INTO "public"."PanelResult"("ID","Active","CaseID","CreatedDate","CreatedUUID","JsonExtendedData","ModifiedDate","ModifiedUUID") 
VALUES(54,FALSE,13,'03/16/2017 23:33:07.680344',E'KPIZWHIKBZK',NULL,'01/26/2017 10:50:40.385954',E'PBIJFQZJLVOQEBHR');
INSERT INTO "public"."PanelResult"("ID","Active","CaseID","CreatedDate","CreatedUUID","JsonExtendedData","ModifiedDate","ModifiedUUID") 
VALUES(55,FALSE,84,'03/09/2017 23:45:33.160231',E'IWSVTJCTWEOLPDMYNZOBRGLU',NULL,'02/28/2017 16:11:51.358269',E'GWOQSJKTVYVUYSAPSMOXMX');
INSERT INTO "public"."PanelResult"("ID","Active","CaseID","CreatedDate","CreatedUUID","JsonExtendedData","ModifiedDate","ModifiedUUID") 
VALUES(56,FALSE,49,'03/03/2017 19:52:14.727022',E'NYUTQMF',NULL,'02/01/2017 08:27:41.534928',E'AHLFNDQRKKSVLRFQYKSWAJ');
INSERT INTO "public"."PanelResult"("ID","Active","CaseID","CreatedDate","CreatedUUID","JsonExtendedData","ModifiedDate","ModifiedUUID") 
VALUES(57,FALSE,22,'01/28/2017 15:07:26.146512',E'MSRKQXVTU',NULL,'03/02/2017 13:25:08.614282',E'IALFSLOOEHSMZEHBIE');
INSERT INTO "public"."PanelResult"("ID","Active","CaseID","CreatedDate","CreatedUUID","JsonExtendedData","ModifiedDate","ModifiedUUID") 
VALUES(58,TRUE,31,'02/27/2017 23:24:35.763876',E'LYWVJUQSEQEGGXSQGYVGPFUPQ',NULL,'01/21/2017 00:01:16.943929',E'AWAKTFYRGYYMEJZEMNYRJ');
INSERT INTO "public"."PanelResult"("ID","Active","CaseID","CreatedDate","CreatedUUID","JsonExtendedData","ModifiedDate","ModifiedUUID") 
VALUES(59,FALSE,17,'02/03/2017 04:31:55.756876',E'GWSUKS',NULL,'03/05/2017 07:04:24.458866',E'OUGNMBKTAVAUSICCGMRLE');
INSERT INTO "public"."PanelResult"("ID","Active","CaseID","CreatedDate","CreatedUUID","JsonExtendedData","ModifiedDate","ModifiedUUID") 
VALUES(60,FALSE,57,'01/19/2017 14:12:09.479591',E'RMVIWIEUYVK',NULL,'03/17/2017 21:49:07.422684',E'MHKVACEAKMMGPF');
INSERT INTO "public"."PanelResult"("ID","Active","CaseID","CreatedDate","CreatedUUID","JsonExtendedData","ModifiedDate","ModifiedUUID") 
VALUES(61,TRUE,11,'03/08/2017 02:59:34.404869',E'NYBBCPHQJNCXT',NULL,'01/20/2017 04:36:55.891941',E'ZCVSQRRHFFUNKGNVJNINUMYA');
INSERT INTO "public"."PanelResult"("ID","Active","CaseID","CreatedDate","CreatedUUID","JsonExtendedData","ModifiedDate","ModifiedUUID") 
VALUES(62,FALSE,89,'02/11/2017 04:38:12.266346',E'REBAQHCPSHKFX',NULL,'01/19/2017 04:17:06.985465',E'JYMPUFCTXNIOHCZDXZLKELX');
INSERT INTO "public"."PanelResult"("ID","Active","CaseID","CreatedDate","CreatedUUID","JsonExtendedData","ModifiedDate","ModifiedUUID") 
VALUES(63,TRUE,47,'01/31/2017 03:49:28.835828',E'DIRFBYOWNNNLUHTW',NULL,'02/11/2017 12:21:37.420387',E'YOYLLUKLUMTEFBQFJ');
INSERT INTO "public"."PanelResult"("ID","Active","CaseID","CreatedDate","CreatedUUID","JsonExtendedData","ModifiedDate","ModifiedUUID") 
VALUES(64,FALSE,91,'03/05/2017 05:40:27.205034',E'GUVHEUTQBMNKSZHUC',NULL,'02/28/2017 16:57:35.195219',E'OYPXHPIQXG');
INSERT INTO "public"."PanelResult"("ID","Active","CaseID","CreatedDate","CreatedUUID","JsonExtendedData","ModifiedDate","ModifiedUUID") 
VALUES(65,TRUE,28,'02/15/2017 03:08:43.642536',E'UUFMBVMCJQIRGYHNFGZ',NULL,'02/17/2017 06:06:28.311964',E'IMGZKITDFVBNFGCF');
INSERT INTO "public"."PanelResult"("ID","Active","CaseID","CreatedDate","CreatedUUID","JsonExtendedData","ModifiedDate","ModifiedUUID") 
VALUES(66,TRUE,19,'02/13/2017 03:46:37.044194',E'IHHAZORSCJSKU',NULL,'02/14/2017 05:24:03.998210',E'ZIWILI');
INSERT INTO "public"."PanelResult"("ID","Active","CaseID","CreatedDate","CreatedUUID","JsonExtendedData","ModifiedDate","ModifiedUUID") 
VALUES(67,TRUE,10,'03/03/2017 08:05:58.173898',E'GQXMXUOTXOIMOYDCACR',NULL,'01/27/2017 21:12:50.885164',E'DJTAYACQCYKFCXBXNGBA');
INSERT INTO "public"."PanelResult"("ID","Active","CaseID","CreatedDate","CreatedUUID","JsonExtendedData","ModifiedDate","ModifiedUUID") 
VALUES(68,TRUE,94,'02/12/2017 16:31:35.456019',E'FSHZYRZUAKVZUKAMQCIDHS',NULL,'02/06/2017 16:03:00.394599',E'QHJTTXULJPRXWCFRWDB');
INSERT INTO "public"."PanelResult"("ID","Active","CaseID","CreatedDate","CreatedUUID","JsonExtendedData","ModifiedDate","ModifiedUUID") 
VALUES(69,FALSE,61,'01/29/2017 19:48:50.615271',E'MBKKBVHWZJMQWNO',NULL,'02/07/2017 13:42:57.919952',E'GFRXOAGFNTAZWDYQTA');
INSERT INTO "public"."PanelResult"("ID","Active","CaseID","CreatedDate","CreatedUUID","JsonExtendedData","ModifiedDate","ModifiedUUID") 
VALUES(70,TRUE,81,'02/19/2017 16:18:32.299929',E'UNETYGVJSCZMXUAJGAIVTM',NULL,'02/26/2017 14:06:07.239476',E'MVMBTYYYNPQQMN');
INSERT INTO "public"."PanelResult"("ID","Active","CaseID","CreatedDate","CreatedUUID","JsonExtendedData","ModifiedDate","ModifiedUUID") 
VALUES(71,FALSE,1,'03/14/2017 04:13:14.881478',E'ZLSYLTZ',NULL,'03/17/2017 02:30:24.828253',E'JFUYVQWHGBLY');
INSERT INTO "public"."PanelResult"("ID","Active","CaseID","CreatedDate","CreatedUUID","JsonExtendedData","ModifiedDate","ModifiedUUID") 
VALUES(72,FALSE,87,'01/31/2017 02:10:54.706431',E'BVUIJQNULC',NULL,'02/23/2017 21:28:25.991706',E'IURHQLWXMUMANLGQQKBEGGA');
INSERT INTO "public"."PanelResult"("ID","Active","CaseID","CreatedDate","CreatedUUID","JsonExtendedData","ModifiedDate","ModifiedUUID") 
VALUES(73,FALSE,86,'01/27/2017 20:38:23.281852',E'JDFUEEPKNGYSHHKWAKHJMWJJW',NULL,'01/26/2017 19:40:43.566197',E'BGOKDJXEBSRQDWBPG');
INSERT INTO "public"."PanelResult"("ID","Active","CaseID","CreatedDate","CreatedUUID","JsonExtendedData","ModifiedDate","ModifiedUUID") 
VALUES(74,FALSE,60,'02/09/2017 23:09:41.298441',E'YEMLTPYIJF',NULL,'02/26/2017 21:51:14.966159',E'YUTHBSSIAJMN');
INSERT INTO "public"."PanelResult"("ID","Active","CaseID","CreatedDate","CreatedUUID","JsonExtendedData","ModifiedDate","ModifiedUUID") 
VALUES(75,FALSE,9,'03/06/2017 01:32:04.944299',E'SFSGWTUYYEAVV',NULL,'01/28/2017 09:28:49.591326',E'FECKEMSWHFVLOVYO');
INSERT INTO "public"."PanelResult"("ID","Active","CaseID","CreatedDate","CreatedUUID","JsonExtendedData","ModifiedDate","ModifiedUUID") 
VALUES(76,TRUE,65,'01/22/2017 10:46:03.763739',E'DETEZOFINTUJBFOXEASSBX',NULL,'02/02/2017 18:47:59.172655',E'XJRMQ');
INSERT INTO "public"."PanelResult"("ID","Active","CaseID","CreatedDate","CreatedUUID","JsonExtendedData","ModifiedDate","ModifiedUUID") 
VALUES(77,FALSE,99,'02/27/2017 02:05:36.842634',E'IXUIPBDVTSZQAPYTMGX',NULL,'01/18/2017 05:25:29.251642',E'SJZDMJEJ');
INSERT INTO "public"."PanelResult"("ID","Active","CaseID","CreatedDate","CreatedUUID","JsonExtendedData","ModifiedDate","ModifiedUUID") 
VALUES(78,FALSE,44,'03/06/2017 05:22:04.284746',E'MBHIWCMIZEGHDYXCSTB',NULL,'03/06/2017 10:50:55.827779',E'JQVGVI');
INSERT INTO "public"."PanelResult"("ID","Active","CaseID","CreatedDate","CreatedUUID","JsonExtendedData","ModifiedDate","ModifiedUUID") 
VALUES(79,FALSE,33,'03/09/2017 02:06:44.005273',E'KBNAVA',NULL,'02/05/2017 09:29:36.400758',E'TOYAQPMGEYCZYKOHBSRTGVTON');
INSERT INTO "public"."PanelResult"("ID","Active","CaseID","CreatedDate","CreatedUUID","JsonExtendedData","ModifiedDate","ModifiedUUID") 
VALUES(80,TRUE,35,'01/20/2017 17:16:46.910998',E'JHHNGISHRWJSTFZGFZEEPO',NULL,'03/12/2017 15:06:39.236232',E'IHPPABOQSXQVRABY');
INSERT INTO "public"."PanelResult"("ID","Active","CaseID","CreatedDate","CreatedUUID","JsonExtendedData","ModifiedDate","ModifiedUUID") 
VALUES(81,FALSE,71,'03/17/2017 16:22:47.521581',E'QYKODCUCESGZBSXWNTDHNM',NULL,'02/17/2017 01:32:15.998532',E'AXAMHYTGXELZN');
INSERT INTO "public"."PanelResult"("ID","Active","CaseID","CreatedDate","CreatedUUID","JsonExtendedData","ModifiedDate","ModifiedUUID") 
VALUES(82,TRUE,97,'01/21/2017 08:20:18.553794',E'EEYMSNUHWN',NULL,'03/11/2017 07:24:10.840338',E'ZGBWHETJOESOHLLDVNI');
INSERT INTO "public"."PanelResult"("ID","Active","CaseID","CreatedDate","CreatedUUID","JsonExtendedData","ModifiedDate","ModifiedUUID") 
VALUES(83,FALSE,78,'01/20/2017 05:02:58.094665',E'JEBDYTREAY',NULL,'01/24/2017 09:45:05.723433',E'WIKWGSFDVUSTLSVSVEPOCF');
INSERT INTO "public"."PanelResult"("ID","Active","CaseID","CreatedDate","CreatedUUID","JsonExtendedData","ModifiedDate","ModifiedUUID") 
VALUES(84,TRUE,4,'02/14/2017 23:03:55.655864',E'DGVAMBYGRBVZBGEBQQR',NULL,'02/10/2017 01:54:51.645310',E'WFNBFCF');
INSERT INTO "public"."PanelResult"("ID","Active","CaseID","CreatedDate","CreatedUUID","JsonExtendedData","ModifiedDate","ModifiedUUID") 
VALUES(85,TRUE,85,'01/23/2017 12:29:21.870615',E'IFLSSDVSXBSMTKFQFUZWOZ',NULL,'02/15/2017 15:33:05.628507',E'ISTLYCMK');
INSERT INTO "public"."PanelResult"("ID","Active","CaseID","CreatedDate","CreatedUUID","JsonExtendedData","ModifiedDate","ModifiedUUID") 
VALUES(86,FALSE,59,'01/18/2017 06:59:39.002494',E'VWWOEWASQFSWUTXLIDQUCWXQI',NULL,'02/25/2017 22:07:11.958071',E'GCOCGBRYVAVQLDECKERBSLI');
INSERT INTO "public"."PanelResult"("ID","Active","CaseID","CreatedDate","CreatedUUID","JsonExtendedData","ModifiedDate","ModifiedUUID") 
VALUES(87,TRUE,3,'02/04/2017 13:43:59.033616',E'HYHESJLXEDK',NULL,'02/26/2017 10:20:06.771144',E'PSRAVIBTGGEIJM');
INSERT INTO "public"."PanelResult"("ID","Active","CaseID","CreatedDate","CreatedUUID","JsonExtendedData","ModifiedDate","ModifiedUUID") 
VALUES(88,TRUE,74,'01/28/2017 19:10:29.153840',E'TORAD',NULL,'02/15/2017 03:27:18.238551',E'XTUUOAJMSDAUVJL');
INSERT INTO "public"."PanelResult"("ID","Active","CaseID","CreatedDate","CreatedUUID","JsonExtendedData","ModifiedDate","ModifiedUUID") 
VALUES(89,TRUE,46,'01/30/2017 16:14:17.240032',E'NHFWJVGVNKIGWFWDNIQ',NULL,'02/02/2017 05:47:58.598957',E'OIISCAMRQHLVKSWMMT');
INSERT INTO "public"."PanelResult"("ID","Active","CaseID","CreatedDate","CreatedUUID","JsonExtendedData","ModifiedDate","ModifiedUUID") 
VALUES(90,TRUE,37,'02/13/2017 05:19:12.877168',E'AAOSJJSYRPSXIRKB',NULL,'03/13/2017 19:40:59.268459',E'SAPEIRKIEQQXBFSK');
INSERT INTO "public"."PanelResult"("ID","Active","CaseID","CreatedDate","CreatedUUID","JsonExtendedData","ModifiedDate","ModifiedUUID") 
VALUES(91,TRUE,24,'02/07/2017 04:14:27.670921',E'ELMOLHXWJENYKQBKTNFDAUPJP',NULL,'02/01/2017 13:36:38.086696',E'LJPEOANXWVYNYK');
INSERT INTO "public"."PanelResult"("ID","Active","CaseID","CreatedDate","CreatedUUID","JsonExtendedData","ModifiedDate","ModifiedUUID") 
VALUES(92,TRUE,79,'02/19/2017 06:42:20.185619',E'TPXQMLLAITPANBTP',NULL,'01/19/2017 14:55:03.259389',E'DOZQVAHDX');
INSERT INTO "public"."PanelResult"("ID","Active","CaseID","CreatedDate","CreatedUUID","JsonExtendedData","ModifiedDate","ModifiedUUID") 
VALUES(93,TRUE,42,'02/10/2017 18:30:17.600655',E'KIMLLSUUVLRKBITQPQ',NULL,'03/11/2017 04:00:36.528058',E'ZILJCAZECHKXYXBTMI');
INSERT INTO "public"."PanelResult"("ID","Active","CaseID","CreatedDate","CreatedUUID","JsonExtendedData","ModifiedDate","ModifiedUUID") 
VALUES(94,TRUE,83,'02/19/2017 15:32:09.193439',E'FREMOBQGMVRBMFVFZBOC',NULL,'01/28/2017 06:22:21.858532',E'DFNBNEKBWTIWQBEICOANRRQT');
INSERT INTO "public"."PanelResult"("ID","Active","CaseID","CreatedDate","CreatedUUID","JsonExtendedData","ModifiedDate","ModifiedUUID") 
VALUES(95,TRUE,80,'02/05/2017 00:54:48.085237',E'IXELWNGYWPAXMSQN',NULL,'02/15/2017 08:35:39.423327',E'KGFIXUUPS');
INSERT INTO "public"."PanelResult"("ID","Active","CaseID","CreatedDate","CreatedUUID","JsonExtendedData","ModifiedDate","ModifiedUUID") 
VALUES(96,TRUE,63,'02/13/2017 06:40:37.413378',E'CZRMA',NULL,'02/16/2017 08:46:36.389570',E'HZJFRJYNEXHSLFHK');
INSERT INTO "public"."PanelResult"("ID","Active","CaseID","CreatedDate","CreatedUUID","JsonExtendedData","ModifiedDate","ModifiedUUID") 
VALUES(97,TRUE,93,'02/09/2017 13:22:25.202100',E'IQMQZPGGF',NULL,'03/14/2017 09:23:41.313842',E'ZPMRAQY');
INSERT INTO "public"."PanelResult"("ID","Active","CaseID","CreatedDate","CreatedUUID","JsonExtendedData","ModifiedDate","ModifiedUUID") 
VALUES(98,TRUE,67,'02/02/2017 12:25:46.084606',E'YMMNJSLGGHXHCTFXZBAKQJE',NULL,'01/29/2017 19:46:31.503843',E'XPILEI');
INSERT INTO "public"."PanelResult"("ID","Active","CaseID","CreatedDate","CreatedUUID","JsonExtendedData","ModifiedDate","ModifiedUUID") 
VALUES(99,TRUE,41,'03/10/2017 06:21:09.125730',E'YUMYBLDMKYEZUDBRX',NULL,'03/18/2017 23:57:54.502375',E'MTXAFTSRWGRMEICUKYNITKH');
INSERT INTO "public"."PanelResult"("ID","Active","CaseID","CreatedDate","CreatedUUID","JsonExtendedData","ModifiedDate","ModifiedUUID") 
VALUES(100,TRUE,88,'01/31/2017 08:39:15.250193',E'TJDGTPBNFIVJIEFWWAUR',NULL,'03/11/2017 20:01:24.296595',E'QVCGKGJQVBCRHCQTGYFNLWC');
COMMIT;

/* Generating data for table public.TestResult... */
INSERT INTO "public"."TestResult"("ID","Active","BatchID","CaseID","CreatedDate","CreatedUUID","JsonExtendedData","ModifiedDate","ModifiedUUID") 
VALUES(1,TRUE,97,50,'03/06/2017 13:05:53.587091',E'CVXXDZJGNHLLCHWCBPDEQ',NULL,'01/31/2017 14:26:31.019168',E'QVXQPUQZPHDXI');
INSERT INTO "public"."TestResult"("ID","Active","BatchID","CaseID","CreatedDate","CreatedUUID","JsonExtendedData","ModifiedDate","ModifiedUUID") 
VALUES(2,TRUE,52,57,'03/06/2017 03:02:44.440656',E'VNOBAZXJCAIOSQL',NULL,'03/13/2017 16:09:06.008282',E'KPHJPE');
INSERT INTO "public"."TestResult"("ID","Active","BatchID","CaseID","CreatedDate","CreatedUUID","JsonExtendedData","ModifiedDate","ModifiedUUID") 
VALUES(3,FALSE,22,23,'03/06/2017 01:51:57.062461',E'HUERPEUGYSHCAN',NULL,'03/02/2017 16:30:06.536073',E'RGSRFEUOQSQBCWLU');
INSERT INTO "public"."TestResult"("ID","Active","BatchID","CaseID","CreatedDate","CreatedUUID","JsonExtendedData","ModifiedDate","ModifiedUUID") 
VALUES(4,TRUE,98,30,'03/03/2017 23:29:02.693725',E'HRJPMFOCYEEJQNDHUSIDPJA',NULL,'02/13/2017 04:30:28.866816',E'NARXWOCXVQXYNFBNVJWZUIWKE');
INSERT INTO "public"."TestResult"("ID","Active","BatchID","CaseID","CreatedDate","CreatedUUID","JsonExtendedData","ModifiedDate","ModifiedUUID") 
VALUES(5,FALSE,2,7,'02/04/2017 23:11:59.418125',E'BQZJZLNMKISSYBPZEBLBLB',NULL,'01/30/2017 00:39:07.835603',E'GNSDHRRZJQNUYNSZARWKV');
INSERT INTO "public"."TestResult"("ID","Active","BatchID","CaseID","CreatedDate","CreatedUUID","JsonExtendedData","ModifiedDate","ModifiedUUID") 
VALUES(6,TRUE,91,37,'01/23/2017 06:36:28.960510',E'HYVCTSVZCWLEGD',NULL,'01/29/2017 00:41:16.056760',E'IFJQJGFRKYJKDTTSITMXHHDRC');
INSERT INTO "public"."TestResult"("ID","Active","BatchID","CaseID","CreatedDate","CreatedUUID","JsonExtendedData","ModifiedDate","ModifiedUUID") 
VALUES(7,TRUE,92,67,'03/09/2017 01:20:16.295267',E'HUBYRM',NULL,'02/01/2017 20:59:02.420866',E'HNZQKGNECHQNZPHDGGX');
INSERT INTO "public"."TestResult"("ID","Active","BatchID","CaseID","CreatedDate","CreatedUUID","JsonExtendedData","ModifiedDate","ModifiedUUID") 
VALUES(8,FALSE,33,15,'02/10/2017 10:59:26.022198',E'UICZSVBIBHXBCPQS',NULL,'02/08/2017 22:00:48.169557',E'FTWAPGTRIGLFJWCCVEPTAEXP');
INSERT INTO "public"."TestResult"("ID","Active","BatchID","CaseID","CreatedDate","CreatedUUID","JsonExtendedData","ModifiedDate","ModifiedUUID") 
VALUES(9,FALSE,67,47,'02/13/2017 08:17:51.652937',E'ZZDFLZHPRCTXRRKUBJE',NULL,'02/24/2017 14:21:49.187363',E'FSGEBPKA');
INSERT INTO "public"."TestResult"("ID","Active","BatchID","CaseID","CreatedDate","CreatedUUID","JsonExtendedData","ModifiedDate","ModifiedUUID") 
VALUES(10,TRUE,38,45,'02/04/2017 22:00:46.745459',E'BNZJOVNK',NULL,'02/15/2017 16:24:31.288710',E'NMXGSUYKVUND');
INSERT INTO "public"."TestResult"("ID","Active","BatchID","CaseID","CreatedDate","CreatedUUID","JsonExtendedData","ModifiedDate","ModifiedUUID") 
VALUES(11,FALSE,49,96,'03/05/2017 19:26:16.736833',E'ODIUHGSJGJYXJHKT',NULL,'02/11/2017 08:57:01.207578',E'MOYCBFEESUTSMRTNWLEDL');
INSERT INTO "public"."TestResult"("ID","Active","BatchID","CaseID","CreatedDate","CreatedUUID","JsonExtendedData","ModifiedDate","ModifiedUUID") 
VALUES(12,FALSE,32,53,'03/16/2017 14:39:37.005735',E'RLKCZYYSANZW',NULL,'03/17/2017 09:28:09.684200',E'XOIIMARBZKZNQSAZZ');
INSERT INTO "public"."TestResult"("ID","Active","BatchID","CaseID","CreatedDate","CreatedUUID","JsonExtendedData","ModifiedDate","ModifiedUUID") 
VALUES(13,TRUE,68,8,'02/05/2017 23:16:09.907193',E'HFLRGVRVMLNNSZPUYQBFYEGVL',NULL,'02/13/2017 08:48:08.878092',E'GPMKXTPALOXOIXXKVAZU');
INSERT INTO "public"."TestResult"("ID","Active","BatchID","CaseID","CreatedDate","CreatedUUID","JsonExtendedData","ModifiedDate","ModifiedUUID") 
VALUES(14,TRUE,27,55,'01/24/2017 04:03:48.059612',E'TVMPCAZPBXBYFXBXE',NULL,'03/01/2017 19:33:26.382790',E'DIMRRBBIITQMWQGPNSB');
INSERT INTO "public"."TestResult"("ID","Active","BatchID","CaseID","CreatedDate","CreatedUUID","JsonExtendedData","ModifiedDate","ModifiedUUID") 
VALUES(15,FALSE,54,61,'02/18/2017 19:23:19.337259',E'PSHWIGVSPJYMPNUXHUDH',NULL,'02/19/2017 19:23:32.308481',E'QFCARAZYKXQMYCLZ');
INSERT INTO "public"."TestResult"("ID","Active","BatchID","CaseID","CreatedDate","CreatedUUID","JsonExtendedData","ModifiedDate","ModifiedUUID") 
VALUES(16,FALSE,82,72,'02/01/2017 13:34:24.531041',E'SJOFRUJVFYU',NULL,'02/21/2017 17:08:24.010504',E'QZUHJDTEWBDQBXETCBD');
INSERT INTO "public"."TestResult"("ID","Active","BatchID","CaseID","CreatedDate","CreatedUUID","JsonExtendedData","ModifiedDate","ModifiedUUID") 
VALUES(17,FALSE,93,24,'01/23/2017 09:44:03.664578',E'JILKJPRXPRQSDLK',NULL,'01/18/2017 20:53:27.639555',E'FYPYTBSONVQOUDCSRKJANTA');
INSERT INTO "public"."TestResult"("ID","Active","BatchID","CaseID","CreatedDate","CreatedUUID","JsonExtendedData","ModifiedDate","ModifiedUUID") 
VALUES(18,TRUE,16,12,'02/19/2017 21:27:30.025236',E'BAGOFVXLYZ',NULL,'03/10/2017 04:21:25.803179',E'ONWOQCBVMQODR');
INSERT INTO "public"."TestResult"("ID","Active","BatchID","CaseID","CreatedDate","CreatedUUID","JsonExtendedData","ModifiedDate","ModifiedUUID") 
VALUES(19,FALSE,74,10,'02/24/2017 07:18:49.681846',E'ZRJLNHDOYNDUHMYEVJMOFLO',NULL,'02/13/2017 20:38:33.930490',E'UVONSNMIQE');
INSERT INTO "public"."TestResult"("ID","Active","BatchID","CaseID","CreatedDate","CreatedUUID","JsonExtendedData","ModifiedDate","ModifiedUUID") 
VALUES(20,FALSE,61,38,'02/10/2017 17:25:16.671641',E'LGBVC',NULL,'02/23/2017 04:09:51.731888',E'RBZIRFECWJIQACG');
INSERT INTO "public"."TestResult"("ID","Active","BatchID","CaseID","CreatedDate","CreatedUUID","JsonExtendedData","ModifiedDate","ModifiedUUID") 
VALUES(21,TRUE,86,40,'03/10/2017 08:59:19.802920',E'QUOGPDQAEXMWSQGMBLOJGVXXB',NULL,'01/22/2017 03:36:21.713214',E'OAQKRCXYF');
INSERT INTO "public"."TestResult"("ID","Active","BatchID","CaseID","CreatedDate","CreatedUUID","JsonExtendedData","ModifiedDate","ModifiedUUID") 
VALUES(22,FALSE,3,86,'02/11/2017 08:59:30.190396',E'BOGZXQGRCKNYWYTP',NULL,'02/08/2017 20:57:28.370097',E'FOMHPQQBREQPXSJANJIIDA');
INSERT INTO "public"."TestResult"("ID","Active","BatchID","CaseID","CreatedDate","CreatedUUID","JsonExtendedData","ModifiedDate","ModifiedUUID") 
VALUES(23,TRUE,55,42,'02/25/2017 17:02:52.707471',E'HMIQVMA',NULL,'02/06/2017 13:03:36.654079',E'MREHVR');
INSERT INTO "public"."TestResult"("ID","Active","BatchID","CaseID","CreatedDate","CreatedUUID","JsonExtendedData","ModifiedDate","ModifiedUUID") 
VALUES(24,FALSE,42,36,'01/29/2017 16:20:26.317311',E'QIAETBZCBBC',NULL,'02/10/2017 20:15:53.004426',E'FBNBYWOTXGWCOFCIIE');
INSERT INTO "public"."TestResult"("ID","Active","BatchID","CaseID","CreatedDate","CreatedUUID","JsonExtendedData","ModifiedDate","ModifiedUUID") 
VALUES(25,FALSE,70,78,'02/20/2017 17:31:23.121048',E'CHZKH',NULL,'03/12/2017 06:37:53.820337',E'GKLUDSIBROYMRVSHTCJSCM');
INSERT INTO "public"."TestResult"("ID","Active","BatchID","CaseID","CreatedDate","CreatedUUID","JsonExtendedData","ModifiedDate","ModifiedUUID") 
VALUES(26,TRUE,15,43,'01/21/2017 03:25:57.743086',E'IEDPBNCQMKN',NULL,'03/13/2017 22:38:43.996448',E'UQBHVYUZKQLRSHDWM');
INSERT INTO "public"."TestResult"("ID","Active","BatchID","CaseID","CreatedDate","CreatedUUID","JsonExtendedData","ModifiedDate","ModifiedUUID") 
VALUES(27,FALSE,29,34,'01/26/2017 14:32:02.589185',E'BQIPAGLEOONREGXETQMNUMTP',NULL,'01/21/2017 19:49:48.260014',E'ZLJBZV');
INSERT INTO "public"."TestResult"("ID","Active","BatchID","CaseID","CreatedDate","CreatedUUID","JsonExtendedData","ModifiedDate","ModifiedUUID") 
VALUES(28,FALSE,80,6,'01/21/2017 04:25:56.399301',E'DFQSBUCSX',NULL,'03/14/2017 11:36:14.068525',E'YKOYCIPCODJCLZZXWFRRZ');
INSERT INTO "public"."TestResult"("ID","Active","BatchID","CaseID","CreatedDate","CreatedUUID","JsonExtendedData","ModifiedDate","ModifiedUUID") 
VALUES(29,FALSE,50,44,'01/23/2017 08:45:25.501415',E'DAEDDONZBGWODMWSJUSSCYW',NULL,'01/23/2017 18:37:33.171218',E'EIONFGMOTJTAZVVG');
INSERT INTO "public"."TestResult"("ID","Active","BatchID","CaseID","CreatedDate","CreatedUUID","JsonExtendedData","ModifiedDate","ModifiedUUID") 
VALUES(30,FALSE,78,97,'03/02/2017 00:42:47.168455',E'WUCBEAWMGJGJFTVKLFYTYBT',NULL,'02/25/2017 05:40:17.279668',E'QQVKBMUALFLGVMVYDM');
INSERT INTO "public"."TestResult"("ID","Active","BatchID","CaseID","CreatedDate","CreatedUUID","JsonExtendedData","ModifiedDate","ModifiedUUID") 
VALUES(31,TRUE,39,25,'01/26/2017 08:06:59.125751',E'YAAYVYGA',NULL,'03/11/2017 09:23:09.885466',E'JFDNYSCJ');
INSERT INTO "public"."TestResult"("ID","Active","BatchID","CaseID","CreatedDate","CreatedUUID","JsonExtendedData","ModifiedDate","ModifiedUUID") 
VALUES(32,TRUE,89,92,'02/10/2017 13:58:30.103499',E'CCKWQ',NULL,'02/09/2017 09:25:34.139002',E'VPFCOYNSURNZWTMZTOJGJ');
INSERT INTO "public"."TestResult"("ID","Active","BatchID","CaseID","CreatedDate","CreatedUUID","JsonExtendedData","ModifiedDate","ModifiedUUID") 
VALUES(33,FALSE,79,33,'02/05/2017 18:32:01.593498',E'WLIVCULARBPVOIR',NULL,'02/24/2017 23:46:24.204167',E'EGYARELJEFMYADSWNAZZZWHMP');
INSERT INTO "public"."TestResult"("ID","Active","BatchID","CaseID","CreatedDate","CreatedUUID","JsonExtendedData","ModifiedDate","ModifiedUUID") 
VALUES(34,FALSE,75,89,'03/12/2017 06:01:23.767978',E'CXQANRCNXTT',NULL,'01/28/2017 13:02:36.024227',E'DVALEVKYFJATBNT');
INSERT INTO "public"."TestResult"("ID","Active","BatchID","CaseID","CreatedDate","CreatedUUID","JsonExtendedData","ModifiedDate","ModifiedUUID") 
VALUES(35,TRUE,25,13,'02/08/2017 22:42:07.351129',E'MCOZCBMHVCSQQZKRQDUFZA',NULL,'02/18/2017 07:09:42.762030',E'UNGJFQQMHFGMEFZESPRYRHO');
INSERT INTO "public"."TestResult"("ID","Active","BatchID","CaseID","CreatedDate","CreatedUUID","JsonExtendedData","ModifiedDate","ModifiedUUID") 
VALUES(36,TRUE,66,35,'02/03/2017 20:12:16.959909',E'XSLFNBM',NULL,'03/10/2017 13:44:30.228775',E'UOLHUDPITSOS');
INSERT INTO "public"."TestResult"("ID","Active","BatchID","CaseID","CreatedDate","CreatedUUID","JsonExtendedData","ModifiedDate","ModifiedUUID") 
VALUES(37,TRUE,6,18,'01/31/2017 07:48:17.833811',E'WQASJZUOMXWZS',NULL,'02/20/2017 16:17:51.288899',E'FIXLYLRUELNAXYYJEZWVRBZSO');
INSERT INTO "public"."TestResult"("ID","Active","BatchID","CaseID","CreatedDate","CreatedUUID","JsonExtendedData","ModifiedDate","ModifiedUUID") 
VALUES(38,FALSE,11,77,'03/07/2017 03:32:53.775203',E'TDQGTUHIPLHXXNCCEFTSY',NULL,'02/10/2017 19:48:01.561768',E'QQCJOGUSNSUL');
INSERT INTO "public"."TestResult"("ID","Active","BatchID","CaseID","CreatedDate","CreatedUUID","JsonExtendedData","ModifiedDate","ModifiedUUID") 
VALUES(39,FALSE,34,71,'01/30/2017 15:53:14.174442',E'YOOYBEVEOQJQZLOGG',NULL,'03/09/2017 03:20:03.229178',E'ZDPFPGARRZQNCMAX');
INSERT INTO "public"."TestResult"("ID","Active","BatchID","CaseID","CreatedDate","CreatedUUID","JsonExtendedData","ModifiedDate","ModifiedUUID") 
VALUES(40,FALSE,40,20,'02/11/2017 21:51:55.066830',E'RVHNH',NULL,'01/23/2017 13:05:18.852335',E'DNTDVPZO');
INSERT INTO "public"."TestResult"("ID","Active","BatchID","CaseID","CreatedDate","CreatedUUID","JsonExtendedData","ModifiedDate","ModifiedUUID") 
VALUES(41,FALSE,53,64,'02/04/2017 03:21:48.401621',E'SOISVMMDYXQMG',NULL,'02/05/2017 01:45:37.402285',E'EDRDMFP');
INSERT INTO "public"."TestResult"("ID","Active","BatchID","CaseID","CreatedDate","CreatedUUID","JsonExtendedData","ModifiedDate","ModifiedUUID") 
VALUES(42,TRUE,7,56,'03/10/2017 21:29:32.225584',E'MLGJIHFXAZKPE',NULL,'01/18/2017 20:27:28.051714',E'LXRFIBIRHFZKYAJQ');
INSERT INTO "public"."TestResult"("ID","Active","BatchID","CaseID","CreatedDate","CreatedUUID","JsonExtendedData","ModifiedDate","ModifiedUUID") 
VALUES(43,FALSE,37,4,'01/25/2017 15:49:00.934044',E'UKEYINPYSF',NULL,'02/08/2017 17:55:14.986677',E'JUYZYOYUJMK');
INSERT INTO "public"."TestResult"("ID","Active","BatchID","CaseID","CreatedDate","CreatedUUID","JsonExtendedData","ModifiedDate","ModifiedUUID") 
VALUES(44,TRUE,5,69,'02/24/2017 22:03:21.118897',E'YVCNW',NULL,'02/26/2017 08:26:33.041453',E'LRZGGWJCBGCXUBFVNQC');
INSERT INTO "public"."TestResult"("ID","Active","BatchID","CaseID","CreatedDate","CreatedUUID","JsonExtendedData","ModifiedDate","ModifiedUUID") 
VALUES(45,TRUE,63,88,'01/28/2017 00:26:42.240918',E'EWKZLZSV',NULL,'03/16/2017 23:05:46.819247',E'DBJDKCQJATNJDCR');
INSERT INTO "public"."TestResult"("ID","Active","BatchID","CaseID","CreatedDate","CreatedUUID","JsonExtendedData","ModifiedDate","ModifiedUUID") 
VALUES(46,TRUE,13,73,'01/20/2017 05:12:10.457410',E'BBJOQQDGMNIMKBF',NULL,'03/09/2017 18:06:25.639816',E'BSDWIOWVUHUWXZWP');
INSERT INTO "public"."TestResult"("ID","Active","BatchID","CaseID","CreatedDate","CreatedUUID","JsonExtendedData","ModifiedDate","ModifiedUUID") 
VALUES(47,FALSE,64,31,'01/26/2017 16:55:26.510097',E'ABVNAKYZPZYXQIDYEQSRKUEUB',NULL,'02/28/2017 08:23:47.656166',E'MUXDXOMUBAZC');
INSERT INTO "public"."TestResult"("ID","Active","BatchID","CaseID","CreatedDate","CreatedUUID","JsonExtendedData","ModifiedDate","ModifiedUUID") 
VALUES(48,TRUE,81,82,'01/25/2017 21:48:15.714492',E'WFMYBGIQRUAAY',NULL,'01/31/2017 21:36:13.665319',E'QQDIWLNARCOZCTINZEYBO');
INSERT INTO "public"."TestResult"("ID","Active","BatchID","CaseID","CreatedDate","CreatedUUID","JsonExtendedData","ModifiedDate","ModifiedUUID") 
VALUES(49,TRUE,31,95,'03/14/2017 10:24:43.318611',E'TRZEFRUMN',NULL,'02/22/2017 15:52:00.319991',E'WMABTPNBGZAMNEAESN');
INSERT INTO "public"."TestResult"("ID","Active","BatchID","CaseID","CreatedDate","CreatedUUID","JsonExtendedData","ModifiedDate","ModifiedUUID") 
VALUES(50,FALSE,65,29,'01/24/2017 19:06:01.795719',E'PTRVNHOSWTEZDCPXN',NULL,'03/17/2017 16:43:33.003965',E'QHHCCFCJ');
INSERT INTO "public"."TestResult"("ID","Active","BatchID","CaseID","CreatedDate","CreatedUUID","JsonExtendedData","ModifiedDate","ModifiedUUID") 
VALUES(51,FALSE,60,54,'02/19/2017 02:51:03.505554',E'LYIORFY',NULL,'03/02/2017 18:56:58.098398',E'DKQPLMCHFP');
INSERT INTO "public"."TestResult"("ID","Active","BatchID","CaseID","CreatedDate","CreatedUUID","JsonExtendedData","ModifiedDate","ModifiedUUID") 
VALUES(52,TRUE,69,83,'01/19/2017 08:49:32.310797',E'XRTXDNDFWVXIDQTPEYKY',NULL,'02/14/2017 00:43:02.095209',E'TOLDPQGPXBMQJQPERL');
INSERT INTO "public"."TestResult"("ID","Active","BatchID","CaseID","CreatedDate","CreatedUUID","JsonExtendedData","ModifiedDate","ModifiedUUID") 
VALUES(53,FALSE,10,74,'02/03/2017 05:02:15.283945',E'PXPZJTZRZIKSNDHNFGIMH',NULL,'02/13/2017 17:59:26.294885',E'AEMCHIZKNHSXIIY');
INSERT INTO "public"."TestResult"("ID","Active","BatchID","CaseID","CreatedDate","CreatedUUID","JsonExtendedData","ModifiedDate","ModifiedUUID") 
VALUES(54,FALSE,41,11,'03/12/2017 03:46:38.388647',E'PWVVXTMIVAF',NULL,'02/11/2017 22:12:57.045658',E'TBGQILCEXMU');
INSERT INTO "public"."TestResult"("ID","Active","BatchID","CaseID","CreatedDate","CreatedUUID","JsonExtendedData","ModifiedDate","ModifiedUUID") 
VALUES(55,FALSE,57,58,'02/23/2017 23:57:18.095340',E'BBIMI',NULL,'02/13/2017 18:53:27.094875',E'YIETCYCCNUOHDGAD');
INSERT INTO "public"."TestResult"("ID","Active","BatchID","CaseID","CreatedDate","CreatedUUID","JsonExtendedData","ModifiedDate","ModifiedUUID") 
VALUES(56,FALSE,62,21,'02/05/2017 01:57:27.912396',E'CUKBUBFFWHCKJNTXENUGBSWMW',NULL,'01/19/2017 17:13:15.005554',E'TDUOIRRRNPWJBQAMEGLYUNFHN');
INSERT INTO "public"."TestResult"("ID","Active","BatchID","CaseID","CreatedDate","CreatedUUID","JsonExtendedData","ModifiedDate","ModifiedUUID") 
VALUES(57,TRUE,85,49,'03/18/2017 04:03:07.335499',E'NZARRHMHH',NULL,'02/02/2017 05:07:43.676264',E'UWBQXZQOQUUXBQKXJWMVVXC');
INSERT INTO "public"."TestResult"("ID","Active","BatchID","CaseID","CreatedDate","CreatedUUID","JsonExtendedData","ModifiedDate","ModifiedUUID") 
VALUES(58,FALSE,20,32,'02/08/2017 14:19:46.215497',E'SRRHOYVXOOLSFXZDECSPQPX',NULL,'01/30/2017 01:00:06.397541',E'YUPATAXXHFOPNFJJCACLH');
INSERT INTO "public"."TestResult"("ID","Active","BatchID","CaseID","CreatedDate","CreatedUUID","JsonExtendedData","ModifiedDate","ModifiedUUID") 
VALUES(59,FALSE,1,27,'03/14/2017 07:37:39.276437',E'IEQANEGWBHU',NULL,'02/27/2017 03:04:21.059989',E'FAQCHRFSBZH');
INSERT INTO "public"."TestResult"("ID","Active","BatchID","CaseID","CreatedDate","CreatedUUID","JsonExtendedData","ModifiedDate","ModifiedUUID") 
VALUES(60,TRUE,4,9,'01/21/2017 20:14:21.238045',E'NCIVVHYLZAAGPYHZBVJ',NULL,'02/25/2017 01:57:52.218713',E'CTQPADUIWQFYJJUVGAFZVPH');
INSERT INTO "public"."TestResult"("ID","Active","BatchID","CaseID","CreatedDate","CreatedUUID","JsonExtendedData","ModifiedDate","ModifiedUUID") 
VALUES(61,FALSE,23,16,'02/15/2017 06:27:24.133603',E'KPEMPBUKNKNERXYVLHETC',NULL,'03/09/2017 20:24:39.515842',E'KKSUKNGCOAHFMUMWDPI');
INSERT INTO "public"."TestResult"("ID","Active","BatchID","CaseID","CreatedDate","CreatedUUID","JsonExtendedData","ModifiedDate","ModifiedUUID") 
VALUES(62,TRUE,83,3,'02/01/2017 15:11:50.613760',E'AIUCKUDONXL',NULL,'02/26/2017 01:27:00.214576',E'UPVPSALQQVCD');
INSERT INTO "public"."TestResult"("ID","Active","BatchID","CaseID","CreatedDate","CreatedUUID","JsonExtendedData","ModifiedDate","ModifiedUUID") 
VALUES(63,FALSE,17,5,'03/12/2017 18:55:54.099862',E'RABCGL',NULL,'03/03/2017 10:16:22.342396',E'VVTQIVYZYMFGMXDHNL');
INSERT INTO "public"."TestResult"("ID","Active","BatchID","CaseID","CreatedDate","CreatedUUID","JsonExtendedData","ModifiedDate","ModifiedUUID") 
VALUES(64,FALSE,9,68,'03/13/2017 19:07:20.926552',E'WYOBVTXDWLG',NULL,'02/21/2017 05:56:17.105719',E'TUARAGOFAWFNSRKVN');
INSERT INTO "public"."TestResult"("ID","Active","BatchID","CaseID","CreatedDate","CreatedUUID","JsonExtendedData","ModifiedDate","ModifiedUUID") 
VALUES(65,TRUE,96,94,'02/06/2017 19:37:59.927762',E'QXCDMJSKAIUHPC',NULL,'02/04/2017 23:54:57.059950',E'STJDPRNWVNPTENB');
INSERT INTO "public"."TestResult"("ID","Active","BatchID","CaseID","CreatedDate","CreatedUUID","JsonExtendedData","ModifiedDate","ModifiedUUID") 
VALUES(66,FALSE,94,19,'03/05/2017 09:37:13.162419',E'EDXISKOIJ',NULL,'01/27/2017 22:56:34.714486',E'HYRQTKAMQSZCTBXGVU');
INSERT INTO "public"."TestResult"("ID","Active","BatchID","CaseID","CreatedDate","CreatedUUID","JsonExtendedData","ModifiedDate","ModifiedUUID") 
VALUES(67,TRUE,88,70,'03/15/2017 10:26:54.174951',E'XWBPNEUDRDMUGSQFMNDXG',NULL,'01/25/2017 11:49:06.423307',E'ZRIIMEVLHGVPRV');
INSERT INTO "public"."TestResult"("ID","Active","BatchID","CaseID","CreatedDate","CreatedUUID","JsonExtendedData","ModifiedDate","ModifiedUUID") 
VALUES(68,FALSE,51,46,'01/27/2017 05:14:58.710654',E'WNFHPYYNFL',NULL,'01/29/2017 09:49:44.190195',E'ERILAOHANRFFDRCVVDY');
INSERT INTO "public"."TestResult"("ID","Active","BatchID","CaseID","CreatedDate","CreatedUUID","JsonExtendedData","ModifiedDate","ModifiedUUID") 
VALUES(69,TRUE,14,39,'02/07/2017 02:10:13.561661',E'IPCGVADGQAVRIB',NULL,'02/07/2017 06:33:21.059863',E'NFNHJPYPVSLLBKO');
INSERT INTO "public"."TestResult"("ID","Active","BatchID","CaseID","CreatedDate","CreatedUUID","JsonExtendedData","ModifiedDate","ModifiedUUID") 
VALUES(70,FALSE,47,63,'03/14/2017 20:50:23.516598',E'FDEINMIIGDJIDUTEIMO',NULL,'02/05/2017 01:43:13.044531',E'AUBCQ');
INSERT INTO "public"."TestResult"("ID","Active","BatchID","CaseID","CreatedDate","CreatedUUID","JsonExtendedData","ModifiedDate","ModifiedUUID") 
VALUES(71,FALSE,45,80,'02/19/2017 23:35:08.956359',E'FKZEJQIAMJYGPMOBS',NULL,'01/23/2017 02:57:55.521287',E'VOJKOPDRI');
INSERT INTO "public"."TestResult"("ID","Active","BatchID","CaseID","CreatedDate","CreatedUUID","JsonExtendedData","ModifiedDate","ModifiedUUID") 
VALUES(72,TRUE,46,87,'02/28/2017 16:02:37.805385',E'MUGZIAGUMWHZ',NULL,'01/27/2017 22:02:10.934170',E'KUXSKKQAFVGUNAZEFL');
INSERT INTO "public"."TestResult"("ID","Active","BatchID","CaseID","CreatedDate","CreatedUUID","JsonExtendedData","ModifiedDate","ModifiedUUID") 
VALUES(73,FALSE,73,79,'02/03/2017 23:15:44.172298',E'BBJPMN',NULL,'02/25/2017 12:14:41.042998',E'INBHRHFMTUUTDWI');
INSERT INTO "public"."TestResult"("ID","Active","BatchID","CaseID","CreatedDate","CreatedUUID","JsonExtendedData","ModifiedDate","ModifiedUUID") 
VALUES(74,TRUE,36,85,'03/01/2017 11:26:27.958209',E'PAPQPSPTIGJXK',NULL,'01/23/2017 03:49:40.452654',E'LDFKAETEOWXCAKWGMYMKV');
INSERT INTO "public"."TestResult"("ID","Active","BatchID","CaseID","CreatedDate","CreatedUUID","JsonExtendedData","ModifiedDate","ModifiedUUID") 
VALUES(75,TRUE,43,66,'02/28/2017 09:10:07.712272',E'DMUNTCIK',NULL,'03/11/2017 05:07:31.134578',E'BQABMSVXKEXK');
INSERT INTO "public"."TestResult"("ID","Active","BatchID","CaseID","CreatedDate","CreatedUUID","JsonExtendedData","ModifiedDate","ModifiedUUID") 
VALUES(76,TRUE,8,2,'03/12/2017 02:44:47.411549',E'CUUTGCOXTGMMIDHMIRLOSW',NULL,'01/31/2017 19:37:46.997084',E'ZJSNIUSDAIKGSAUOJZKLGALU');
INSERT INTO "public"."TestResult"("ID","Active","BatchID","CaseID","CreatedDate","CreatedUUID","JsonExtendedData","ModifiedDate","ModifiedUUID") 
VALUES(77,FALSE,76,65,'02/16/2017 02:17:50.053526',E'RDGHLAYXOV',NULL,'02/13/2017 20:45:43.944349',E'OJGCYVYRLAALBQTYKHH');
INSERT INTO "public"."TestResult"("ID","Active","BatchID","CaseID","CreatedDate","CreatedUUID","JsonExtendedData","ModifiedDate","ModifiedUUID") 
VALUES(78,TRUE,21,84,'03/06/2017 17:26:34.859404',E'EJGICQSARVOGBLEYP',NULL,'01/26/2017 02:23:34.889704',E'LMJUQ');
INSERT INTO "public"."TestResult"("ID","Active","BatchID","CaseID","CreatedDate","CreatedUUID","JsonExtendedData","ModifiedDate","ModifiedUUID") 
VALUES(79,FALSE,99,90,'02/11/2017 17:45:59.264321',E'JXYLLDSSI',NULL,'02/28/2017 08:21:34.716820',E'UHXRHNCSSJEREUZZCCARPI');
INSERT INTO "public"."TestResult"("ID","Active","BatchID","CaseID","CreatedDate","CreatedUUID","JsonExtendedData","ModifiedDate","ModifiedUUID") 
VALUES(80,FALSE,100,81,'03/07/2017 04:55:33.742419',E'ODEDCD',NULL,'03/03/2017 00:48:12.334811',E'BCPWZSCKFMNGHBOVPIC');
INSERT INTO "public"."TestResult"("ID","Active","BatchID","CaseID","CreatedDate","CreatedUUID","JsonExtendedData","ModifiedDate","ModifiedUUID") 
VALUES(81,TRUE,95,75,'03/14/2017 11:31:25.734666',E'LDHFDWUBDNPWXYBWHTSQER',NULL,'02/10/2017 20:09:07.670761',E'RFOONZISHJZ');
INSERT INTO "public"."TestResult"("ID","Active","BatchID","CaseID","CreatedDate","CreatedUUID","JsonExtendedData","ModifiedDate","ModifiedUUID") 
VALUES(82,TRUE,18,14,'03/06/2017 08:15:23.890676',E'VRDVA',NULL,'03/11/2017 09:35:23.192806',E'XRRDXRIC');
INSERT INTO "public"."TestResult"("ID","Active","BatchID","CaseID","CreatedDate","CreatedUUID","JsonExtendedData","ModifiedDate","ModifiedUUID") 
VALUES(83,FALSE,48,26,'02/25/2017 00:06:57.567962',E'XQZYXNUNNMU',NULL,'02/03/2017 16:28:50.976629',E'NVUJTIMREZCEEEM');
INSERT INTO "public"."TestResult"("ID","Active","BatchID","CaseID","CreatedDate","CreatedUUID","JsonExtendedData","ModifiedDate","ModifiedUUID") 
VALUES(84,FALSE,77,93,'02/17/2017 03:52:43.780744',E'PPPTJHCFBYGEHWFQDNZRPGSD',NULL,'03/03/2017 02:36:00.087247',E'WDPRYLXRQNJFVKSSKROCZ');
INSERT INTO "public"."TestResult"("ID","Active","BatchID","CaseID","CreatedDate","CreatedUUID","JsonExtendedData","ModifiedDate","ModifiedUUID") 
VALUES(85,TRUE,90,17,'01/24/2017 00:45:02.594136',E'NMKEMSITANXNIZWCXGXURV',NULL,'01/20/2017 11:44:20.070635',E'OCFFMPDBUMKYKYQMLSG');
INSERT INTO "public"."TestResult"("ID","Active","BatchID","CaseID","CreatedDate","CreatedUUID","JsonExtendedData","ModifiedDate","ModifiedUUID") 
VALUES(86,FALSE,30,59,'03/05/2017 07:24:32.622243',E'KZBMZKR',NULL,'02/23/2017 02:33:17.243360',E'GMWJCLIIDS');
INSERT INTO "public"."TestResult"("ID","Active","BatchID","CaseID","CreatedDate","CreatedUUID","JsonExtendedData","ModifiedDate","ModifiedUUID") 
VALUES(87,TRUE,12,51,'02/26/2017 15:05:16.995556',E'SKGYEWHEYOELEIC',NULL,'03/08/2017 17:38:34.872575',E'IIBKDZZEGORVCCHZ');
INSERT INTO "public"."TestResult"("ID","Active","BatchID","CaseID","CreatedDate","CreatedUUID","JsonExtendedData","ModifiedDate","ModifiedUUID") 
VALUES(88,TRUE,58,41,'03/16/2017 21:44:49.638954',E'JBBSCKDRBEHGMUDQDHF',NULL,'02/01/2017 09:35:27.933015',E'LKDAVYAPAHBME');
INSERT INTO "public"."TestResult"("ID","Active","BatchID","CaseID","CreatedDate","CreatedUUID","JsonExtendedData","ModifiedDate","ModifiedUUID") 
VALUES(89,FALSE,59,100,'02/22/2017 21:35:49.721821',E'AYGMMXRQZP',NULL,'03/04/2017 11:36:35.276691',E'DEHKXCHYYVTQTYKIUVVVLEP');
INSERT INTO "public"."TestResult"("ID","Active","BatchID","CaseID","CreatedDate","CreatedUUID","JsonExtendedData","ModifiedDate","ModifiedUUID") 
VALUES(90,TRUE,87,48,'03/15/2017 06:51:07.341658',E'YMNAMIPCAKDLJB',NULL,'02/04/2017 03:19:12.408266',E'KJGTMBKVZLZXGJNUOOOLQ');
INSERT INTO "public"."TestResult"("ID","Active","BatchID","CaseID","CreatedDate","CreatedUUID","JsonExtendedData","ModifiedDate","ModifiedUUID") 
VALUES(91,FALSE,44,1,'02/01/2017 12:08:13.242080',E'MBIZSSKE',NULL,'02/17/2017 14:27:06.551796',E'EVTVAIZGPSVOCNKPAES');
INSERT INTO "public"."TestResult"("ID","Active","BatchID","CaseID","CreatedDate","CreatedUUID","JsonExtendedData","ModifiedDate","ModifiedUUID") 
VALUES(92,TRUE,24,99,'03/11/2017 22:31:50.565258',E'TBBCBKBODYKMELK',NULL,'01/24/2017 16:16:05.427087',E'BMEOSJN');
INSERT INTO "public"."TestResult"("ID","Active","BatchID","CaseID","CreatedDate","CreatedUUID","JsonExtendedData","ModifiedDate","ModifiedUUID") 
VALUES(93,TRUE,26,91,'03/07/2017 05:03:57.531085',E'NDASOURVPHEUSKDSQ',NULL,'03/13/2017 19:09:49.251434',E'YLJUPYQNEVZ');
INSERT INTO "public"."TestResult"("ID","Active","BatchID","CaseID","CreatedDate","CreatedUUID","JsonExtendedData","ModifiedDate","ModifiedUUID") 
VALUES(94,TRUE,56,76,'02/27/2017 08:32:39.644454',E'NPBKZT',NULL,'03/03/2017 15:26:54.958775',E'GZTGRUFXQGP');
INSERT INTO "public"."TestResult"("ID","Active","BatchID","CaseID","CreatedDate","CreatedUUID","JsonExtendedData","ModifiedDate","ModifiedUUID") 
VALUES(95,TRUE,19,52,'02/09/2017 08:08:13.818201',E'SDWUZKR',NULL,'02/22/2017 13:25:46.662117',E'DLYNUN');
INSERT INTO "public"."TestResult"("ID","Active","BatchID","CaseID","CreatedDate","CreatedUUID","JsonExtendedData","ModifiedDate","ModifiedUUID") 
VALUES(96,TRUE,84,28,'02/25/2017 18:31:11.513637',E'XQRJSUXFAVNELRNJKAURUFZXG',NULL,'02/13/2017 22:39:36.597884',E'JVNGINHQGPBKFDSXFAZNITZX');
INSERT INTO "public"."TestResult"("ID","Active","BatchID","CaseID","CreatedDate","CreatedUUID","JsonExtendedData","ModifiedDate","ModifiedUUID") 
VALUES(97,TRUE,28,60,'02/25/2017 13:00:45.712401',E'DTFVEHFBRCQXXKELMM',NULL,'01/19/2017 07:12:11.771933',E'QRAVPTCLPWTNR');
INSERT INTO "public"."TestResult"("ID","Active","BatchID","CaseID","CreatedDate","CreatedUUID","JsonExtendedData","ModifiedDate","ModifiedUUID") 
VALUES(98,TRUE,72,22,'02/13/2017 05:08:20.369430',E'GUILFLBSMPNRYXZ',NULL,'02/07/2017 18:06:17.748936',E'CXWHGOWMNYKHTYD');
INSERT INTO "public"."TestResult"("ID","Active","BatchID","CaseID","CreatedDate","CreatedUUID","JsonExtendedData","ModifiedDate","ModifiedUUID") 
VALUES(99,TRUE,35,62,'03/18/2017 04:35:16.832626',E'GEOOU',NULL,'02/16/2017 20:20:52.946365',E'ROSWFRZUIFTCIBVPBZV');
INSERT INTO "public"."TestResult"("ID","Active","BatchID","CaseID","CreatedDate","CreatedUUID","JsonExtendedData","ModifiedDate","ModifiedUUID") 
VALUES(100,TRUE,71,98,'01/31/2017 11:49:02.866249',E'QGGXCVWGCKU',NULL,'02/11/2017 11:44:09.187178',E'MZJQMQPUE');
COMMIT;

/* Generating data for table public.Label... */
INSERT INTO "public"."Label"("ID","Active","BarcodeFormDefinition","CreatedDate","CreatedUUID","JsonExtendedData","LabelName","LabelType","ModifiedDate","ModifiedUUID") 
VALUES(1,FALSE,E'GOLOXSTLMGTJLQDFZNRELIMTA','01/24/2017 03:27:51.424028',E'LXUDWIJOFZGGALLVOGTDM',NULL,E'WEUPMDZFKBRJWFTGXD',-1288576566,'02/17/2017 11:06:36.506956',E'DNUGGZFWHO');
INSERT INTO "public"."Label"("ID","Active","BarcodeFormDefinition","CreatedDate","CreatedUUID","JsonExtendedData","LabelName","LabelType","ModifiedDate","ModifiedUUID") 
VALUES(2,FALSE,E'OXWITHJI','02/15/2017 12:11:12.166574',E'GSXGCNLFTHMXBFOQWZTOUH',NULL,E'FJNHBTMTGSWRCI',-1881231608,'01/28/2017 10:32:02.957848',E'GOBUVMVIGZEQACU');
INSERT INTO "public"."Label"("ID","Active","BarcodeFormDefinition","CreatedDate","CreatedUUID","JsonExtendedData","LabelName","LabelType","ModifiedDate","ModifiedUUID") 
VALUES(3,TRUE,E'OWSILKNQZLN','02/21/2017 05:33:56.059752',E'EDCQQKOXIYHAVVJCHOKQDEC',NULL,E'OCRWOUDUB',1689599578,'01/27/2017 10:26:18.361681',E'OVXWLUVYAPTF');
INSERT INTO "public"."Label"("ID","Active","BarcodeFormDefinition","CreatedDate","CreatedUUID","JsonExtendedData","LabelName","LabelType","ModifiedDate","ModifiedUUID") 
VALUES(4,FALSE,E'OXHCLZVSJOIX','02/06/2017 23:11:38.971395',E'JUZNVGVDUYILHDAPXO',NULL,E'UBVOBZUJHRIEGOOJGKQWLPAPE',-1223623676,'02/06/2017 04:37:15.652135',E'LBAOAVCWPFRYVQBZOIHMITZH');
INSERT INTO "public"."Label"("ID","Active","BarcodeFormDefinition","CreatedDate","CreatedUUID","JsonExtendedData","LabelName","LabelType","ModifiedDate","ModifiedUUID") 
VALUES(5,FALSE,E'ZLIWXKLEDNLJUSXMHZ','01/30/2017 16:20:26.053239',E'MRAOODAXQXXFKSEAL',NULL,E'TQONNYNMMTNLTWVCOPEZ',-1139702054,'02/25/2017 01:26:44.349583',E'BTTOPWKOA');
INSERT INTO "public"."Label"("ID","Active","BarcodeFormDefinition","CreatedDate","CreatedUUID","JsonExtendedData","LabelName","LabelType","ModifiedDate","ModifiedUUID") 
VALUES(6,FALSE,E'ESHZSWXDBYUODVOJEWDY','02/28/2017 08:58:22.473804',E'LQFTIXLNTFGSAFMJXZGYF',NULL,E'HMJACRCBYNO',581726468,'01/28/2017 06:25:22.741681',E'DFPMMTYURWIPCKTRKJZ');
INSERT INTO "public"."Label"("ID","Active","BarcodeFormDefinition","CreatedDate","CreatedUUID","JsonExtendedData","LabelName","LabelType","ModifiedDate","ModifiedUUID") 
VALUES(7,FALSE,E'LTWQUSJLLWHEJTILJXU','03/09/2017 17:38:50.543105',E'OJAYFFOOIHDBUVRMGDJSGY',NULL,E'VOGQHNCIQPIGHQEYIYHNKOZLS',1731203338,'02/23/2017 20:33:43.689006',E'LYGIVCEZLGVFOQ');
INSERT INTO "public"."Label"("ID","Active","BarcodeFormDefinition","CreatedDate","CreatedUUID","JsonExtendedData","LabelName","LabelType","ModifiedDate","ModifiedUUID") 
VALUES(8,TRUE,E'IHANZTQDFMQCHFXAMCXXRGHAM','03/12/2017 01:21:35.886929',E'QOEQOWGKLZUHYNXQWYVX',NULL,E'HECNTZ',-2068898278,'02/08/2017 00:16:39.092209',E'KUNCUSRJUUB');
INSERT INTO "public"."Label"("ID","Active","BarcodeFormDefinition","CreatedDate","CreatedUUID","JsonExtendedData","LabelName","LabelType","ModifiedDate","ModifiedUUID") 
VALUES(9,FALSE,E'FANGOWGBFWRRJGAYYS','02/24/2017 22:16:14.227053',E'VTJTKCVDWG',NULL,E'RQUDDRAVJMKXGPZIS',81870684,'03/05/2017 15:19:24.651014',E'KEWPPXCMUNP');
INSERT INTO "public"."Label"("ID","Active","BarcodeFormDefinition","CreatedDate","CreatedUUID","JsonExtendedData","LabelName","LabelType","ModifiedDate","ModifiedUUID") 
VALUES(10,FALSE,E'ULQJPZ','03/07/2017 10:30:45.515019',E'FQKCRUXYKXOOVWFUEU',NULL,E'EVXYNR',1611068714,'02/22/2017 09:21:21.580375',E'CZULQTQMAC');
INSERT INTO "public"."Label"("ID","Active","BarcodeFormDefinition","CreatedDate","CreatedUUID","JsonExtendedData","LabelName","LabelType","ModifiedDate","ModifiedUUID") 
VALUES(11,FALSE,E'HELEVROGRRMRIVKXNVKSQN','02/13/2017 02:52:27.146912',E'ORYQJDLZLNXISOWPDHWD',NULL,E'JHZYACLAI',1758071628,'03/05/2017 10:11:18.387442',E'KXLJITIYBTFYE');
INSERT INTO "public"."Label"("ID","Active","BarcodeFormDefinition","CreatedDate","CreatedUUID","JsonExtendedData","LabelName","LabelType","ModifiedDate","ModifiedUUID") 
VALUES(12,TRUE,E'LDMFMBURPBLJCGBQPJIBXRBP','01/24/2017 01:07:21.564395',E'BUZDNAQQDWYUXW',NULL,E'RGGESQCJHNIESTJZM',-1465114118,'01/23/2017 11:53:25.472292',E'PPFWOSVIPP');
INSERT INTO "public"."Label"("ID","Active","BarcodeFormDefinition","CreatedDate","CreatedUUID","JsonExtendedData","LabelName","LabelType","ModifiedDate","ModifiedUUID") 
VALUES(13,FALSE,E'OCPZR','02/04/2017 11:13:49.943801',E'AFVXDPXQLREHB',NULL,E'JIPSELAMARXLTKPCICLYZRFOZ',-1125467918,'01/25/2017 04:43:19.896128',E'YZQQM');
INSERT INTO "public"."Label"("ID","Active","BarcodeFormDefinition","CreatedDate","CreatedUUID","JsonExtendedData","LabelName","LabelType","ModifiedDate","ModifiedUUID") 
VALUES(14,TRUE,E'BJPAZEIZNGVTRPF','03/05/2017 02:26:39.990189',E'AKMXGKOYY',NULL,E'KZYMJLKQLIXI',-703318244,'03/15/2017 16:08:07.281262',E'EZTWCITOOAZCRXRDWEOVT');
INSERT INTO "public"."Label"("ID","Active","BarcodeFormDefinition","CreatedDate","CreatedUUID","JsonExtendedData","LabelName","LabelType","ModifiedDate","ModifiedUUID") 
VALUES(15,TRUE,E'LWMBJCJECQG','02/23/2017 18:28:45.293302',E'XKDOPIOWOTCVOIUG',NULL,E'IPRPGBJZDBOOFNOGJCYQNDEM',-919717014,'02/21/2017 15:44:20.032617',E'YYABV');
INSERT INTO "public"."Label"("ID","Active","BarcodeFormDefinition","CreatedDate","CreatedUUID","JsonExtendedData","LabelName","LabelType","ModifiedDate","ModifiedUUID") 
VALUES(16,FALSE,E'XXCHYOZJFJDS','02/03/2017 14:57:05.002160',E'XOVIDY',NULL,E'DTNWTXDJKQOVYOC',-96546386,'02/27/2017 00:41:23.323494',E'WDXUIGKPX');
INSERT INTO "public"."Label"("ID","Active","BarcodeFormDefinition","CreatedDate","CreatedUUID","JsonExtendedData","LabelName","LabelType","ModifiedDate","ModifiedUUID") 
VALUES(17,FALSE,E'KYEHUIDGWICUT','02/16/2017 09:29:49.454477',E'JZDRHNHCXHNDCY',NULL,E'OTGYFFPJ',842544436,'01/30/2017 08:58:01.357500',E'LWXHPUMNIELWKJLU');
INSERT INTO "public"."Label"("ID","Active","BarcodeFormDefinition","CreatedDate","CreatedUUID","JsonExtendedData","LabelName","LabelType","ModifiedDate","ModifiedUUID") 
VALUES(18,FALSE,E'LFOCXUDOEBLFZIVOXPJRVPS','01/18/2017 00:28:26.323217',E'FJCEHT',NULL,E'OLRTSOQQPIAYMS',137184340,'03/10/2017 23:58:26.018578',E'GWEUENBPGOIDISYT');
INSERT INTO "public"."Label"("ID","Active","BarcodeFormDefinition","CreatedDate","CreatedUUID","JsonExtendedData","LabelName","LabelType","ModifiedDate","ModifiedUUID") 
VALUES(19,FALSE,E'ZNNXUHNJGCDED','02/19/2017 21:22:43.164160',E'RMRZRROFTXZBIEDRXZGQIA',NULL,E'KFIUKWXRRGGKYNRSXCKDKVR',-740217692,'02/08/2017 12:34:35.139670',E'MHTPZKBUMWGKBNAMBRBVZWXXC');
INSERT INTO "public"."Label"("ID","Active","BarcodeFormDefinition","CreatedDate","CreatedUUID","JsonExtendedData","LabelName","LabelType","ModifiedDate","ModifiedUUID") 
VALUES(20,TRUE,E'UHYPAANQRMEJ','03/10/2017 23:05:45.067981',E'JEZMWMKCANXJ',NULL,E'VYLTHGMMTQAGLYNUYVPV',1681518080,'02/08/2017 13:49:47.442564',E'DBISUDMLHLWVPPCIBOURF');
INSERT INTO "public"."Label"("ID","Active","BarcodeFormDefinition","CreatedDate","CreatedUUID","JsonExtendedData","LabelName","LabelType","ModifiedDate","ModifiedUUID") 
VALUES(21,TRUE,E'UEGURXOMKWAJSMZ','02/13/2017 16:50:21.807246',E'YDLXOIWUTUKSZEIREWJBXM',NULL,E'KSLQFNL',389592846,'02/04/2017 21:18:07.324710',E'TAEUPJOYVUFGFTIFNBRPWS');
INSERT INTO "public"."Label"("ID","Active","BarcodeFormDefinition","CreatedDate","CreatedUUID","JsonExtendedData","LabelName","LabelType","ModifiedDate","ModifiedUUID") 
VALUES(22,FALSE,E'KXNVYPZYIMLYGXVUQ','02/12/2017 02:37:37.870130',E'GENRHBWPFQKJNGEH',NULL,E'LNRUXNGRAQFVGLFWEOAJOHFP',-1938143822,'02/03/2017 13:32:24.681118',E'WZKALOAEICQKMCFVVDXPC');
INSERT INTO "public"."Label"("ID","Active","BarcodeFormDefinition","CreatedDate","CreatedUUID","JsonExtendedData","LabelName","LabelType","ModifiedDate","ModifiedUUID") 
VALUES(23,TRUE,E'TQMFGWFETDAKZG','03/04/2017 11:54:47.002729',E'WWOLGPIRRMHAORR',NULL,E'TRAEY',-1351241852,'02/16/2017 21:16:25.343974',E'ICMSWLOUY');
INSERT INTO "public"."Label"("ID","Active","BarcodeFormDefinition","CreatedDate","CreatedUUID","JsonExtendedData","LabelName","LabelType","ModifiedDate","ModifiedUUID") 
VALUES(24,TRUE,E'SNEHGT','03/06/2017 12:38:25.073271',E'GNDBLKU',NULL,E'XYTGSBNRBOMKJ',1465260914,'02/12/2017 11:13:14.353621',E'VLQAOHYKCIKPHGD');
INSERT INTO "public"."Label"("ID","Active","BarcodeFormDefinition","CreatedDate","CreatedUUID","JsonExtendedData","LabelName","LabelType","ModifiedDate","ModifiedUUID") 
VALUES(25,FALSE,E'XHELGICUG','02/02/2017 15:36:42.333082',E'BVZWXHMPFWXVIDLFSDRHOZJQX',NULL,E'TDGPO',-702265392,'03/13/2017 10:12:59.210878',E'NNEZDPFET');
INSERT INTO "public"."Label"("ID","Active","BarcodeFormDefinition","CreatedDate","CreatedUUID","JsonExtendedData","LabelName","LabelType","ModifiedDate","ModifiedUUID") 
VALUES(26,FALSE,E'JELLFPFSZ','01/20/2017 05:55:45.366120',E'YHMZMTXNKHBDJPVIXNTLXZXNV',NULL,E'ZWCAGEAZCCRNH',-404302626,'01/29/2017 21:43:36.651358',E'NROZVXNAZTG');
INSERT INTO "public"."Label"("ID","Active","BarcodeFormDefinition","CreatedDate","CreatedUUID","JsonExtendedData","LabelName","LabelType","ModifiedDate","ModifiedUUID") 
VALUES(27,FALSE,E'DHNYLRNFPLYJAOVXMDMYJL','03/15/2017 10:01:10.744412',E'BDMJXAVACPZHQ',NULL,E'NIYFIY',-475959268,'03/13/2017 05:04:28.629551',E'CTTBZ');
INSERT INTO "public"."Label"("ID","Active","BarcodeFormDefinition","CreatedDate","CreatedUUID","JsonExtendedData","LabelName","LabelType","ModifiedDate","ModifiedUUID") 
VALUES(28,FALSE,E'JIAGVFROWPNEWBXGTSXRXEFAX','01/20/2017 14:38:06.883704',E'JERZA',NULL,E'UHCXBAZVNCFZDKKN',2076668252,'01/31/2017 02:23:50.793639',E'AQNOLRNK');
INSERT INTO "public"."Label"("ID","Active","BarcodeFormDefinition","CreatedDate","CreatedUUID","JsonExtendedData","LabelName","LabelType","ModifiedDate","ModifiedUUID") 
VALUES(29,TRUE,E'UOERGPGQHBLKIT','03/02/2017 10:42:49.124290',E'TIWZEHWB',NULL,E'ATVFMYV',1659097126,'02/26/2017 07:11:04.972246',E'KBOBHCKR');
INSERT INTO "public"."Label"("ID","Active","BarcodeFormDefinition","CreatedDate","CreatedUUID","JsonExtendedData","LabelName","LabelType","ModifiedDate","ModifiedUUID") 
VALUES(30,FALSE,E'ATBSODAVUYEAHUVG','01/31/2017 23:39:22.275232',E'SSUNAELCJORXECURB',NULL,E'HHHMPHEUULGNKJBABHYBCF',1517740840,'03/01/2017 04:07:27.807797',E'RYIULWXSJG');
INSERT INTO "public"."Label"("ID","Active","BarcodeFormDefinition","CreatedDate","CreatedUUID","JsonExtendedData","LabelName","LabelType","ModifiedDate","ModifiedUUID") 
VALUES(31,TRUE,E'GOFHXWMP','03/18/2017 10:02:06.716141',E'QUNZINRVNXQZCRADEI',NULL,E'WFVAOTITPZZOXOVXQG',859555620,'02/10/2017 01:55:23.731949',E'LALVKZPYBDIO');
INSERT INTO "public"."Label"("ID","Active","BarcodeFormDefinition","CreatedDate","CreatedUUID","JsonExtendedData","LabelName","LabelType","ModifiedDate","ModifiedUUID") 
VALUES(32,FALSE,E'NABDXOIYKDAJHTBCEJYI','03/03/2017 15:14:42.595848',E'GYHUFQVRWKE',NULL,E'JKUNMAPAUVXPAJSVEZBTDN',-1718654870,'03/16/2017 09:06:11.166777',E'XUZHRSBVHYNVFXRIU');
INSERT INTO "public"."Label"("ID","Active","BarcodeFormDefinition","CreatedDate","CreatedUUID","JsonExtendedData","LabelName","LabelType","ModifiedDate","ModifiedUUID") 
VALUES(33,TRUE,E'SXGCOKG','02/05/2017 03:20:51.377687',E'VLCUPMJVIMKZVHXAHYK',NULL,E'KIOSRLL',-1777331134,'02/04/2017 02:48:14.958416',E'MUBXBCNBYVJKQUFAHV');
INSERT INTO "public"."Label"("ID","Active","BarcodeFormDefinition","CreatedDate","CreatedUUID","JsonExtendedData","LabelName","LabelType","ModifiedDate","ModifiedUUID") 
VALUES(34,TRUE,E'KCSRWIAKGMPPKQAZS','02/06/2017 11:08:54.284685',E'KSDCWMM',NULL,E'DDISCZBVXYHQRSWBWV',-106822562,'02/17/2017 11:29:30.138854',E'UWFECUMBJYWFRMUVMBJJQYUL');
INSERT INTO "public"."Label"("ID","Active","BarcodeFormDefinition","CreatedDate","CreatedUUID","JsonExtendedData","LabelName","LabelType","ModifiedDate","ModifiedUUID") 
VALUES(35,FALSE,E'TVHXQC','02/28/2017 06:11:42.806459',E'KIZZIYLHXUZLMPAORCCN',NULL,E'YJDMFBUTSNQ',-70453836,'03/13/2017 12:30:32.912296',E'JMBFJMDSRWMGH');
INSERT INTO "public"."Label"("ID","Active","BarcodeFormDefinition","CreatedDate","CreatedUUID","JsonExtendedData","LabelName","LabelType","ModifiedDate","ModifiedUUID") 
VALUES(36,TRUE,E'YZEMRXHRJTEPNAKRMTFRO','01/23/2017 23:21:23.653081',E'JUOLXUBRWGTIYSWTAAEITEUNI',NULL,E'ZUJOIHXQIOTHDURMNQCUPN',1293368298,'03/04/2017 00:37:43.439715',E'XGSWGYLFJCS');
INSERT INTO "public"."Label"("ID","Active","BarcodeFormDefinition","CreatedDate","CreatedUUID","JsonExtendedData","LabelName","LabelType","ModifiedDate","ModifiedUUID") 
VALUES(37,TRUE,E'HEFONIJOHVCYPIS','01/20/2017 11:49:33.946981',E'THZYZE',NULL,E'YOFUUDXRLTMV',811526358,'03/16/2017 22:51:51.713370',E'ZHUZAHDBMICCGNZTXB');
INSERT INTO "public"."Label"("ID","Active","BarcodeFormDefinition","CreatedDate","CreatedUUID","JsonExtendedData","LabelName","LabelType","ModifiedDate","ModifiedUUID") 
VALUES(38,TRUE,E'VXHUOKHACTSNKA','03/04/2017 01:35:29.836939',E'ECWGSRLE',NULL,E'IXCGFPNNQGEKCWFUZHFVOSB',-1492610032,'03/06/2017 15:49:07.169694',E'JECQIRMAWBYWFRNMKMNZI');
INSERT INTO "public"."Label"("ID","Active","BarcodeFormDefinition","CreatedDate","CreatedUUID","JsonExtendedData","LabelName","LabelType","ModifiedDate","ModifiedUUID") 
VALUES(39,TRUE,E'BPYHMGPDWNGA','01/25/2017 15:48:25.998465',E'IONKMMO',NULL,E'GBKPCLXGVRHMSZYEBUL',607173236,'02/01/2017 19:02:08.030597',E'BTMQXYVFJDIHRBGAKBHC');
INSERT INTO "public"."Label"("ID","Active","BarcodeFormDefinition","CreatedDate","CreatedUUID","JsonExtendedData","LabelName","LabelType","ModifiedDate","ModifiedUUID") 
VALUES(40,FALSE,E'IAKMB','03/12/2017 00:15:15.388041',E'HJZLYDQEYOKMM',NULL,E'QRAAIKLQNSNUBJ',-81696286,'02/19/2017 22:44:44.686021',E'MZAANGXZEOX');
INSERT INTO "public"."Label"("ID","Active","BarcodeFormDefinition","CreatedDate","CreatedUUID","JsonExtendedData","LabelName","LabelType","ModifiedDate","ModifiedUUID") 
VALUES(41,FALSE,E'SCUBFKQWMDBF','03/14/2017 04:42:23.505644',E'XLFRPWJXAYDRAGDGHZLEVEHMR',NULL,E'THDBFYAQHYVVNFUVYLXPBRD',1320072084,'01/25/2017 14:00:57.365512',E'RMXDLNDNJXEMOPGBFC');
INSERT INTO "public"."Label"("ID","Active","BarcodeFormDefinition","CreatedDate","CreatedUUID","JsonExtendedData","LabelName","LabelType","ModifiedDate","ModifiedUUID") 
VALUES(42,TRUE,E'NEVNUQZFPZMGCY','02/19/2017 07:07:40.243687',E'KWOWLPCFGNNLNOYCHLG',NULL,E'QQMMNZS',-1349508210,'01/31/2017 02:34:35.073959',E'XBTQDKTKDKFJPIDVJRQD');
INSERT INTO "public"."Label"("ID","Active","BarcodeFormDefinition","CreatedDate","CreatedUUID","JsonExtendedData","LabelName","LabelType","ModifiedDate","ModifiedUUID") 
VALUES(43,FALSE,E'ODTHBAC','02/17/2017 12:44:27.657947',E'HZIZUKDJVBOHP',NULL,E'VDCJFPWEFORNPUOKEUNTWWH',537810950,'03/05/2017 06:50:39.022625',E'UZBYZNAWGUAJWPMGG');
INSERT INTO "public"."Label"("ID","Active","BarcodeFormDefinition","CreatedDate","CreatedUUID","JsonExtendedData","LabelName","LabelType","ModifiedDate","ModifiedUUID") 
VALUES(44,TRUE,E'ZPZCNQHNSGHGJXTAQHHAQ','02/01/2017 23:05:56.200052',E'ZRDJZRIQ',NULL,E'CWGKETTUWRQUZBJ',-1917500414,'02/28/2017 11:29:50.168150',E'NJLSBDCFF');
INSERT INTO "public"."Label"("ID","Active","BarcodeFormDefinition","CreatedDate","CreatedUUID","JsonExtendedData","LabelName","LabelType","ModifiedDate","ModifiedUUID") 
VALUES(45,TRUE,E'TBMBAHTSGKHSS','03/01/2017 01:59:20.601967',E'PIYUTJCPOEW',NULL,E'HNQZSBDHTXQYWBFQK',2005132884,'01/30/2017 06:25:56.497295',E'XFTUWUJD');
INSERT INTO "public"."Label"("ID","Active","BarcodeFormDefinition","CreatedDate","CreatedUUID","JsonExtendedData","LabelName","LabelType","ModifiedDate","ModifiedUUID") 
VALUES(46,TRUE,E'FLIKRORZXQDZSEEUDAWSIXF','03/16/2017 19:15:41.360857',E'KONGONPYVMHYXX',NULL,E'RNHGZBV',1955009470,'03/01/2017 21:57:36.135434',E'PERWUJZUMNHRSY');
INSERT INTO "public"."Label"("ID","Active","BarcodeFormDefinition","CreatedDate","CreatedUUID","JsonExtendedData","LabelName","LabelType","ModifiedDate","ModifiedUUID") 
VALUES(47,FALSE,E'ENRPQGBPFFRZGPQVMNYD','03/02/2017 12:24:57.143443',E'XTJRIBJGYWPOBJULFZ',NULL,E'TSXPHLZI',1344379996,'02/10/2017 07:10:15.074757',E'TSAAFBE');
INSERT INTO "public"."Label"("ID","Active","BarcodeFormDefinition","CreatedDate","CreatedUUID","JsonExtendedData","LabelName","LabelType","ModifiedDate","ModifiedUUID") 
VALUES(48,TRUE,E'CIISNBXRMV','02/27/2017 23:16:26.003804',E'JCXBP',NULL,E'UDURYTOUEFYPNE',-828324156,'02/13/2017 02:28:15.041227',E'ZGISQG');
INSERT INTO "public"."Label"("ID","Active","BarcodeFormDefinition","CreatedDate","CreatedUUID","JsonExtendedData","LabelName","LabelType","ModifiedDate","ModifiedUUID") 
VALUES(49,TRUE,E'KDXFUGNOPDQ','02/26/2017 01:48:21.853494',E'KGRWNIDRUSACXNZWGZSZVO',NULL,E'RCQTAOTVZZLGELFMHFZY',-1655073232,'03/14/2017 01:35:27.309795',E'PJYRIBWLVVCF');
INSERT INTO "public"."Label"("ID","Active","BarcodeFormDefinition","CreatedDate","CreatedUUID","JsonExtendedData","LabelName","LabelType","ModifiedDate","ModifiedUUID") 
VALUES(50,TRUE,E'RDNJMTEWFBUZYXM','01/31/2017 05:30:18.332828',E'LWLTCGEUMMEXTVBZDBAE',NULL,E'IAZJWWFERIPKCWMX',1687369820,'03/08/2017 23:47:29.610431',E'MKDRGZXBPMBG');
INSERT INTO "public"."Label"("ID","Active","BarcodeFormDefinition","CreatedDate","CreatedUUID","JsonExtendedData","LabelName","LabelType","ModifiedDate","ModifiedUUID") 
VALUES(51,FALSE,E'XIHVGLLCHFQJNLJFKOYPO','03/15/2017 20:25:29.123589',E'WFAGOZDAKYSIKTTVC',NULL,E'WHLIMLPXN',-44460736,'02/19/2017 06:58:13.677633',E'CQSDTZRBDUSPISSHZHEVV');
INSERT INTO "public"."Label"("ID","Active","BarcodeFormDefinition","CreatedDate","CreatedUUID","JsonExtendedData","LabelName","LabelType","ModifiedDate","ModifiedUUID") 
VALUES(52,FALSE,E'PBWSWEUEFKLPRFWVSHKUKD','02/11/2017 09:27:39.382197',E'IRDWPQSTGTKT',NULL,E'OMIPCEUNRRYSLFVW',72736010,'02/08/2017 16:23:32.811060',E'OIOTXFLGUAGAKVLMCPFB');
INSERT INTO "public"."Label"("ID","Active","BarcodeFormDefinition","CreatedDate","CreatedUUID","JsonExtendedData","LabelName","LabelType","ModifiedDate","ModifiedUUID") 
VALUES(53,FALSE,E'VUGBMAYJIGHJSMHUFES','03/12/2017 11:27:33.395352',E'DEQHKVOQUAMXZFZ',NULL,E'MHTDTSAXIQUNKLKKBUUY',-1591541914,'03/17/2017 13:52:04.630996',E'IZEKBIKCWGHAMMN');
INSERT INTO "public"."Label"("ID","Active","BarcodeFormDefinition","CreatedDate","CreatedUUID","JsonExtendedData","LabelName","LabelType","ModifiedDate","ModifiedUUID") 
VALUES(54,TRUE,E'LOPXE','01/23/2017 19:08:23.031214',E'SCUYCLWJXVKCH',NULL,E'CXYOCPAQJVSKRUTGKXLNXZ',11375240,'01/29/2017 01:14:56.708432',E'KODZZTNWACR');
INSERT INTO "public"."Label"("ID","Active","BarcodeFormDefinition","CreatedDate","CreatedUUID","JsonExtendedData","LabelName","LabelType","ModifiedDate","ModifiedUUID") 
VALUES(55,TRUE,E'FAHXPQLXFZBBP','02/09/2017 07:50:40.573336',E'LDZDIKHPF',NULL,E'ARSUNZZQPEQLEGO',-2089852744,'02/16/2017 19:41:05.443074',E'GQJZQPIDZIBCDLAIUAJOYV');
INSERT INTO "public"."Label"("ID","Active","BarcodeFormDefinition","CreatedDate","CreatedUUID","JsonExtendedData","LabelName","LabelType","ModifiedDate","ModifiedUUID") 
VALUES(56,TRUE,E'CRTQLCBGNVIMUWBS','03/08/2017 16:50:33.274705',E'TAODBOEFSHVIXYBNIMVZ',NULL,E'ILUACNFBIMPHPNF',87478730,'02/25/2017 13:18:46.959745',E'THUXHVOECPAPFGKCBDBW');
INSERT INTO "public"."Label"("ID","Active","BarcodeFormDefinition","CreatedDate","CreatedUUID","JsonExtendedData","LabelName","LabelType","ModifiedDate","ModifiedUUID") 
VALUES(57,TRUE,E'OVLFQFNKPFDUSFVQN','02/02/2017 16:55:12.498245',E'HEQMVVOGVHEPKUZOGH',NULL,E'DXILNEGADZVLI',1376217368,'02/18/2017 10:51:21.615725',E'RUNWHNEAYSDN');
INSERT INTO "public"."Label"("ID","Active","BarcodeFormDefinition","CreatedDate","CreatedUUID","JsonExtendedData","LabelName","LabelType","ModifiedDate","ModifiedUUID") 
VALUES(58,FALSE,E'RYLDLHUHCRAAG','03/06/2017 19:19:36.432287',E'BPPVVOXEIZLDLORGDQQ',NULL,E'KARGGQQXANLYFWHZJVM',1686442592,'03/02/2017 20:08:07.000433',E'OASJBFPFUJXKJYUXTVYHWWXE');
INSERT INTO "public"."Label"("ID","Active","BarcodeFormDefinition","CreatedDate","CreatedUUID","JsonExtendedData","LabelName","LabelType","ModifiedDate","ModifiedUUID") 
VALUES(59,TRUE,E'JMZWEDBPQJZFSSUXLJRUAW','03/08/2017 08:27:16.390567',E'YMOYTUMCUTCSNGBEROQE',NULL,E'XSRUWUIKTJURYTPNB',1551487444,'02/16/2017 17:39:33.399948',E'ADWUETTEGAQPRKSBFA');
INSERT INTO "public"."Label"("ID","Active","BarcodeFormDefinition","CreatedDate","CreatedUUID","JsonExtendedData","LabelName","LabelType","ModifiedDate","ModifiedUUID") 
VALUES(60,FALSE,E'HAHSWMJQMUOUGVGQTVTKTAZG','03/13/2017 18:56:18.484561',E'GKAKWPAOKGY',NULL,E'BTVGVYXZCOACOEJKED',1103046240,'02/23/2017 11:28:15.117916',E'QNXIYUFWNOLEOFOMHSXSWMK');
INSERT INTO "public"."Label"("ID","Active","BarcodeFormDefinition","CreatedDate","CreatedUUID","JsonExtendedData","LabelName","LabelType","ModifiedDate","ModifiedUUID") 
VALUES(61,FALSE,E'VWTOJSPR','02/12/2017 15:23:30.189107',E'EJQCX',NULL,E'TKRCHXLORKHGBLMQCUUUNOEXW',1819331582,'01/31/2017 20:44:53.119282',E'GOBFIPTZK');
INSERT INTO "public"."Label"("ID","Active","BarcodeFormDefinition","CreatedDate","CreatedUUID","JsonExtendedData","LabelName","LabelType","ModifiedDate","ModifiedUUID") 
VALUES(62,TRUE,E'ITSIOVNRTVKVNSUABZOKP','01/23/2017 10:21:54.180606',E'UAQCRQAHWIC',NULL,E'OFBFYYPGWEVDHHUBTULAP',1633749494,'03/14/2017 16:53:17.739301',E'UAONGKNQFAGZAQDTDQ');
INSERT INTO "public"."Label"("ID","Active","BarcodeFormDefinition","CreatedDate","CreatedUUID","JsonExtendedData","LabelName","LabelType","ModifiedDate","ModifiedUUID") 
VALUES(63,FALSE,E'RNGNANFXROQLHEVN','03/06/2017 05:33:28.015671',E'GQOAEEOGDJYFSBCOTV',NULL,E'JQPEHGIJLPXYTHFZQAIPNJJQO',701851922,'03/10/2017 00:24:35.863533',E'USLWJBJOLYZULYRVMWKS');
INSERT INTO "public"."Label"("ID","Active","BarcodeFormDefinition","CreatedDate","CreatedUUID","JsonExtendedData","LabelName","LabelType","ModifiedDate","ModifiedUUID") 
VALUES(64,FALSE,E'GTUOEVAKFKDSTWPXWUJWDAK','02/10/2017 00:15:25.222157',E'WWPNKIFYJ',NULL,E'COJBRAHGCYUBRHNS',2045080536,'03/08/2017 20:59:10.365496',E'PBLKZBHKMFR');
INSERT INTO "public"."Label"("ID","Active","BarcodeFormDefinition","CreatedDate","CreatedUUID","JsonExtendedData","LabelName","LabelType","ModifiedDate","ModifiedUUID") 
VALUES(65,TRUE,E'ILQGXYHRCFHA','02/08/2017 21:06:06.042982',E'QCGETV',NULL,E'YWQZDOYG',-954668524,'02/09/2017 13:01:40.493814',E'MJFGEQLRSHJEDXRWO');
INSERT INTO "public"."Label"("ID","Active","BarcodeFormDefinition","CreatedDate","CreatedUUID","JsonExtendedData","LabelName","LabelType","ModifiedDate","ModifiedUUID") 
VALUES(66,TRUE,E'JZJHHYSEKHZ','02/08/2017 20:04:12.144755',E'ORNAMCXJYX',NULL,E'LMMWYEIZRYLWCUYKU',883944322,'02/18/2017 14:35:49.031986',E'OEATDKUGDVGKQSTZT');
INSERT INTO "public"."Label"("ID","Active","BarcodeFormDefinition","CreatedDate","CreatedUUID","JsonExtendedData","LabelName","LabelType","ModifiedDate","ModifiedUUID") 
VALUES(67,TRUE,E'DZLWVUQJ','02/16/2017 13:58:10.650865',E'QTJKIXDUS',NULL,E'UXIOPNBHBHUPZFTSXQPPKKV',160366714,'03/03/2017 00:10:10.753251',E'DUIDTH');
INSERT INTO "public"."Label"("ID","Active","BarcodeFormDefinition","CreatedDate","CreatedUUID","JsonExtendedData","LabelName","LabelType","ModifiedDate","ModifiedUUID") 
VALUES(68,TRUE,E'ZMGXEVHVSQE','03/06/2017 13:57:44.369728',E'FEOPUDYOIWNDRUJO',NULL,E'UZMPSIRHBXHYXVILPNZJMCSK',-1956081628,'03/17/2017 11:47:49.968593',E'LONBHBN');
INSERT INTO "public"."Label"("ID","Active","BarcodeFormDefinition","CreatedDate","CreatedUUID","JsonExtendedData","LabelName","LabelType","ModifiedDate","ModifiedUUID") 
VALUES(69,TRUE,E'GFFDZDJTEBT','02/12/2017 05:22:21.525752',E'LKNNBPTCXDIFXBGIIJ',NULL,E'NCYLISOUB',2110730580,'02/09/2017 20:16:52.800408',E'QXPYMOPUQUFEKPGKEMFFB');
INSERT INTO "public"."Label"("ID","Active","BarcodeFormDefinition","CreatedDate","CreatedUUID","JsonExtendedData","LabelName","LabelType","ModifiedDate","ModifiedUUID") 
VALUES(70,FALSE,E'DVGJSOY','03/02/2017 08:54:48.982852',E'ATJYRDVYGIUQRGFPFCRZF',NULL,E'SEQMFKZZJGGCREJVALLMKMJ',-1380973574,'02/25/2017 21:37:43.971039',E'BPIXGNUGRKKTMGPDAA');
INSERT INTO "public"."Label"("ID","Active","BarcodeFormDefinition","CreatedDate","CreatedUUID","JsonExtendedData","LabelName","LabelType","ModifiedDate","ModifiedUUID") 
VALUES(71,TRUE,E'EJVQUSSU','03/04/2017 16:31:06.707576',E'WAEMSVDTZC',NULL,E'JYCEVNWVRFMDPZPI',-19584636,'01/19/2017 21:28:20.055528',E'GFCSLL');
INSERT INTO "public"."Label"("ID","Active","BarcodeFormDefinition","CreatedDate","CreatedUUID","JsonExtendedData","LabelName","LabelType","ModifiedDate","ModifiedUUID") 
VALUES(72,FALSE,E'PNLPMRPLAPKESTOCZFCOX','03/07/2017 09:00:34.151877',E'WQAIHFZE',NULL,E'ZULCLXSDQGEFGWICOASHGIZLF',1553521192,'03/08/2017 21:42:03.887345',E'MSKJRE');
INSERT INTO "public"."Label"("ID","Active","BarcodeFormDefinition","CreatedDate","CreatedUUID","JsonExtendedData","LabelName","LabelType","ModifiedDate","ModifiedUUID") 
VALUES(73,FALSE,E'FGBFNDUUICPQQO','03/17/2017 02:35:47.370153',E'NFCBH',NULL,E'PHHPAHYJ',924510524,'01/24/2017 11:33:11.004361',E'KUHUUPHESBPNGARUCUR');
INSERT INTO "public"."Label"("ID","Active","BarcodeFormDefinition","CreatedDate","CreatedUUID","JsonExtendedData","LabelName","LabelType","ModifiedDate","ModifiedUUID") 
VALUES(74,FALSE,E'ARZCBIYBODIC','02/18/2017 08:27:54.431311',E'ACHUOJZSCKU',NULL,E'HQJDSYZIIIZF',-943276018,'01/27/2017 19:51:01.075175',E'PFTJMLLUZKBZUEXYU');
INSERT INTO "public"."Label"("ID","Active","BarcodeFormDefinition","CreatedDate","CreatedUUID","JsonExtendedData","LabelName","LabelType","ModifiedDate","ModifiedUUID") 
VALUES(75,FALSE,E'DGZMOPMHKZXYSW','01/24/2017 15:34:01.840028',E'EHYZL',NULL,E'TAJOYVLRZHD',-915735566,'01/23/2017 22:47:22.429825',E'RPPYHFBYBFMPT');
INSERT INTO "public"."Label"("ID","Active","BarcodeFormDefinition","CreatedDate","CreatedUUID","JsonExtendedData","LabelName","LabelType","ModifiedDate","ModifiedUUID") 
VALUES(76,FALSE,E'PJUBJYEXFIWKEFAPZAX','02/16/2017 14:51:48.724942',E'ZWEARMAKCCTAOMA',NULL,E'TGFRCJKNNKD',-1899826554,'02/11/2017 11:00:42.433684',E'AUSXIFBQVQKDIRZNWH');
INSERT INTO "public"."Label"("ID","Active","BarcodeFormDefinition","CreatedDate","CreatedUUID","JsonExtendedData","LabelName","LabelType","ModifiedDate","ModifiedUUID") 
VALUES(77,FALSE,E'USKWQZWYLIVQVOGMQ','02/02/2017 00:22:59.729473',E'MCCTVCXDLQIDMLSWRYH',NULL,E'GJBZRATWQ',-1598012676,'03/10/2017 22:14:19.439209',E'CIKXZMHKLTJPB');
INSERT INTO "public"."Label"("ID","Active","BarcodeFormDefinition","CreatedDate","CreatedUUID","JsonExtendedData","LabelName","LabelType","ModifiedDate","ModifiedUUID") 
VALUES(78,TRUE,E'AICEOIHHPDBSGYXOXMLKCVFH','03/01/2017 13:02:23.446823',E'CIIAZWGTXEMJXPG',NULL,E'VNSHALECDQ',-1368539344,'03/18/2017 23:06:35.902168',E'OIWTROFTSMKEPSJXSJNREZM');
INSERT INTO "public"."Label"("ID","Active","BarcodeFormDefinition","CreatedDate","CreatedUUID","JsonExtendedData","LabelName","LabelType","ModifiedDate","ModifiedUUID") 
VALUES(79,TRUE,E'SZNDYPEE','02/04/2017 17:25:18.120391',E'IAHLANOHPVLJFHIJ',NULL,E'QGDTCKFSAVYSKJJMHYJBC',-1490878432,'01/30/2017 00:52:42.574860',E'DPVBXOGMQVQHG');
INSERT INTO "public"."Label"("ID","Active","BarcodeFormDefinition","CreatedDate","CreatedUUID","JsonExtendedData","LabelName","LabelType","ModifiedDate","ModifiedUUID") 
VALUES(80,TRUE,E'AYVPNVWKQMNILKAM','02/03/2017 18:22:45.160008',E'QGJFQRYYTZYPRIGUNZ',NULL,E'WGUVT',-354596622,'02/01/2017 02:55:04.197846',E'LSXTSQRX');
INSERT INTO "public"."Label"("ID","Active","BarcodeFormDefinition","CreatedDate","CreatedUUID","JsonExtendedData","LabelName","LabelType","ModifiedDate","ModifiedUUID") 
VALUES(81,TRUE,E'GJBKCTANDVURBZZAJFJ','03/13/2017 10:44:09.843908',E'CLSUVQTTENOGIAWKSYZQ',NULL,E'NFINDT',1709194924,'01/26/2017 14:02:05.431385',E'PSHWLZOQ');
INSERT INTO "public"."Label"("ID","Active","BarcodeFormDefinition","CreatedDate","CreatedUUID","JsonExtendedData","LabelName","LabelType","ModifiedDate","ModifiedUUID") 
VALUES(82,TRUE,E'OJRNVMEVQYEWDFKUEMEI','03/02/2017 04:08:08.621685',E'MXYVESX',NULL,E'DQBRNBYMSBM',1697842202,'01/27/2017 00:08:34.183932',E'POMVZ');
INSERT INTO "public"."Label"("ID","Active","BarcodeFormDefinition","CreatedDate","CreatedUUID","JsonExtendedData","LabelName","LabelType","ModifiedDate","ModifiedUUID") 
VALUES(83,FALSE,E'BONGOL','03/05/2017 12:05:36.382327',E'CJQMRWIBFHMQKKNVIBYMVSNXK',NULL,E'LKJUGZGOWOUAFMRBBFWRBS',-128795516,'02/22/2017 13:03:42.593548',E'ZYJVRFQRPTMXMIUKBJ');
INSERT INTO "public"."Label"("ID","Active","BarcodeFormDefinition","CreatedDate","CreatedUUID","JsonExtendedData","LabelName","LabelType","ModifiedDate","ModifiedUUID") 
VALUES(84,FALSE,E'BMWMHCFNMICGQIUPJ','03/06/2017 00:28:54.486675',E'WGKPWQPLSNUZEOITAKUBW',NULL,E'BZFHIBILQW',-2704430,'02/08/2017 21:48:29.916333',E'LFPSQGEMKQEQDPJ');
INSERT INTO "public"."Label"("ID","Active","BarcodeFormDefinition","CreatedDate","CreatedUUID","JsonExtendedData","LabelName","LabelType","ModifiedDate","ModifiedUUID") 
VALUES(85,FALSE,E'HUWXKTUAOPFBOXBLOVJN','01/26/2017 14:29:08.200971',E'MWNOJDAPQAWLWHFKZMFSVIGF',NULL,E'RRPXQCDKS',1791302030,'01/19/2017 14:24:31.396297',E'RCILMSNBKW');
INSERT INTO "public"."Label"("ID","Active","BarcodeFormDefinition","CreatedDate","CreatedUUID","JsonExtendedData","LabelName","LabelType","ModifiedDate","ModifiedUUID") 
VALUES(86,TRUE,E'TTCDYIAMQYBOYAOMJA','02/27/2017 02:23:36.420685',E'RPVMJZZ',NULL,E'PSUFHCCJJNCKKG',-1307495924,'01/18/2017 03:01:34.826304',E'WUCGGLKZWGOO');
INSERT INTO "public"."Label"("ID","Active","BarcodeFormDefinition","CreatedDate","CreatedUUID","JsonExtendedData","LabelName","LabelType","ModifiedDate","ModifiedUUID") 
VALUES(87,TRUE,E'KYSPABSYUZQTZKJNTZQI','02/23/2017 10:42:15.276202',E'QAGLIB',NULL,E'WUZCQPDRUMDOM',-2031301758,'03/05/2017 09:24:17.847273',E'OOPITRZBWFMGCKBOUWSLVSAU');
INSERT INTO "public"."Label"("ID","Active","BarcodeFormDefinition","CreatedDate","CreatedUUID","JsonExtendedData","LabelName","LabelType","ModifiedDate","ModifiedUUID") 
VALUES(88,FALSE,E'YZGGRQ','03/17/2017 14:26:58.266195',E'YDPLAWURMIUCJFTMIGTT',NULL,E'YSMNTHLLDHZZDSLJIF',606390106,'01/28/2017 02:44:20.632304',E'LHZOMEOWSFTMZGIJWQQHR');
INSERT INTO "public"."Label"("ID","Active","BarcodeFormDefinition","CreatedDate","CreatedUUID","JsonExtendedData","LabelName","LabelType","ModifiedDate","ModifiedUUID") 
VALUES(89,FALSE,E'QHQXLUWZSBJ','02/18/2017 19:06:16.623865',E'MLSDNPJBFB',NULL,E'FBAVHLRJUTARSOXYCBIBZ',-358860314,'03/11/2017 12:08:58.201434',E'FGGTGDXNUSVXNBB');
INSERT INTO "public"."Label"("ID","Active","BarcodeFormDefinition","CreatedDate","CreatedUUID","JsonExtendedData","LabelName","LabelType","ModifiedDate","ModifiedUUID") 
VALUES(90,TRUE,E'HQUJASB','03/06/2017 09:10:56.649861',E'BDKPSKGHZXJSPZ',NULL,E'EREWHDGWHO',-1231199816,'02/21/2017 15:06:02.347300',E'JVKOJOHXS');
INSERT INTO "public"."Label"("ID","Active","BarcodeFormDefinition","CreatedDate","CreatedUUID","JsonExtendedData","LabelName","LabelType","ModifiedDate","ModifiedUUID") 
VALUES(91,FALSE,E'TBVYWQDLJJJQXUISASL','03/17/2017 23:30:22.971651',E'FNISUQQOGNYSCGS',NULL,E'PEYFEKLXNJIMKSFQXUEJ',377131786,'02/12/2017 14:21:28.637852',E'IYIWCA');
INSERT INTO "public"."Label"("ID","Active","BarcodeFormDefinition","CreatedDate","CreatedUUID","JsonExtendedData","LabelName","LabelType","ModifiedDate","ModifiedUUID") 
VALUES(92,FALSE,E'GXIEWSQGLXCTYOHGCPZYV','03/17/2017 00:53:22.579445',E'LOTRTAFPOWZD',NULL,E'KUHOHSNDSRDGXDRGGYA',-917781836,'02/14/2017 11:29:09.090163',E'PTGOHZOUISYABUM');
INSERT INTO "public"."Label"("ID","Active","BarcodeFormDefinition","CreatedDate","CreatedUUID","JsonExtendedData","LabelName","LabelType","ModifiedDate","ModifiedUUID") 
VALUES(93,FALSE,E'GSXJCNYFOKCSKPBD','02/23/2017 15:16:48.902410',E'CXBKETTUYSAIYIAQ',NULL,E'YVBHTOTGKVHZGXZQZLVF',-1931748092,'03/10/2017 16:42:27.265423',E'RJLBXSBBEVIMBKLIQ');
INSERT INTO "public"."Label"("ID","Active","BarcodeFormDefinition","CreatedDate","CreatedUUID","JsonExtendedData","LabelName","LabelType","ModifiedDate","ModifiedUUID") 
VALUES(94,TRUE,E'PKFJAZAGAGGCDEKIF','03/05/2017 18:49:02.182318',E'DVNYHWSQR',NULL,E'ZTSZRU',-1232390092,'02/13/2017 02:23:26.077958',E'JZYNQQXFDUELVFAG');
INSERT INTO "public"."Label"("ID","Active","BarcodeFormDefinition","CreatedDate","CreatedUUID","JsonExtendedData","LabelName","LabelType","ModifiedDate","ModifiedUUID") 
VALUES(95,TRUE,E'DMMWSQCGFI','01/22/2017 10:55:16.543391',E'BNRDBHMDEVWZHPI',NULL,E'QDBWNMSSUUJFTGTKPREXY',1846999524,'02/08/2017 20:18:13.584896',E'ROCSESPUCLFZTFUMWTXCZBL');
INSERT INTO "public"."Label"("ID","Active","BarcodeFormDefinition","CreatedDate","CreatedUUID","JsonExtendedData","LabelName","LabelType","ModifiedDate","ModifiedUUID") 
VALUES(96,TRUE,E'BIMPHNKVGBHJM','03/13/2017 00:41:11.650373',E'MLNYUA',NULL,E'FZDQNRNUQIKGMMYG',-1502584358,'02/06/2017 03:05:45.141518',E'XOMLHD');
INSERT INTO "public"."Label"("ID","Active","BarcodeFormDefinition","CreatedDate","CreatedUUID","JsonExtendedData","LabelName","LabelType","ModifiedDate","ModifiedUUID") 
VALUES(97,TRUE,E'BBRLUXKMQWQB','03/15/2017 10:26:29.949762',E'QLGRPQFNFRBVGE',NULL,E'WGBAVSIQ',472400620,'02/19/2017 19:16:04.256955',E'OSPAY');
INSERT INTO "public"."Label"("ID","Active","BarcodeFormDefinition","CreatedDate","CreatedUUID","JsonExtendedData","LabelName","LabelType","ModifiedDate","ModifiedUUID") 
VALUES(98,TRUE,E'HMGWJLNHNEVDRNORZPLTN','01/21/2017 10:21:25.070433',E'WJJCJNF',NULL,E'QVEIVYGMVMATP',-1757289460,'03/06/2017 23:11:40.534764',E'OVXKWLEOAU');
INSERT INTO "public"."Label"("ID","Active","BarcodeFormDefinition","CreatedDate","CreatedUUID","JsonExtendedData","LabelName","LabelType","ModifiedDate","ModifiedUUID") 
VALUES(99,TRUE,E'XSETJXTC','02/07/2017 07:31:26.588184',E'MJXIEGZDYCR',NULL,E'JOIMNJWW',1726143424,'02/27/2017 10:39:17.336507',E'BKHDLY');
INSERT INTO "public"."Label"("ID","Active","BarcodeFormDefinition","CreatedDate","CreatedUUID","JsonExtendedData","LabelName","LabelType","ModifiedDate","ModifiedUUID") 
VALUES(100,FALSE,E'UFIVYCMYR','02/21/2017 20:11:46.202469',E'BKOJEKTHY',NULL,E'NHBTENJP',-1211526996,'01/26/2017 23:09:01.248115',E'DRLNFZULJQFEWWUMZPYGR');
COMMIT;

/* Generating data for table public.ReportTemplate... */
INSERT INTO "public"."ReportTemplate"("ID","Active","CreatedDate","CreatedUUID","JsonExtendedData","ModifiedDate","ModifiedUUID","PublicReport","ReportTemplateDefinition","ReportTemplateName") 
VALUES(1,TRUE,'02/11/2017 19:11:18.125331',E'BINQNSGGOYIMRQMYR',NULL,'03/07/2017 11:41:01.032774',E'VLFOEDKOCJQGIBPOOAYBGJH',FALSE,E'UNJJBJA',E'JXAZXYEUZUDXCQGHGOVCBM');
INSERT INTO "public"."ReportTemplate"("ID","Active","CreatedDate","CreatedUUID","JsonExtendedData","ModifiedDate","ModifiedUUID","PublicReport","ReportTemplateDefinition","ReportTemplateName") 
VALUES(2,TRUE,'02/22/2017 11:12:25.353734',E'WMQXMTJBHF',NULL,'02/23/2017 10:57:45.164587',E'RTCHCWXH',TRUE,E'OABVZICJYEWSLPWC',E'ERXTFBVEKN');
INSERT INTO "public"."ReportTemplate"("ID","Active","CreatedDate","CreatedUUID","JsonExtendedData","ModifiedDate","ModifiedUUID","PublicReport","ReportTemplateDefinition","ReportTemplateName") 
VALUES(3,TRUE,'02/16/2017 10:26:00.327704',E'JLSCEKINGQFZLULVSMRXUMER',NULL,'02/06/2017 02:47:33.596000',E'NPKXBYRQNCWBQJBSEWZ',FALSE,E'HZQVTOGBFE',E'HNJOSUTWAZR');
INSERT INTO "public"."ReportTemplate"("ID","Active","CreatedDate","CreatedUUID","JsonExtendedData","ModifiedDate","ModifiedUUID","PublicReport","ReportTemplateDefinition","ReportTemplateName") 
VALUES(4,TRUE,'03/02/2017 19:42:16.045242',E'EGDFEIWGJ',NULL,'01/24/2017 23:58:15.010366',E'LSRORUCFPIDGY',FALSE,E'TOTGABMU',E'UHUKNSNTPTYA');
INSERT INTO "public"."ReportTemplate"("ID","Active","CreatedDate","CreatedUUID","JsonExtendedData","ModifiedDate","ModifiedUUID","PublicReport","ReportTemplateDefinition","ReportTemplateName") 
VALUES(5,TRUE,'01/28/2017 19:33:26.796221',E'KRCDKRFCRXEEIVNJTD',NULL,'01/30/2017 18:30:07.351897',E'JMCRLQMFVQMOA',FALSE,E'OAACTEHYOBJJCCPHGTVRWN',E'QYDVRUVBN');
INSERT INTO "public"."ReportTemplate"("ID","Active","CreatedDate","CreatedUUID","JsonExtendedData","ModifiedDate","ModifiedUUID","PublicReport","ReportTemplateDefinition","ReportTemplateName") 
VALUES(6,TRUE,'03/02/2017 20:12:10.037363',E'JUGLAMUJZADFOOMVVS',NULL,'03/08/2017 16:55:12.966285',E'THXLALHEJXEXDCEBFNUKECSLP',TRUE,E'LZLGK',E'UYGGOAQXFVOGFAVNATIIIIJE');
INSERT INTO "public"."ReportTemplate"("ID","Active","CreatedDate","CreatedUUID","JsonExtendedData","ModifiedDate","ModifiedUUID","PublicReport","ReportTemplateDefinition","ReportTemplateName") 
VALUES(7,FALSE,'03/18/2017 11:56:57.651233',E'MWDYEZMG',NULL,'01/30/2017 18:41:05.710905',E'RNDRTCCHPPQBQFKXETE',TRUE,E'STJHJESZHJT',E'FBLGSXNMJPYFVQKBUOOGSUN');
INSERT INTO "public"."ReportTemplate"("ID","Active","CreatedDate","CreatedUUID","JsonExtendedData","ModifiedDate","ModifiedUUID","PublicReport","ReportTemplateDefinition","ReportTemplateName") 
VALUES(8,TRUE,'02/28/2017 06:46:24.425598',E'UKHRYESCZMXYBBKSDGI',NULL,'03/11/2017 00:01:08.670158',E'MGWREKZQWYPNDTNSOUALBGCKB',TRUE,E'IKPVZXFDCNVWQVKCCJJ',E'XSMDCKXEPKONOPKWHCXJXYN');
INSERT INTO "public"."ReportTemplate"("ID","Active","CreatedDate","CreatedUUID","JsonExtendedData","ModifiedDate","ModifiedUUID","PublicReport","ReportTemplateDefinition","ReportTemplateName") 
VALUES(9,FALSE,'03/12/2017 00:01:01.401109',E'CLKWWFYFQVE',NULL,'03/18/2017 07:23:11.056160',E'ILLFIVKGWDKNVHB',TRUE,E'XHCZGMOBUWNXLKYWW',E'KIPURORI');
INSERT INTO "public"."ReportTemplate"("ID","Active","CreatedDate","CreatedUUID","JsonExtendedData","ModifiedDate","ModifiedUUID","PublicReport","ReportTemplateDefinition","ReportTemplateName") 
VALUES(10,TRUE,'03/11/2017 07:27:33.682276',E'MIXQMZPHCEHRCNHUWCAGU',NULL,'01/21/2017 00:11:33.765578',E'HNCCCNPMODTNZKNLGLOLVQCF',FALSE,E'QOQLW',E'SHCIX');
INSERT INTO "public"."ReportTemplate"("ID","Active","CreatedDate","CreatedUUID","JsonExtendedData","ModifiedDate","ModifiedUUID","PublicReport","ReportTemplateDefinition","ReportTemplateName") 
VALUES(11,TRUE,'01/31/2017 06:58:22.398294',E'EBJJEQKDMBFOVVZHKERECM',NULL,'02/08/2017 08:35:59.492284',E'SPXPIVFVMTUVYOYHCKBSC',FALSE,E'EMCCNC',E'FKAFWGEWAMRMHVZLSYRQUZYRV');
INSERT INTO "public"."ReportTemplate"("ID","Active","CreatedDate","CreatedUUID","JsonExtendedData","ModifiedDate","ModifiedUUID","PublicReport","ReportTemplateDefinition","ReportTemplateName") 
VALUES(12,FALSE,'03/17/2017 16:14:05.745023',E'WTJHBYEBPQOKNDEYPVUCRBCTS',NULL,'01/18/2017 18:55:45.729066',E'EEECVTZRYOAS',FALSE,E'XRCLDSKNDOPBIC',E'TYIMSCWUNGJLXECADBAIRVE');
INSERT INTO "public"."ReportTemplate"("ID","Active","CreatedDate","CreatedUUID","JsonExtendedData","ModifiedDate","ModifiedUUID","PublicReport","ReportTemplateDefinition","ReportTemplateName") 
VALUES(13,TRUE,'02/06/2017 20:06:09.455822',E'UZZYHFVGCGFP',NULL,'01/29/2017 06:15:41.137391',E'AQQVWUMQVDSNLFSTIEVTSMCVL',FALSE,E'SINZGUO',E'SPWFJMRYOQSAHVIKAFDP');
INSERT INTO "public"."ReportTemplate"("ID","Active","CreatedDate","CreatedUUID","JsonExtendedData","ModifiedDate","ModifiedUUID","PublicReport","ReportTemplateDefinition","ReportTemplateName") 
VALUES(14,TRUE,'02/06/2017 06:59:11.246215',E'CUDDCGC',NULL,'03/07/2017 01:43:00.204870',E'TTRIPHZHSLAVLO',TRUE,E'EQDOEQGRSVAURUBOPDZINEDB',E'IXRTMITEDDKSOIGJXIIOAVDKV');
INSERT INTO "public"."ReportTemplate"("ID","Active","CreatedDate","CreatedUUID","JsonExtendedData","ModifiedDate","ModifiedUUID","PublicReport","ReportTemplateDefinition","ReportTemplateName") 
VALUES(15,FALSE,'01/22/2017 14:27:56.182009',E'PGPRXLIWZIYSIZO',NULL,'02/20/2017 06:53:41.830334',E'RPDUFUNKNC',FALSE,E'VWYMDWDGS',E'MPVTSSWRAUQXTXBJ');
INSERT INTO "public"."ReportTemplate"("ID","Active","CreatedDate","CreatedUUID","JsonExtendedData","ModifiedDate","ModifiedUUID","PublicReport","ReportTemplateDefinition","ReportTemplateName") 
VALUES(16,FALSE,'01/23/2017 05:44:28.008402',E'ACINFDGIGKRFHCWDJXBQM',NULL,'02/21/2017 22:07:14.847549',E'CVYGGEUESFWXRENZJNTSRWWBS',FALSE,E'IBSVHXGHJFERQJHV',E'SEBYTPCYHVZQJKBGDRRYUWX');
INSERT INTO "public"."ReportTemplate"("ID","Active","CreatedDate","CreatedUUID","JsonExtendedData","ModifiedDate","ModifiedUUID","PublicReport","ReportTemplateDefinition","ReportTemplateName") 
VALUES(17,FALSE,'01/23/2017 19:29:57.453326',E'BBRJKDJIPKWTGQBGHUS',NULL,'03/03/2017 21:31:13.335172',E'WACOHUTAT',TRUE,E'TOXJTEVSLHLCCGHZGO',E'CLPOKTZPMYPF');
INSERT INTO "public"."ReportTemplate"("ID","Active","CreatedDate","CreatedUUID","JsonExtendedData","ModifiedDate","ModifiedUUID","PublicReport","ReportTemplateDefinition","ReportTemplateName") 
VALUES(18,FALSE,'02/16/2017 19:55:04.642435',E'NECHXHIAOHLVPYOJ',NULL,'02/06/2017 14:04:10.419094',E'PJZMUIKSDKMSWZY',TRUE,E'ZZXIG',E'TWPQPCZZ');
INSERT INTO "public"."ReportTemplate"("ID","Active","CreatedDate","CreatedUUID","JsonExtendedData","ModifiedDate","ModifiedUUID","PublicReport","ReportTemplateDefinition","ReportTemplateName") 
VALUES(19,TRUE,'02/15/2017 02:57:01.992153',E'YDZPEQIJZTRJGDAHTIDVKNTD',NULL,'01/18/2017 17:36:30.352871',E'NNGDGPPCAVN',TRUE,E'QMGUZ',E'PRZNVUUGVCNUBLIAD');
INSERT INTO "public"."ReportTemplate"("ID","Active","CreatedDate","CreatedUUID","JsonExtendedData","ModifiedDate","ModifiedUUID","PublicReport","ReportTemplateDefinition","ReportTemplateName") 
VALUES(20,TRUE,'02/17/2017 05:20:58.597357',E'HPVBL',NULL,'02/17/2017 04:17:39.412173',E'OBIWRDSPMWCU',TRUE,E'TWDXYEFTTLFODUGSZN',E'WMZITDYWV');
INSERT INTO "public"."ReportTemplate"("ID","Active","CreatedDate","CreatedUUID","JsonExtendedData","ModifiedDate","ModifiedUUID","PublicReport","ReportTemplateDefinition","ReportTemplateName") 
VALUES(21,TRUE,'02/08/2017 01:13:56.754468',E'WNHGREKB',NULL,'02/16/2017 03:13:24.587665',E'YSNOHOBHON',TRUE,E'AYRZLJTATP',E'PTCSYE');
INSERT INTO "public"."ReportTemplate"("ID","Active","CreatedDate","CreatedUUID","JsonExtendedData","ModifiedDate","ModifiedUUID","PublicReport","ReportTemplateDefinition","ReportTemplateName") 
VALUES(22,TRUE,'01/24/2017 09:08:03.081366',E'LDZBQICQC',NULL,'02/03/2017 23:26:56.349133',E'GPBLLGLXAGHNPODCKEDL',TRUE,E'VJTKLCAYPUQSQH',E'VRHEIJJKE');
INSERT INTO "public"."ReportTemplate"("ID","Active","CreatedDate","CreatedUUID","JsonExtendedData","ModifiedDate","ModifiedUUID","PublicReport","ReportTemplateDefinition","ReportTemplateName") 
VALUES(23,TRUE,'03/02/2017 03:39:15.769954',E'PYBNAALYVBCPZQCJC',NULL,'02/19/2017 05:44:12.803425',E'ZLGJALARMGODRRJGEO',TRUE,E'JRDVWVLAMYUIZGHIF',E'BTCXVNKSGMPHUECVDHTSUGC');
INSERT INTO "public"."ReportTemplate"("ID","Active","CreatedDate","CreatedUUID","JsonExtendedData","ModifiedDate","ModifiedUUID","PublicReport","ReportTemplateDefinition","ReportTemplateName") 
VALUES(24,FALSE,'01/19/2017 13:21:11.811686',E'ARBVKKUQCFSAOFGMWBS',NULL,'02/25/2017 13:09:11.775623',E'HECGGOKMYLMSWIKEESXTC',TRUE,E'KGCMSUMPIYHCIENVFOU',E'QMFWXABJMVYCYY');
INSERT INTO "public"."ReportTemplate"("ID","Active","CreatedDate","CreatedUUID","JsonExtendedData","ModifiedDate","ModifiedUUID","PublicReport","ReportTemplateDefinition","ReportTemplateName") 
VALUES(25,TRUE,'01/25/2017 21:09:43.122539',E'GTUOWH',NULL,'03/04/2017 19:23:40.082955',E'GRYLDLJMJFQMRSN',TRUE,E'ZLFBMCJS',E'DVXDYZZAX');
INSERT INTO "public"."ReportTemplate"("ID","Active","CreatedDate","CreatedUUID","JsonExtendedData","ModifiedDate","ModifiedUUID","PublicReport","ReportTemplateDefinition","ReportTemplateName") 
VALUES(26,TRUE,'03/07/2017 13:47:13.407937',E'HCRCPHXKUANXVCZJ',NULL,'03/09/2017 10:38:54.333562',E'CSBYCBAHUENMN',FALSE,E'IDZDFBWBHTGFACDADSKQYD',E'OPXXFUQBKXFRY');
INSERT INTO "public"."ReportTemplate"("ID","Active","CreatedDate","CreatedUUID","JsonExtendedData","ModifiedDate","ModifiedUUID","PublicReport","ReportTemplateDefinition","ReportTemplateName") 
VALUES(27,TRUE,'02/08/2017 13:05:21.305616',E'EKLLEAXVEPCDVXKIHNAUYEYGJ',NULL,'01/23/2017 23:46:23.795454',E'JLULCRUMUU',TRUE,E'IWZIWDDMWJXMBBNRK',E'SXZXSVYKDTTDZLDBNYUYW');
INSERT INTO "public"."ReportTemplate"("ID","Active","CreatedDate","CreatedUUID","JsonExtendedData","ModifiedDate","ModifiedUUID","PublicReport","ReportTemplateDefinition","ReportTemplateName") 
VALUES(28,TRUE,'02/08/2017 04:19:41.789777',E'VOOQCSY',NULL,'01/18/2017 08:43:05.420342',E'TQLLLFOPUDWFGPQOZITKMKKV',TRUE,E'DFHVS',E'OYZSVGWNFDFXENTMMMSHXN');
INSERT INTO "public"."ReportTemplate"("ID","Active","CreatedDate","CreatedUUID","JsonExtendedData","ModifiedDate","ModifiedUUID","PublicReport","ReportTemplateDefinition","ReportTemplateName") 
VALUES(29,FALSE,'01/19/2017 07:06:38.646537',E'JHZMASRQX',NULL,'03/10/2017 17:45:32.873810',E'VJCAUCI',TRUE,E'LCDOTMYRKCTL',E'PJNULVJLQKFTFHOEDAGKKB');
INSERT INTO "public"."ReportTemplate"("ID","Active","CreatedDate","CreatedUUID","JsonExtendedData","ModifiedDate","ModifiedUUID","PublicReport","ReportTemplateDefinition","ReportTemplateName") 
VALUES(30,TRUE,'02/05/2017 06:48:01.463859',E'BSDARU',NULL,'02/06/2017 11:40:28.778126',E'JWXKDLSHACAQDXRMCXXO',TRUE,E'NXUNBPOAHJIQMJUFJX',E'JDVOZOMGRDXNYWNJWZCBPXM');
INSERT INTO "public"."ReportTemplate"("ID","Active","CreatedDate","CreatedUUID","JsonExtendedData","ModifiedDate","ModifiedUUID","PublicReport","ReportTemplateDefinition","ReportTemplateName") 
VALUES(31,TRUE,'01/23/2017 11:11:52.774511',E'QFMCNIJMFPCOXA',NULL,'01/28/2017 04:06:15.143939',E'EZASBYRJQHCVCBKOJFBW',FALSE,E'HGHWNGEOAJKHK',E'VZSATQFNEDRCUJTGLAZDMB');
INSERT INTO "public"."ReportTemplate"("ID","Active","CreatedDate","CreatedUUID","JsonExtendedData","ModifiedDate","ModifiedUUID","PublicReport","ReportTemplateDefinition","ReportTemplateName") 
VALUES(32,TRUE,'03/07/2017 00:44:43.410679',E'PQIQHMHHGGAMDEZDFY',NULL,'02/04/2017 11:45:16.054075',E'EBZMZPVYVUTFONJQZ',FALSE,E'UBBHCMZWUGPEEZH',E'KKWSGEQWIZGQRP');
INSERT INTO "public"."ReportTemplate"("ID","Active","CreatedDate","CreatedUUID","JsonExtendedData","ModifiedDate","ModifiedUUID","PublicReport","ReportTemplateDefinition","ReportTemplateName") 
VALUES(33,FALSE,'01/30/2017 13:06:42.383986',E'HDJAMGJPLESMNXBABKCXM',NULL,'02/02/2017 23:06:07.106939',E'NSFMAYJJPAKGDIHWAVKZWPXTA',FALSE,E'ROJERTECMCQFNXMYSDLSQYB',E'XRSCLXKIENOYHPAGFDSOOPOX');
INSERT INTO "public"."ReportTemplate"("ID","Active","CreatedDate","CreatedUUID","JsonExtendedData","ModifiedDate","ModifiedUUID","PublicReport","ReportTemplateDefinition","ReportTemplateName") 
VALUES(34,TRUE,'01/28/2017 12:22:42.827143',E'TGXICYVQY',NULL,'02/03/2017 12:30:17.814256',E'FUSYNGNTKHEMTBOSUHLVNC',TRUE,E'WHSDYGVDQ',E'EICRJBCE');
INSERT INTO "public"."ReportTemplate"("ID","Active","CreatedDate","CreatedUUID","JsonExtendedData","ModifiedDate","ModifiedUUID","PublicReport","ReportTemplateDefinition","ReportTemplateName") 
VALUES(35,FALSE,'03/01/2017 04:13:03.357929',E'CXXLHF',NULL,'02/23/2017 09:03:17.470683',E'HTSOVGALVGWKFSNXSYGURUHCD',FALSE,E'TWODSLVZFCOWVTUJHMSABDO',E'DIHLXIAYXFI');
INSERT INTO "public"."ReportTemplate"("ID","Active","CreatedDate","CreatedUUID","JsonExtendedData","ModifiedDate","ModifiedUUID","PublicReport","ReportTemplateDefinition","ReportTemplateName") 
VALUES(36,TRUE,'02/28/2017 04:00:53.484414',E'AJJBGFAGVDNTR',NULL,'03/05/2017 17:36:39.484785',E'MQNLFMMOKDJQPAPX',FALSE,E'VWTNQGWKLWNGDZNPNDQPEVJ',E'UMRHGMYTHCECGCJQ');
INSERT INTO "public"."ReportTemplate"("ID","Active","CreatedDate","CreatedUUID","JsonExtendedData","ModifiedDate","ModifiedUUID","PublicReport","ReportTemplateDefinition","ReportTemplateName") 
VALUES(37,TRUE,'03/03/2017 19:59:50.600723',E'FIKGAVCHACEZHBUIBNKMWNZ',NULL,'02/06/2017 22:13:23.370795',E'AYSRVOHZJMFDSQMSTHGQ',FALSE,E'QRGPDRBRMBETGJSEIT',E'JNDCLPYJPJVXYFCL');
INSERT INTO "public"."ReportTemplate"("ID","Active","CreatedDate","CreatedUUID","JsonExtendedData","ModifiedDate","ModifiedUUID","PublicReport","ReportTemplateDefinition","ReportTemplateName") 
VALUES(38,TRUE,'03/15/2017 01:54:04.621967',E'OHSAHYOWXTFAR',NULL,'02/06/2017 14:16:57.868410',E'SMJMDWITSSUV',TRUE,E'JHAFNLHNDWN',E'FZKBKVYESIEEYCDRHXYBC');
INSERT INTO "public"."ReportTemplate"("ID","Active","CreatedDate","CreatedUUID","JsonExtendedData","ModifiedDate","ModifiedUUID","PublicReport","ReportTemplateDefinition","ReportTemplateName") 
VALUES(39,TRUE,'01/21/2017 17:01:27.941412',E'GWGUIMF',NULL,'01/19/2017 05:11:53.940595',E'ARVPKJ',TRUE,E'VQSUFTTFYXNLLKYBPW',E'PHAOUYZHAZAHXWYH');
INSERT INTO "public"."ReportTemplate"("ID","Active","CreatedDate","CreatedUUID","JsonExtendedData","ModifiedDate","ModifiedUUID","PublicReport","ReportTemplateDefinition","ReportTemplateName") 
VALUES(40,TRUE,'02/25/2017 23:00:37.405014',E'LTLIHFJFTMYPDWMISB',NULL,'01/24/2017 22:44:43.742723',E'SYSNPCLA',TRUE,E'TMQKKXVBICRTSG',E'QICVFPVRS');
INSERT INTO "public"."ReportTemplate"("ID","Active","CreatedDate","CreatedUUID","JsonExtendedData","ModifiedDate","ModifiedUUID","PublicReport","ReportTemplateDefinition","ReportTemplateName") 
VALUES(41,TRUE,'02/18/2017 17:44:58.228315',E'TWYUCQGFPCPUFOD',NULL,'03/04/2017 19:34:41.609363',E'ZMMSARHWLRUIAIVPISJMXE',TRUE,E'FXIESRWHROEFTJXR',E'XRASGDDGNFPLLFKDUOXBFVN');
INSERT INTO "public"."ReportTemplate"("ID","Active","CreatedDate","CreatedUUID","JsonExtendedData","ModifiedDate","ModifiedUUID","PublicReport","ReportTemplateDefinition","ReportTemplateName") 
VALUES(42,FALSE,'02/14/2017 14:27:24.813106',E'GYGIQENPGGLMUVBQXLHQCU',NULL,'01/26/2017 01:28:48.631235',E'IWVZDFPZHVDADXNEP',FALSE,E'IHXBFZHRKHJNWQQGVXMLSFY',E'UUENQZIFHR');
INSERT INTO "public"."ReportTemplate"("ID","Active","CreatedDate","CreatedUUID","JsonExtendedData","ModifiedDate","ModifiedUUID","PublicReport","ReportTemplateDefinition","ReportTemplateName") 
VALUES(43,FALSE,'01/24/2017 03:03:27.028014',E'WSCVSWPBU',NULL,'01/22/2017 09:51:40.084448',E'ZGWKYREAXAUHNOQYVWAP',FALSE,E'QLLOIEDEDEUDDPWOYDZMFRIF',E'RCGVMXWFSFDQJRSPHHNXJURU');
INSERT INTO "public"."ReportTemplate"("ID","Active","CreatedDate","CreatedUUID","JsonExtendedData","ModifiedDate","ModifiedUUID","PublicReport","ReportTemplateDefinition","ReportTemplateName") 
VALUES(44,TRUE,'02/18/2017 05:51:15.485387',E'KXZYY',NULL,'02/23/2017 06:56:22.857115',E'RHYHBGGVMEMUQWXYPIJQMS',TRUE,E'TFHKCPRMKTTNHHXCXIYQK',E'YIMJIJLTT');
INSERT INTO "public"."ReportTemplate"("ID","Active","CreatedDate","CreatedUUID","JsonExtendedData","ModifiedDate","ModifiedUUID","PublicReport","ReportTemplateDefinition","ReportTemplateName") 
VALUES(45,FALSE,'01/21/2017 15:28:46.000388',E'ZJXPRYEJBDKJJHTKOOUWU',NULL,'01/26/2017 16:50:47.063068',E'RUSRENLIWFUMGOYRYXZE',TRUE,E'VJDHKQTFEAMGIWKQWPUA',E'IMPYTASOQKPSZSAQJ');
INSERT INTO "public"."ReportTemplate"("ID","Active","CreatedDate","CreatedUUID","JsonExtendedData","ModifiedDate","ModifiedUUID","PublicReport","ReportTemplateDefinition","ReportTemplateName") 
VALUES(46,TRUE,'02/01/2017 06:49:36.945712',E'ELOUGTXIH',NULL,'02/27/2017 02:56:46.443054',E'UCRDFYVWBDL',FALSE,E'YZIXOXQA',E'KDWEGRPGCYMRFQKIRWY');
INSERT INTO "public"."ReportTemplate"("ID","Active","CreatedDate","CreatedUUID","JsonExtendedData","ModifiedDate","ModifiedUUID","PublicReport","ReportTemplateDefinition","ReportTemplateName") 
VALUES(47,TRUE,'02/19/2017 16:14:38.127970',E'PCDIQXNGGTEYUGHOIGSQ',NULL,'03/15/2017 15:50:11.951266',E'ZVSSAMCNKISANGSZZKSOTVO',TRUE,E'ETLGUCS',E'RREXBDOBKZMOAVUC');
INSERT INTO "public"."ReportTemplate"("ID","Active","CreatedDate","CreatedUUID","JsonExtendedData","ModifiedDate","ModifiedUUID","PublicReport","ReportTemplateDefinition","ReportTemplateName") 
VALUES(48,TRUE,'02/11/2017 22:37:01.779555',E'LGRZOQKSNWAILHBWUQOB',NULL,'03/17/2017 13:03:10.998736',E'JLUMRUOUSPGKSBWDGI',FALSE,E'QJITEWEJKLVR',E'QASYNOOFANJL');
INSERT INTO "public"."ReportTemplate"("ID","Active","CreatedDate","CreatedUUID","JsonExtendedData","ModifiedDate","ModifiedUUID","PublicReport","ReportTemplateDefinition","ReportTemplateName") 
VALUES(49,FALSE,'02/24/2017 20:11:25.955133',E'TIDKAH',NULL,'02/06/2017 21:02:45.213032',E'MMISDAQREEEBNOIEQSC',FALSE,E'YBOWCZOTTWTEGOK',E'HBVFPVXFVWLUOT');
INSERT INTO "public"."ReportTemplate"("ID","Active","CreatedDate","CreatedUUID","JsonExtendedData","ModifiedDate","ModifiedUUID","PublicReport","ReportTemplateDefinition","ReportTemplateName") 
VALUES(50,FALSE,'01/31/2017 20:53:41.097320',E'YUOFMBT',NULL,'02/17/2017 01:31:45.617870',E'NMZQMYHJHSUMCAVHCYQS',TRUE,E'QRMCTJPJFAWSQJULKD',E'IYYMDJ');
INSERT INTO "public"."ReportTemplate"("ID","Active","CreatedDate","CreatedUUID","JsonExtendedData","ModifiedDate","ModifiedUUID","PublicReport","ReportTemplateDefinition","ReportTemplateName") 
VALUES(51,TRUE,'03/17/2017 01:58:49.661444',E'DHKQGBGFLYNRJCTDSYWC',NULL,'01/29/2017 06:21:05.588204',E'FOFXTVQE',TRUE,E'QLXULCEHUWBYUN',E'TIPTQW');
INSERT INTO "public"."ReportTemplate"("ID","Active","CreatedDate","CreatedUUID","JsonExtendedData","ModifiedDate","ModifiedUUID","PublicReport","ReportTemplateDefinition","ReportTemplateName") 
VALUES(52,TRUE,'02/16/2017 08:58:21.159626',E'RZGVDUNLKOTFCNPWXXCUKIAQ',NULL,'03/10/2017 09:39:09.133598',E'QHSTSQNCTDYPHOWVYMUXDEBEH',TRUE,E'PUMJT',E'QLWIJXGBJ');
INSERT INTO "public"."ReportTemplate"("ID","Active","CreatedDate","CreatedUUID","JsonExtendedData","ModifiedDate","ModifiedUUID","PublicReport","ReportTemplateDefinition","ReportTemplateName") 
VALUES(53,FALSE,'03/13/2017 18:58:19.394426',E'PRNGHYE',NULL,'03/12/2017 10:39:42.964062',E'ALLPEUWLPWBCAJYQST',FALSE,E'ELRTEGQUBIJALSIL',E'GUHCFLEIDEDJE');
INSERT INTO "public"."ReportTemplate"("ID","Active","CreatedDate","CreatedUUID","JsonExtendedData","ModifiedDate","ModifiedUUID","PublicReport","ReportTemplateDefinition","ReportTemplateName") 
VALUES(54,FALSE,'02/15/2017 04:30:57.293728',E'VAEPGOEROKIGPUTP',NULL,'02/15/2017 06:45:44.473634',E'HGEJHHRRY',FALSE,E'JDHGGHQF',E'LTWRLHBEXNHBNET');
INSERT INTO "public"."ReportTemplate"("ID","Active","CreatedDate","CreatedUUID","JsonExtendedData","ModifiedDate","ModifiedUUID","PublicReport","ReportTemplateDefinition","ReportTemplateName") 
VALUES(55,FALSE,'03/03/2017 20:20:19.527249',E'CADLQVYDXKJNZ',NULL,'02/20/2017 06:36:18.996601',E'OHTENEVKKYDO',TRUE,E'AILLJZPNXOXJC',E'JDMNMSXKBUKUIPBEGGEA');
INSERT INTO "public"."ReportTemplate"("ID","Active","CreatedDate","CreatedUUID","JsonExtendedData","ModifiedDate","ModifiedUUID","PublicReport","ReportTemplateDefinition","ReportTemplateName") 
VALUES(56,FALSE,'02/09/2017 03:09:15.213135',E'IGBEQNFVNPBPZNNFTVZCJQ',NULL,'02/06/2017 11:04:50.271038',E'MAZBUX',FALSE,E'QEMVGAYQATZWXGQBQZNOYCE',E'YNMVSLIRWVVYRFN');
INSERT INTO "public"."ReportTemplate"("ID","Active","CreatedDate","CreatedUUID","JsonExtendedData","ModifiedDate","ModifiedUUID","PublicReport","ReportTemplateDefinition","ReportTemplateName") 
VALUES(57,FALSE,'03/05/2017 07:38:18.277712',E'SQEIUBHLLBYSL',NULL,'02/05/2017 17:45:34.752195',E'FIOVBNPOOWGPC',FALSE,E'TZZTXN',E'RBBFSANAWQGEOVRB');
INSERT INTO "public"."ReportTemplate"("ID","Active","CreatedDate","CreatedUUID","JsonExtendedData","ModifiedDate","ModifiedUUID","PublicReport","ReportTemplateDefinition","ReportTemplateName") 
VALUES(58,TRUE,'01/24/2017 17:16:07.053342',E'RIUBIETS',NULL,'03/17/2017 08:43:36.801643',E'HLCZNBXCWUITSK',FALSE,E'MEVRBTPXNHEOSQZWV',E'FOSBFXFFG');
INSERT INTO "public"."ReportTemplate"("ID","Active","CreatedDate","CreatedUUID","JsonExtendedData","ModifiedDate","ModifiedUUID","PublicReport","ReportTemplateDefinition","ReportTemplateName") 
VALUES(59,TRUE,'02/25/2017 01:42:07.625998',E'ICFKFNKMAOASHGU',NULL,'01/26/2017 09:47:43.740914',E'DFRZQMDLIDIQFEIYONGSX',TRUE,E'YSNFJVYSMYQMOWZ',E'JHEVGMTLDXEAH');
INSERT INTO "public"."ReportTemplate"("ID","Active","CreatedDate","CreatedUUID","JsonExtendedData","ModifiedDate","ModifiedUUID","PublicReport","ReportTemplateDefinition","ReportTemplateName") 
VALUES(60,FALSE,'03/04/2017 18:48:17.829817',E'THLRNBK',NULL,'02/16/2017 08:20:54.805620',E'MUBNODDXCXRNTIJAX',FALSE,E'ESWKMPICJC',E'GYVOHKOSWSORAICZFHM');
INSERT INTO "public"."ReportTemplate"("ID","Active","CreatedDate","CreatedUUID","JsonExtendedData","ModifiedDate","ModifiedUUID","PublicReport","ReportTemplateDefinition","ReportTemplateName") 
VALUES(61,FALSE,'01/30/2017 23:44:23.007439',E'GUVRIMTYSSKPNQWAMOFHDHKCA',NULL,'02/21/2017 23:50:03.519046',E'ZKRQKJCCOJD',TRUE,E'FXLRDQKDGYKPT',E'ROGZSAHYEBBDH');
INSERT INTO "public"."ReportTemplate"("ID","Active","CreatedDate","CreatedUUID","JsonExtendedData","ModifiedDate","ModifiedUUID","PublicReport","ReportTemplateDefinition","ReportTemplateName") 
VALUES(62,FALSE,'03/05/2017 06:33:16.037771',E'KZWDAKDVSDXAVQNLL',NULL,'03/09/2017 19:39:36.366750',E'COJQQRBMHOHPEVOIRZWKK',TRUE,E'WJJNBOOIBXIRNLONZXKQSGO',E'YCGFANJXRCKIXYBIE');
INSERT INTO "public"."ReportTemplate"("ID","Active","CreatedDate","CreatedUUID","JsonExtendedData","ModifiedDate","ModifiedUUID","PublicReport","ReportTemplateDefinition","ReportTemplateName") 
VALUES(63,TRUE,'01/24/2017 00:06:15.089438',E'BZKVMEYUNVUTGOAIA',NULL,'01/26/2017 16:34:02.453423',E'TCROTJKHGNIZ',FALSE,E'PMOWXJX',E'DEKTVGIWUIXDLQKAMJBUYU');
INSERT INTO "public"."ReportTemplate"("ID","Active","CreatedDate","CreatedUUID","JsonExtendedData","ModifiedDate","ModifiedUUID","PublicReport","ReportTemplateDefinition","ReportTemplateName") 
VALUES(64,FALSE,'02/19/2017 16:26:50.244617',E'JLYLHCFAKEPVSEAFUQXHLDU',NULL,'03/10/2017 16:46:38.775188',E'IIKFIQVIDFWMKXPKVLI',TRUE,E'FFJFDZWPXS',E'FMAPMGCTQYCBJBPRS');
INSERT INTO "public"."ReportTemplate"("ID","Active","CreatedDate","CreatedUUID","JsonExtendedData","ModifiedDate","ModifiedUUID","PublicReport","ReportTemplateDefinition","ReportTemplateName") 
VALUES(65,FALSE,'03/18/2017 00:02:33.202112',E'XBFPDWJWHBWOQCDAZSPUVA',NULL,'03/01/2017 13:48:12.473030',E'JUPUPM',FALSE,E'ENCDWYKKDVG',E'IFWVUCMHAWQBEPFEMFE');
INSERT INTO "public"."ReportTemplate"("ID","Active","CreatedDate","CreatedUUID","JsonExtendedData","ModifiedDate","ModifiedUUID","PublicReport","ReportTemplateDefinition","ReportTemplateName") 
VALUES(66,FALSE,'02/28/2017 13:41:59.062429',E'MECRMEUTKHSAYLXWBFFRAOQ',NULL,'02/17/2017 10:23:20.055718',E'WXNFEMPPNTD',TRUE,E'ZDFITJFQ',E'ULUKRKSJDNUQFHG');
INSERT INTO "public"."ReportTemplate"("ID","Active","CreatedDate","CreatedUUID","JsonExtendedData","ModifiedDate","ModifiedUUID","PublicReport","ReportTemplateDefinition","ReportTemplateName") 
VALUES(67,FALSE,'02/10/2017 03:07:02.941603',E'TREWXPBZMCLXML',NULL,'02/22/2017 04:55:20.856990',E'XODPOIPZDEWFKNRHOGEVQJ',FALSE,E'BSDNDXMGYNZDOY',E'RVEUJJKCIMMSLUUISGA');
INSERT INTO "public"."ReportTemplate"("ID","Active","CreatedDate","CreatedUUID","JsonExtendedData","ModifiedDate","ModifiedUUID","PublicReport","ReportTemplateDefinition","ReportTemplateName") 
VALUES(68,TRUE,'02/17/2017 13:12:19.015011',E'UKZKD',NULL,'02/19/2017 13:54:21.250924',E'JBZJUCVER',TRUE,E'PKYTRTTMNSMRNMAMMKH',E'WRWOCXCFBFLQ');
INSERT INTO "public"."ReportTemplate"("ID","Active","CreatedDate","CreatedUUID","JsonExtendedData","ModifiedDate","ModifiedUUID","PublicReport","ReportTemplateDefinition","ReportTemplateName") 
VALUES(69,TRUE,'03/01/2017 17:08:46.522559',E'FPWTYUGJTYROZ',NULL,'01/26/2017 09:36:40.104148',E'KLNQLGCQHJTMXHNFZ',FALSE,E'GBHEGIQJDEYCZF',E'VQQMIZEAITJO');
INSERT INTO "public"."ReportTemplate"("ID","Active","CreatedDate","CreatedUUID","JsonExtendedData","ModifiedDate","ModifiedUUID","PublicReport","ReportTemplateDefinition","ReportTemplateName") 
VALUES(70,FALSE,'02/18/2017 02:54:18.373962',E'LFVQLZMRDOLCRSYHGTY',NULL,'03/13/2017 16:48:36.719624',E'SBZTZ',TRUE,E'MNWXO',E'IBOTPJIXJYOIM');
INSERT INTO "public"."ReportTemplate"("ID","Active","CreatedDate","CreatedUUID","JsonExtendedData","ModifiedDate","ModifiedUUID","PublicReport","ReportTemplateDefinition","ReportTemplateName") 
VALUES(71,TRUE,'03/03/2017 00:38:23.389611',E'HHHPDKCJZFSESY',NULL,'02/25/2017 21:10:37.279461',E'GUESUVMOBKBZMAWDN',TRUE,E'GPRME',E'OASDCTWBYQBPZTRMQUDSDH');
INSERT INTO "public"."ReportTemplate"("ID","Active","CreatedDate","CreatedUUID","JsonExtendedData","ModifiedDate","ModifiedUUID","PublicReport","ReportTemplateDefinition","ReportTemplateName") 
VALUES(72,FALSE,'03/11/2017 11:48:40.102636',E'AHEXSF',NULL,'01/31/2017 22:20:54.922880',E'HTFAKWJUHMVDAZTPG',FALSE,E'PETSDDDRTJVHPXF',E'EGNRLVBANSYHMYFMJMOXCGPQG');
INSERT INTO "public"."ReportTemplate"("ID","Active","CreatedDate","CreatedUUID","JsonExtendedData","ModifiedDate","ModifiedUUID","PublicReport","ReportTemplateDefinition","ReportTemplateName") 
VALUES(73,FALSE,'02/15/2017 13:22:15.412122',E'TAPCRBWWMOXNFOBUIXV',NULL,'03/15/2017 04:49:48.504435',E'FIFLQRRYZOBOWOYUUBSY',TRUE,E'FYPNYWYSYIPJVLGMTYLKBFPPT',E'WELVMHHYKSXNQNBAUZ');
INSERT INTO "public"."ReportTemplate"("ID","Active","CreatedDate","CreatedUUID","JsonExtendedData","ModifiedDate","ModifiedUUID","PublicReport","ReportTemplateDefinition","ReportTemplateName") 
VALUES(74,TRUE,'02/21/2017 00:36:13.922382',E'TDVFXKRWRCKKG',NULL,'02/10/2017 01:47:59.690354',E'RKGUMNKR',FALSE,E'ACVOPVJWXULEPXJM',E'KBDMBFUVRKXAYDPVRBYWYVISF');
INSERT INTO "public"."ReportTemplate"("ID","Active","CreatedDate","CreatedUUID","JsonExtendedData","ModifiedDate","ModifiedUUID","PublicReport","ReportTemplateDefinition","ReportTemplateName") 
VALUES(75,FALSE,'01/20/2017 06:04:06.677619',E'EGACGAFARLF',NULL,'03/14/2017 08:25:20.526889',E'ETDXTDBD',FALSE,E'JLIIBRNNYHTYYNP',E'IMXVBNTVUMMMQQU');
INSERT INTO "public"."ReportTemplate"("ID","Active","CreatedDate","CreatedUUID","JsonExtendedData","ModifiedDate","ModifiedUUID","PublicReport","ReportTemplateDefinition","ReportTemplateName") 
VALUES(76,FALSE,'03/16/2017 19:06:18.942145',E'EBIPOATTOEPIUOV',NULL,'03/16/2017 08:22:01.769649',E'UIRLDLCGYOPIES',TRUE,E'SHLFBSQEZJLMYQENRCHHFR',E'YDREBMWDEF');
INSERT INTO "public"."ReportTemplate"("ID","Active","CreatedDate","CreatedUUID","JsonExtendedData","ModifiedDate","ModifiedUUID","PublicReport","ReportTemplateDefinition","ReportTemplateName") 
VALUES(77,FALSE,'01/27/2017 23:38:56.325815',E'OSTTIHPTPESBPLREGDA',NULL,'03/03/2017 21:28:22.808128',E'OFCRGAJ',TRUE,E'ZXRZGSGM',E'KHWJTJCKMFVDDBW');
INSERT INTO "public"."ReportTemplate"("ID","Active","CreatedDate","CreatedUUID","JsonExtendedData","ModifiedDate","ModifiedUUID","PublicReport","ReportTemplateDefinition","ReportTemplateName") 
VALUES(78,FALSE,'02/10/2017 18:58:24.248336',E'JGHBUKEKFX',NULL,'01/20/2017 19:42:08.510342',E'YZRBBJYWRGBTSIEJJLKHUJVG',FALSE,E'KWOISFJGHJFZWXPRJAZJEJW',E'RCRQREAXZZFPY');
INSERT INTO "public"."ReportTemplate"("ID","Active","CreatedDate","CreatedUUID","JsonExtendedData","ModifiedDate","ModifiedUUID","PublicReport","ReportTemplateDefinition","ReportTemplateName") 
VALUES(79,FALSE,'02/01/2017 11:51:27.961100',E'CLVWZVBAPRJWHMULMXKSAPS',NULL,'03/08/2017 01:29:15.316200',E'CEQSZ',FALSE,E'UUMDDJG',E'TEUNZXEMIBPDJLRCCR');
INSERT INTO "public"."ReportTemplate"("ID","Active","CreatedDate","CreatedUUID","JsonExtendedData","ModifiedDate","ModifiedUUID","PublicReport","ReportTemplateDefinition","ReportTemplateName") 
VALUES(80,TRUE,'01/19/2017 12:31:56.998810',E'TBPWAUAVMDQCZDCG',NULL,'01/25/2017 05:08:07.909170',E'TXGNHCXCNAFMFFPDZDIYEDTT',FALSE,E'HNABKKSIBAXWDHQDP',E'UFYPMMCJJFGYEKXKYEZOEQP');
INSERT INTO "public"."ReportTemplate"("ID","Active","CreatedDate","CreatedUUID","JsonExtendedData","ModifiedDate","ModifiedUUID","PublicReport","ReportTemplateDefinition","ReportTemplateName") 
VALUES(81,FALSE,'03/11/2017 00:09:02.353279',E'FKFPYHH',NULL,'01/30/2017 00:27:31.572152',E'PPRXQHBARAISFL',TRUE,E'PSYSRSYXWJCATCTYICPRJMUU',E'WLZHUSPIWALQDKML');
INSERT INTO "public"."ReportTemplate"("ID","Active","CreatedDate","CreatedUUID","JsonExtendedData","ModifiedDate","ModifiedUUID","PublicReport","ReportTemplateDefinition","ReportTemplateName") 
VALUES(82,TRUE,'03/16/2017 02:21:06.540875',E'ONAWYPNUFDU',NULL,'03/09/2017 21:25:45.375651',E'MYKZM',TRUE,E'KYBPNMWEFCGLESMZCQSXNSJAU',E'EQWZQICCTUSYPOTBNLEDV');
INSERT INTO "public"."ReportTemplate"("ID","Active","CreatedDate","CreatedUUID","JsonExtendedData","ModifiedDate","ModifiedUUID","PublicReport","ReportTemplateDefinition","ReportTemplateName") 
VALUES(83,TRUE,'01/24/2017 00:30:42.813859',E'IIUVDCWZBMYTPEWMCJTCBUD',NULL,'02/17/2017 12:04:22.660805',E'RCMWSIVOGXSMM',FALSE,E'SMKCLBFUMJRWVOLWKCCBAWZHH',E'BYROXELCSMZRBOJOOXOAHBAH');
INSERT INTO "public"."ReportTemplate"("ID","Active","CreatedDate","CreatedUUID","JsonExtendedData","ModifiedDate","ModifiedUUID","PublicReport","ReportTemplateDefinition","ReportTemplateName") 
VALUES(84,FALSE,'03/06/2017 04:26:10.295176',E'VZDUECAQNHD',NULL,'03/01/2017 08:19:37.511186',E'CHHNRNIJHRBEGGNV',FALSE,E'XUOVPDWHKKKHHOFVNTIIDEQCI',E'FMVCAMSJXGYMNMQTUJBRT');
INSERT INTO "public"."ReportTemplate"("ID","Active","CreatedDate","CreatedUUID","JsonExtendedData","ModifiedDate","ModifiedUUID","PublicReport","ReportTemplateDefinition","ReportTemplateName") 
VALUES(85,TRUE,'03/17/2017 07:04:45.566465',E'EOMMJKKCLUPJJDQWCBNVTFQFX',NULL,'01/28/2017 12:29:51.695147',E'ZGEQZZTPINR',TRUE,E'HWEWUCBGRXHATXGGUBYEAP',E'FDNFCWKVCFQSAOJYXTAQK');
INSERT INTO "public"."ReportTemplate"("ID","Active","CreatedDate","CreatedUUID","JsonExtendedData","ModifiedDate","ModifiedUUID","PublicReport","ReportTemplateDefinition","ReportTemplateName") 
VALUES(86,FALSE,'03/15/2017 03:42:16.090112',E'WBXIXBOZGH',NULL,'03/13/2017 13:08:29.278417',E'JEJYUKEV',TRUE,E'FAWEYGFCWKWMVVP',E'DRSHHYGFFEVXZA');
INSERT INTO "public"."ReportTemplate"("ID","Active","CreatedDate","CreatedUUID","JsonExtendedData","ModifiedDate","ModifiedUUID","PublicReport","ReportTemplateDefinition","ReportTemplateName") 
VALUES(87,TRUE,'02/17/2017 07:55:26.615603',E'OCSKX',NULL,'02/08/2017 06:57:08.447495',E'DRHNECHOHLIZNZOWGVYTZYPE',FALSE,E'UUJEJJNEDAB',E'BNBLBNW');
INSERT INTO "public"."ReportTemplate"("ID","Active","CreatedDate","CreatedUUID","JsonExtendedData","ModifiedDate","ModifiedUUID","PublicReport","ReportTemplateDefinition","ReportTemplateName") 
VALUES(88,TRUE,'02/15/2017 09:00:16.020860',E'WMNAKIPLLGQWMQUAW',NULL,'01/21/2017 07:01:04.800887',E'BHHSHDJWPF',FALSE,E'KBHOAVYLHNQYVRYQQEDERGANH',E'ULAADJYNCEVEKQH');
INSERT INTO "public"."ReportTemplate"("ID","Active","CreatedDate","CreatedUUID","JsonExtendedData","ModifiedDate","ModifiedUUID","PublicReport","ReportTemplateDefinition","ReportTemplateName") 
VALUES(89,TRUE,'02/02/2017 15:22:26.884413',E'WCFRJ',NULL,'02/23/2017 17:23:10.324224',E'PYIMRGJB',FALSE,E'PQOGXXXDKNCJPQDGQP',E'DQUZBISECXI');
INSERT INTO "public"."ReportTemplate"("ID","Active","CreatedDate","CreatedUUID","JsonExtendedData","ModifiedDate","ModifiedUUID","PublicReport","ReportTemplateDefinition","ReportTemplateName") 
VALUES(90,FALSE,'03/12/2017 15:25:53.871498',E'GTBWFGQ',NULL,'01/31/2017 21:34:50.443009',E'DKQNXPDRMY',TRUE,E'DQDSP',E'XSMQZDDHKTNSUUVGYPZMJCXKV');
INSERT INTO "public"."ReportTemplate"("ID","Active","CreatedDate","CreatedUUID","JsonExtendedData","ModifiedDate","ModifiedUUID","PublicReport","ReportTemplateDefinition","ReportTemplateName") 
VALUES(91,FALSE,'03/02/2017 03:04:59.455483',E'HIIVJYK',NULL,'02/24/2017 04:34:03.982267',E'RTWBLJHRFQWCW',FALSE,E'ZVRZGLVDPQPIIYKWEO',E'TAKGBRNAPR');
INSERT INTO "public"."ReportTemplate"("ID","Active","CreatedDate","CreatedUUID","JsonExtendedData","ModifiedDate","ModifiedUUID","PublicReport","ReportTemplateDefinition","ReportTemplateName") 
VALUES(92,FALSE,'02/25/2017 08:31:39.169611',E'XWJTPRH',NULL,'02/24/2017 04:39:21.551791',E'AZFUWSUMZLAPMKCY',FALSE,E'QVBYRRDNBPRINLUDFQKMSIOEP',E'XJOEQTBUWGJWSUMNAGGVJW');
INSERT INTO "public"."ReportTemplate"("ID","Active","CreatedDate","CreatedUUID","JsonExtendedData","ModifiedDate","ModifiedUUID","PublicReport","ReportTemplateDefinition","ReportTemplateName") 
VALUES(93,FALSE,'02/25/2017 06:16:21.361282',E'OQFBMNKYHASRAB',NULL,'02/23/2017 07:17:36.916370',E'DAYJJUBKCZXYTCASPTNRI',FALSE,E'TYZKOQXPRMQHJIXAHRF',E'EEYTKVZPUZLED');
INSERT INTO "public"."ReportTemplate"("ID","Active","CreatedDate","CreatedUUID","JsonExtendedData","ModifiedDate","ModifiedUUID","PublicReport","ReportTemplateDefinition","ReportTemplateName") 
VALUES(94,FALSE,'02/16/2017 22:45:34.865992',E'VOUIKZMTZEVGAIDUOQLT',NULL,'03/13/2017 04:41:52.930518',E'WFCITZLHYEPLF',TRUE,E'NCJMM',E'KFFPRPRTNAUU');
INSERT INTO "public"."ReportTemplate"("ID","Active","CreatedDate","CreatedUUID","JsonExtendedData","ModifiedDate","ModifiedUUID","PublicReport","ReportTemplateDefinition","ReportTemplateName") 
VALUES(95,FALSE,'02/17/2017 02:50:11.109362',E'GXIESBA',NULL,'02/23/2017 02:17:08.389087',E'BHUNQFP',TRUE,E'SEPNYLQBGQKGCVGJTUPOREME',E'QGEEVAHTJNZGTNICKELMZ');
INSERT INTO "public"."ReportTemplate"("ID","Active","CreatedDate","CreatedUUID","JsonExtendedData","ModifiedDate","ModifiedUUID","PublicReport","ReportTemplateDefinition","ReportTemplateName") 
VALUES(96,FALSE,'02/20/2017 09:52:14.503303',E'ZMLMEGGUQOJVXRPOKKJGW',NULL,'01/21/2017 21:57:55.961615',E'FZXJNU',TRUE,E'EWZBJUVSDKASPUSCRZITP',E'RXNAESZFXWEYQHMI');
INSERT INTO "public"."ReportTemplate"("ID","Active","CreatedDate","CreatedUUID","JsonExtendedData","ModifiedDate","ModifiedUUID","PublicReport","ReportTemplateDefinition","ReportTemplateName") 
VALUES(97,FALSE,'02/25/2017 22:33:01.494627',E'WSBWBDNAKIM',NULL,'03/10/2017 18:14:05.182795',E'DLRAGYTLTXNUIHKNQJFBXDT',FALSE,E'XFXCWBCCHS',E'YKACJLZZMQGDFJMUTWGKP');
INSERT INTO "public"."ReportTemplate"("ID","Active","CreatedDate","CreatedUUID","JsonExtendedData","ModifiedDate","ModifiedUUID","PublicReport","ReportTemplateDefinition","ReportTemplateName") 
VALUES(98,FALSE,'02/14/2017 20:39:28.677508',E'GUMEEJNNVYFWXRIJPDH',NULL,'02/24/2017 20:15:38.902175',E'PGFMYXG',FALSE,E'YRBYGDNGZCTVZLXQTVMDVIUM',E'TWDNVVP');
INSERT INTO "public"."ReportTemplate"("ID","Active","CreatedDate","CreatedUUID","JsonExtendedData","ModifiedDate","ModifiedUUID","PublicReport","ReportTemplateDefinition","ReportTemplateName") 
VALUES(99,FALSE,'02/16/2017 16:40:18.240944',E'VKHAUCIKV',NULL,'02/15/2017 18:28:05.540967',E'NFABLJCRNJ',FALSE,E'DXIMNRLNREKKC',E'AFDLVAIGAJTWHRWFSLMKPCUK');
INSERT INTO "public"."ReportTemplate"("ID","Active","CreatedDate","CreatedUUID","JsonExtendedData","ModifiedDate","ModifiedUUID","PublicReport","ReportTemplateDefinition","ReportTemplateName") 
VALUES(100,FALSE,'01/29/2017 14:17:39.737509',E'MGVDXZMEIC',NULL,'01/31/2017 12:23:08.465072',E'LOOCVNNEWPJ',FALSE,E'HJOJUSXPUAUDFDFZIZ',E'ERJAUGZWIJIBIBRWMUX');
COMMIT;

/* Generating data for table public.Report... */
INSERT INTO "public"."Report"("ID","Active","CaseID","CreatedDate","CreatedUUID","JsonExtendedData","ModifiedDate","ModifiedUUID","ReportTemplateID","ReportVersion","ReportVersionNotes") 
VALUES(1,TRUE,32,'03/14/2017 20:59:50.280013',E'DIMZEIVCUVZPETL',NULL,'02/09/2017 00:33:35.699265',E'TMWYHZTFYGB',47,-1423032566,E'LUEMWSWCEQFTTYYPWUTN');
INSERT INTO "public"."Report"("ID","Active","CaseID","CreatedDate","CreatedUUID","JsonExtendedData","ModifiedDate","ModifiedUUID","ReportTemplateID","ReportVersion","ReportVersionNotes") 
VALUES(2,FALSE,38,'02/23/2017 11:26:53.566939',E'OFWNHRDQSR',NULL,'01/19/2017 12:57:29.003969',E'BWBYK',44,1764540330,E'FYNRRDI');
INSERT INTO "public"."Report"("ID","Active","CaseID","CreatedDate","CreatedUUID","JsonExtendedData","ModifiedDate","ModifiedUUID","ReportTemplateID","ReportVersion","ReportVersionNotes") 
VALUES(3,FALSE,10,'03/10/2017 02:41:01.481592',E'AQHEQKPKQVJFYIYLBKIQS',NULL,'01/27/2017 13:44:40.876229',E'WHHGJOMXIU',81,-119821954,E'AEUTMU');
INSERT INTO "public"."Report"("ID","Active","CaseID","CreatedDate","CreatedUUID","JsonExtendedData","ModifiedDate","ModifiedUUID","ReportTemplateID","ReportVersion","ReportVersionNotes") 
VALUES(4,TRUE,13,'03/13/2017 05:51:06.476733',E'FJIIFRCJVJKEZXOIZPCJ',NULL,'02/04/2017 14:51:15.318867',E'IMTNHQUHRHBYQTGWYZBUNJ',1,492096814,E'SCZGLVBFAMXTKZUTGNZKFLZ');
INSERT INTO "public"."Report"("ID","Active","CaseID","CreatedDate","CreatedUUID","JsonExtendedData","ModifiedDate","ModifiedUUID","ReportTemplateID","ReportVersion","ReportVersionNotes") 
VALUES(5,TRUE,20,'02/04/2017 08:34:49.383638',E'AQNDZWVSEK',NULL,'01/27/2017 17:42:36.422364',E'JAJJIH',25,-1435838540,E'MGUTHZ');
INSERT INTO "public"."Report"("ID","Active","CaseID","CreatedDate","CreatedUUID","JsonExtendedData","ModifiedDate","ModifiedUUID","ReportTemplateID","ReportVersion","ReportVersionNotes") 
VALUES(6,TRUE,22,'03/03/2017 13:59:18.539774',E'VOHBIIMTGVGWG',NULL,'02/28/2017 14:16:07.739000',E'NWSBNNAU',80,1282900012,E'THHTXYGWKARSCHW');
INSERT INTO "public"."Report"("ID","Active","CaseID","CreatedDate","CreatedUUID","JsonExtendedData","ModifiedDate","ModifiedUUID","ReportTemplateID","ReportVersion","ReportVersionNotes") 
VALUES(7,FALSE,24,'02/25/2017 21:56:18.475657',E'OAQZYBJRBMCLTPXSQJK',NULL,'01/30/2017 15:43:17.536315',E'MLRXPPLBTLDSTZDZETCBJW',59,964702610,E'AUXBNYUPMCAWSVMHNKPHIB');
INSERT INTO "public"."Report"("ID","Active","CaseID","CreatedDate","CreatedUUID","JsonExtendedData","ModifiedDate","ModifiedUUID","ReportTemplateID","ReportVersion","ReportVersionNotes") 
VALUES(8,TRUE,51,'02/07/2017 15:46:36.520434',E'GQHMIODZ',NULL,'03/10/2017 20:25:41.527826',E'WAFBHHSLNJWPT',96,255248226,E'QVPBRRXIFLLULGHTK');
INSERT INTO "public"."Report"("ID","Active","CaseID","CreatedDate","CreatedUUID","JsonExtendedData","ModifiedDate","ModifiedUUID","ReportTemplateID","ReportVersion","ReportVersionNotes") 
VALUES(9,TRUE,98,'03/01/2017 18:44:13.551880',E'VGLINHXFTQOJMP',NULL,'02/16/2017 06:39:15.821865',E'BZAIAJWQD',55,-715375518,E'WWMVZRDKYHWLNSJKAONR');
INSERT INTO "public"."Report"("ID","Active","CaseID","CreatedDate","CreatedUUID","JsonExtendedData","ModifiedDate","ModifiedUUID","ReportTemplateID","ReportVersion","ReportVersionNotes") 
VALUES(10,FALSE,76,'03/10/2017 14:07:52.004629',E'BYDTB',NULL,'03/08/2017 11:37:01.994098',E'QMRHSHQS',34,-1702858314,E'LKBWEWCSHVYLGTGTQMPHZFN');
INSERT INTO "public"."Report"("ID","Active","CaseID","CreatedDate","CreatedUUID","JsonExtendedData","ModifiedDate","ModifiedUUID","ReportTemplateID","ReportVersion","ReportVersionNotes") 
VALUES(11,TRUE,97,'02/12/2017 10:37:02.493805',E'FUFPP',NULL,'02/09/2017 01:32:51.700792',E'LCKGAWETSMUBRWSQONCNGXV',56,1722380624,E'UUKORFOTYIVJCFGMSRXV');
INSERT INTO "public"."Report"("ID","Active","CaseID","CreatedDate","CreatedUUID","JsonExtendedData","ModifiedDate","ModifiedUUID","ReportTemplateID","ReportVersion","ReportVersionNotes") 
VALUES(12,FALSE,33,'03/09/2017 09:16:10.695884',E'OIBQGTZJU',NULL,'03/01/2017 00:35:07.282237',E'KUHKHF',82,-28397186,E'YZZWAS');
INSERT INTO "public"."Report"("ID","Active","CaseID","CreatedDate","CreatedUUID","JsonExtendedData","ModifiedDate","ModifiedUUID","ReportTemplateID","ReportVersion","ReportVersionNotes") 
VALUES(13,FALSE,93,'03/07/2017 20:22:19.576784',E'FXREPLJKLVVBDEKEESGZLQPG',NULL,'02/08/2017 03:27:29.451861',E'NGWFKQZSSBBA',16,-530118662,E'XIVHGIVCNJ');
INSERT INTO "public"."Report"("ID","Active","CaseID","CreatedDate","CreatedUUID","JsonExtendedData","ModifiedDate","ModifiedUUID","ReportTemplateID","ReportVersion","ReportVersionNotes") 
VALUES(14,FALSE,57,'01/29/2017 10:40:52.317825',E'DXSYHWUYKSDGAJCFHIRS',NULL,'02/15/2017 01:38:15.586999',E'IXJTGCVHTNFTMTIHPUFZD',33,-1942167672,E'TWHSLK');
INSERT INTO "public"."Report"("ID","Active","CaseID","CreatedDate","CreatedUUID","JsonExtendedData","ModifiedDate","ModifiedUUID","ReportTemplateID","ReportVersion","ReportVersionNotes") 
VALUES(15,TRUE,31,'03/16/2017 09:46:58.482347',E'TDTIWIHKOADUCLKDNLXCOC',NULL,'01/18/2017 06:44:40.341066',E'PEKDFJVRQDRNOPWWVWAQ',87,-260612098,E'WFEPOSCKONNJG');
INSERT INTO "public"."Report"("ID","Active","CaseID","CreatedDate","CreatedUUID","JsonExtendedData","ModifiedDate","ModifiedUUID","ReportTemplateID","ReportVersion","ReportVersionNotes") 
VALUES(16,FALSE,96,'02/15/2017 09:57:17.046063',E'GEVZBJWREQKXTJMEXM',NULL,'02/25/2017 01:24:37.629197',E'QXDXEXYIMQ',29,759125600,E'UZUOJGM');
INSERT INTO "public"."Report"("ID","Active","CaseID","CreatedDate","CreatedUUID","JsonExtendedData","ModifiedDate","ModifiedUUID","ReportTemplateID","ReportVersion","ReportVersionNotes") 
VALUES(17,FALSE,86,'01/21/2017 02:28:26.669087',E'HLKGOYRMPJBSRJSYRMASRUSKT',NULL,'03/09/2017 05:01:20.871326',E'RZZDXVBQ',40,-1723854468,E'EGQUHBFGNRDGURRXAAE');
INSERT INTO "public"."Report"("ID","Active","CaseID","CreatedDate","CreatedUUID","JsonExtendedData","ModifiedDate","ModifiedUUID","ReportTemplateID","ReportVersion","ReportVersionNotes") 
VALUES(18,TRUE,61,'02/25/2017 05:35:07.992263',E'DSVXCDCMVNWHEOKJQBKKW',NULL,'02/15/2017 07:46:23.708836',E'PRBJBSHFPGCUQ',53,1027338454,E'OLSKMQEG');
INSERT INTO "public"."Report"("ID","Active","CaseID","CreatedDate","CreatedUUID","JsonExtendedData","ModifiedDate","ModifiedUUID","ReportTemplateID","ReportVersion","ReportVersionNotes") 
VALUES(19,TRUE,11,'01/22/2017 10:43:34.432744',E'XSXGGHUIEYH',NULL,'02/13/2017 19:19:31.900500',E'BGSRQKESE',78,708891304,E'PZHLORCMSKKMCLIPBMJTKLZRS');
INSERT INTO "public"."Report"("ID","Active","CaseID","CreatedDate","CreatedUUID","JsonExtendedData","ModifiedDate","ModifiedUUID","ReportTemplateID","ReportVersion","ReportVersionNotes") 
VALUES(20,TRUE,78,'01/22/2017 16:26:48.860272',E'PTFBDDORSYWMRPYDNCJMN',NULL,'03/05/2017 01:58:57.815146',E'CCBAVOZCWWBIGYPTLLMISPSU',46,96889578,E'JWEZKVRINDJZQEKQ');
INSERT INTO "public"."Report"("ID","Active","CaseID","CreatedDate","CreatedUUID","JsonExtendedData","ModifiedDate","ModifiedUUID","ReportTemplateID","ReportVersion","ReportVersionNotes") 
VALUES(21,TRUE,1,'02/09/2017 10:05:48.883224',E'VQAXMBLUNDDEHDFTG',NULL,'03/01/2017 02:41:48.813041',E'QUESKNNNZ',2,630549826,E'VTQNVIFCDJWG');
INSERT INTO "public"."Report"("ID","Active","CaseID","CreatedDate","CreatedUUID","JsonExtendedData","ModifiedDate","ModifiedUUID","ReportTemplateID","ReportVersion","ReportVersionNotes") 
VALUES(22,FALSE,80,'02/21/2017 05:17:33.628986',E'PQXPOCPXHHNOGPBJQQPYLN',NULL,'02/14/2017 00:29:50.420711',E'UFAIGVMHBEJPFPFPU',93,1966628090,E'NXKFUJTDAIWWNEWYSHLGJOSS');
INSERT INTO "public"."Report"("ID","Active","CaseID","CreatedDate","CreatedUUID","JsonExtendedData","ModifiedDate","ModifiedUUID","ReportTemplateID","ReportVersion","ReportVersionNotes") 
VALUES(23,TRUE,56,'03/01/2017 02:44:19.444775',E'AXTYOLX',NULL,'02/04/2017 08:36:46.404990',E'YLJYRSYPGAMZ',37,-949969188,E'CWLBLHTCPUWLDFHRWKT');
INSERT INTO "public"."Report"("ID","Active","CaseID","CreatedDate","CreatedUUID","JsonExtendedData","ModifiedDate","ModifiedUUID","ReportTemplateID","ReportVersion","ReportVersionNotes") 
VALUES(24,FALSE,95,'02/06/2017 12:21:51.175139',E'QVNIKSIWIJWPXIBT',NULL,'02/24/2017 15:05:40.531392',E'JYPTWCQZKLCENQSVKQAGIUPZU',89,-1738694112,E'VDKYEXWWMRECLI');
INSERT INTO "public"."Report"("ID","Active","CaseID","CreatedDate","CreatedUUID","JsonExtendedData","ModifiedDate","ModifiedUUID","ReportTemplateID","ReportVersion","ReportVersionNotes") 
VALUES(25,TRUE,60,'01/22/2017 05:08:19.805961',E'WUXWUDDCSKSJ',NULL,'03/01/2017 05:48:52.336159',E'QEQII',38,725544798,E'NICSRIYLFHFDWVUDVHICDOJGK');
INSERT INTO "public"."Report"("ID","Active","CaseID","CreatedDate","CreatedUUID","JsonExtendedData","ModifiedDate","ModifiedUUID","ReportTemplateID","ReportVersion","ReportVersionNotes") 
VALUES(26,TRUE,59,'03/08/2017 01:30:25.881666',E'SMGRODIHSNZTWPFF',NULL,'02/16/2017 22:00:35.353025',E'WTFUKUQXFUJD',32,819289126,E'WVHUPMIOAHMGTQZF');
INSERT INTO "public"."Report"("ID","Active","CaseID","CreatedDate","CreatedUUID","JsonExtendedData","ModifiedDate","ModifiedUUID","ReportTemplateID","ReportVersion","ReportVersionNotes") 
VALUES(27,FALSE,90,'01/29/2017 11:32:34.323982',E'TZYRGDMZJWIGCZWB',NULL,'02/17/2017 19:24:46.865860',E'KLCVDEHELSETBO',12,127212924,E'NNXWYA');
INSERT INTO "public"."Report"("ID","Active","CaseID","CreatedDate","CreatedUUID","JsonExtendedData","ModifiedDate","ModifiedUUID","ReportTemplateID","ReportVersion","ReportVersionNotes") 
VALUES(28,FALSE,83,'03/17/2017 07:38:46.760323',E'URBTEEEWORTUL',NULL,'03/02/2017 21:59:52.338821',E'VHMLZEKWPWWO',91,-826081938,E'FYHRFORMTIZUXVSQUCGKHFFMM');
INSERT INTO "public"."Report"("ID","Active","CaseID","CreatedDate","CreatedUUID","JsonExtendedData","ModifiedDate","ModifiedUUID","ReportTemplateID","ReportVersion","ReportVersionNotes") 
VALUES(29,TRUE,68,'02/22/2017 11:11:52.329966',E'MRPTZMIFVNVNEHBJFYA',NULL,'01/27/2017 01:31:50.061404',E'TGJBJLUATMDVRJRZG',68,1670146342,E'IONFYZLBJNRYZIOWXAKQLIXL');
INSERT INTO "public"."Report"("ID","Active","CaseID","CreatedDate","CreatedUUID","JsonExtendedData","ModifiedDate","ModifiedUUID","ReportTemplateID","ReportVersion","ReportVersionNotes") 
VALUES(30,TRUE,91,'02/24/2017 11:36:35.533033',E'MRYXORMEPDOPGUUWNSAFYHVV',NULL,'02/13/2017 22:37:19.730127',E'JOXBXYIAUMTB',70,-1756646784,E'OZPZYJ');
INSERT INTO "public"."Report"("ID","Active","CaseID","CreatedDate","CreatedUUID","JsonExtendedData","ModifiedDate","ModifiedUUID","ReportTemplateID","ReportVersion","ReportVersionNotes") 
VALUES(31,FALSE,71,'02/03/2017 16:20:18.752674',E'VNCDTTOQWDBA',NULL,'01/26/2017 03:49:24.952346',E'VUAGTUUTOLGQJO',100,-357302926,E'FDTXBCEBQPEYZBWBTOTT');
INSERT INTO "public"."Report"("ID","Active","CaseID","CreatedDate","CreatedUUID","JsonExtendedData","ModifiedDate","ModifiedUUID","ReportTemplateID","ReportVersion","ReportVersionNotes") 
VALUES(32,TRUE,36,'02/10/2017 22:07:05.143776',E'RMVFLWBQUBDCRDCCZKADKC',NULL,'02/11/2017 10:57:41.288815',E'QPBDKZCVKIQSOHFQVGNL',71,-825983464,E'DLJTXTM');
INSERT INTO "public"."Report"("ID","Active","CaseID","CreatedDate","CreatedUUID","JsonExtendedData","ModifiedDate","ModifiedUUID","ReportTemplateID","ReportVersion","ReportVersionNotes") 
VALUES(33,FALSE,26,'02/05/2017 05:29:37.970629',E'IJPKUKFASMRATDZOEACM',NULL,'02/05/2017 10:01:18.241846',E'VTCMOILKOILE',45,-969768434,E'GAOEBWXOY');
INSERT INTO "public"."Report"("ID","Active","CaseID","CreatedDate","CreatedUUID","JsonExtendedData","ModifiedDate","ModifiedUUID","ReportTemplateID","ReportVersion","ReportVersionNotes") 
VALUES(34,FALSE,58,'02/27/2017 05:27:53.001620',E'SIEGXPOOVLKGIFGVLOEJTSGYF',NULL,'02/17/2017 07:57:49.029249',E'JEZLQBBGZEAD',19,502827298,E'UFPUSADOSGDLPZMLMA');
INSERT INTO "public"."Report"("ID","Active","CaseID","CreatedDate","CreatedUUID","JsonExtendedData","ModifiedDate","ModifiedUUID","ReportTemplateID","ReportVersion","ReportVersionNotes") 
VALUES(35,TRUE,81,'01/27/2017 10:22:02.235008',E'WGFEZFDPCA',NULL,'02/18/2017 12:57:26.966407',E'FEIHJCSISXZACU',3,-1477220300,E'PLXCA');
INSERT INTO "public"."Report"("ID","Active","CaseID","CreatedDate","CreatedUUID","JsonExtendedData","ModifiedDate","ModifiedUUID","ReportTemplateID","ReportVersion","ReportVersionNotes") 
VALUES(36,TRUE,23,'01/22/2017 15:37:34.152511',E'VSHNV',NULL,'02/22/2017 11:35:33.169116',E'JJDWXMGFRBMURYUGT',48,1564361320,E'WPGVKEFECNFYL');
INSERT INTO "public"."Report"("ID","Active","CaseID","CreatedDate","CreatedUUID","JsonExtendedData","ModifiedDate","ModifiedUUID","ReportTemplateID","ReportVersion","ReportVersionNotes") 
VALUES(37,TRUE,94,'03/07/2017 06:57:52.617823',E'ORHSKEKKSAGDRP',NULL,'01/28/2017 16:50:58.279403',E'LLFQEYUG',24,-1569051822,E'AIKKS');
INSERT INTO "public"."Report"("ID","Active","CaseID","CreatedDate","CreatedUUID","JsonExtendedData","ModifiedDate","ModifiedUUID","ReportTemplateID","ReportVersion","ReportVersionNotes") 
VALUES(38,TRUE,67,'02/04/2017 01:17:06.236577',E'HDLGPU',NULL,'02/21/2017 03:09:28.564944',E'MXQXC',72,45229612,E'FOTOYPMFYR');
INSERT INTO "public"."Report"("ID","Active","CaseID","CreatedDate","CreatedUUID","JsonExtendedData","ModifiedDate","ModifiedUUID","ReportTemplateID","ReportVersion","ReportVersionNotes") 
VALUES(39,TRUE,55,'02/02/2017 06:53:02.226095',E'JYKYENNPSKMVD',NULL,'01/25/2017 22:25:01.374526',E'UFZZVMGHEDYBPDDWZBJW',74,-35105348,E'KHMAV');
INSERT INTO "public"."Report"("ID","Active","CaseID","CreatedDate","CreatedUUID","JsonExtendedData","ModifiedDate","ModifiedUUID","ReportTemplateID","ReportVersion","ReportVersionNotes") 
VALUES(40,TRUE,84,'02/07/2017 06:03:46.624766',E'XULXBXZ',NULL,'02/03/2017 02:10:34.656464',E'UZPKBCV',17,-1605047752,E'KMJPYUHZRJW');
INSERT INTO "public"."Report"("ID","Active","CaseID","CreatedDate","CreatedUUID","JsonExtendedData","ModifiedDate","ModifiedUUID","ReportTemplateID","ReportVersion","ReportVersionNotes") 
VALUES(41,TRUE,79,'01/20/2017 01:12:29.202352',E'GKIKGKKQBINJLLFOESDCUM',NULL,'01/21/2017 14:36:48.151640',E'LTEFVEYKNBPN',49,652022556,E'OTKEVZELOBZABFSJF');
INSERT INTO "public"."Report"("ID","Active","CaseID","CreatedDate","CreatedUUID","JsonExtendedData","ModifiedDate","ModifiedUUID","ReportTemplateID","ReportVersion","ReportVersionNotes") 
VALUES(42,FALSE,40,'03/08/2017 00:39:52.936754',E'IWPJYBJIBYL',NULL,'02/01/2017 19:02:08.722014',E'CLGFU',39,2081548504,E'BPQBTAPJH');
INSERT INTO "public"."Report"("ID","Active","CaseID","CreatedDate","CreatedUUID","JsonExtendedData","ModifiedDate","ModifiedUUID","ReportTemplateID","ReportVersion","ReportVersionNotes") 
VALUES(43,TRUE,49,'02/09/2017 07:37:44.551342',E'CQTRFALQQEYUS',NULL,'03/09/2017 19:02:48.346870',E'EIUONZZNFPTIX',6,2077113904,E'FCRPJ');
INSERT INTO "public"."Report"("ID","Active","CaseID","CreatedDate","CreatedUUID","JsonExtendedData","ModifiedDate","ModifiedUUID","ReportTemplateID","ReportVersion","ReportVersionNotes") 
VALUES(44,TRUE,65,'02/06/2017 23:56:43.839558',E'KHLJVSXICFWQLUWFCASTTWZT',NULL,'03/08/2017 19:14:51.956055',E'IOJAKYWCSBEGXGWMOSF',60,559235702,E'ULRKKMU');
INSERT INTO "public"."Report"("ID","Active","CaseID","CreatedDate","CreatedUUID","JsonExtendedData","ModifiedDate","ModifiedUUID","ReportTemplateID","ReportVersion","ReportVersionNotes") 
VALUES(45,FALSE,19,'02/16/2017 18:40:03.976871',E'RYJZHJK',NULL,'02/08/2017 17:16:58.612288',E'EEFBXBLHNFHNMGXBQW',69,1686021048,E'UJLAVUI');
INSERT INTO "public"."Report"("ID","Active","CaseID","CreatedDate","CreatedUUID","JsonExtendedData","ModifiedDate","ModifiedUUID","ReportTemplateID","ReportVersion","ReportVersionNotes") 
VALUES(46,FALSE,54,'02/17/2017 03:39:28.897217',E'RNEBQSKLEPLTPVPOMD',NULL,'01/29/2017 16:28:22.467107',E'RMWGWMUOOIUZTZTUP',51,-1238435270,E'QHSUUUSJA');
INSERT INTO "public"."Report"("ID","Active","CaseID","CreatedDate","CreatedUUID","JsonExtendedData","ModifiedDate","ModifiedUUID","ReportTemplateID","ReportVersion","ReportVersionNotes") 
VALUES(47,FALSE,41,'01/25/2017 10:50:40.153079',E'RCLALMYFHHVOJIQDWFIKIZNH',NULL,'03/12/2017 17:18:47.680131',E'AQCSFMIOTV',7,-970059360,E'CZWXPEQOWZVNOURTWMKOD');
INSERT INTO "public"."Report"("ID","Active","CaseID","CreatedDate","CreatedUUID","JsonExtendedData","ModifiedDate","ModifiedUUID","ReportTemplateID","ReportVersion","ReportVersionNotes") 
VALUES(48,FALSE,29,'02/05/2017 13:46:02.710597',E'HYCOLGUWWJVYTU',NULL,'02/10/2017 00:48:01.059768',E'ESUXQYSTWSGCC',4,-91798690,E'COUVYVLYOVFDPOZMFVPXDXGX');
INSERT INTO "public"."Report"("ID","Active","CaseID","CreatedDate","CreatedUUID","JsonExtendedData","ModifiedDate","ModifiedUUID","ReportTemplateID","ReportVersion","ReportVersionNotes") 
VALUES(49,TRUE,25,'03/14/2017 09:14:55.502037',E'EPPLFPR',NULL,'03/04/2017 11:13:05.654506',E'QFCUJDXFP',31,-967307478,E'XGCHZAOBZZIKL');
INSERT INTO "public"."Report"("ID","Active","CaseID","CreatedDate","CreatedUUID","JsonExtendedData","ModifiedDate","ModifiedUUID","ReportTemplateID","ReportVersion","ReportVersionNotes") 
VALUES(50,FALSE,18,'02/03/2017 15:35:42.782195',E'OQAOGREPMWF',NULL,'02/23/2017 16:02:32.464553',E'UUBRVXAEEDGGBOLKCLJDSAPKX',27,-1085558150,E'AJYQPRSCQSTNDXJ');
INSERT INTO "public"."Report"("ID","Active","CaseID","CreatedDate","CreatedUUID","JsonExtendedData","ModifiedDate","ModifiedUUID","ReportTemplateID","ReportVersion","ReportVersionNotes") 
VALUES(51,FALSE,73,'03/01/2017 19:00:48.348371',E'WLNRDNHZ',NULL,'03/02/2017 02:34:54.680479',E'ZXRPGNJLD',36,45254668,E'DXMKFLH');
INSERT INTO "public"."Report"("ID","Active","CaseID","CreatedDate","CreatedUUID","JsonExtendedData","ModifiedDate","ModifiedUUID","ReportTemplateID","ReportVersion","ReportVersionNotes") 
VALUES(52,FALSE,44,'01/18/2017 22:10:14.151437',E'HKZFVRXYQPBLBQJYF',NULL,'02/13/2017 00:50:10.160901',E'BKGVLQLHD',77,386010844,E'AELMWTCMYYXQQAUKFWDK');
INSERT INTO "public"."Report"("ID","Active","CaseID","CreatedDate","CreatedUUID","JsonExtendedData","ModifiedDate","ModifiedUUID","ReportTemplateID","ReportVersion","ReportVersionNotes") 
VALUES(53,FALSE,6,'02/19/2017 10:42:35.093855',E'AABKJBQOCKRP',NULL,'03/13/2017 14:19:55.380848',E'MMCIRYOJCAW',23,-2011309320,E'UYSWJ');
INSERT INTO "public"."Report"("ID","Active","CaseID","CreatedDate","CreatedUUID","JsonExtendedData","ModifiedDate","ModifiedUUID","ReportTemplateID","ReportVersion","ReportVersionNotes") 
VALUES(54,TRUE,87,'01/20/2017 21:24:00.173345',E'BZDLDGXCXTXYVHSDVIUDKIEY',NULL,'03/13/2017 08:51:18.093495',E'QZKUEV',22,1611846640,E'OZBKYNFHCFMBEBW');
INSERT INTO "public"."Report"("ID","Active","CaseID","CreatedDate","CreatedUUID","JsonExtendedData","ModifiedDate","ModifiedUUID","ReportTemplateID","ReportVersion","ReportVersionNotes") 
VALUES(55,FALSE,42,'02/23/2017 16:56:48.566524',E'FBTLRC',NULL,'03/09/2017 21:55:53.937285',E'ONKUBWWAZOASXEXSMTAWICAG',99,1947772028,E'IBGAJCXIT');
INSERT INTO "public"."Report"("ID","Active","CaseID","CreatedDate","CreatedUUID","JsonExtendedData","ModifiedDate","ModifiedUUID","ReportTemplateID","ReportVersion","ReportVersionNotes") 
VALUES(56,TRUE,43,'01/27/2017 16:35:25.721420',E'ZRDVTQU',NULL,'02/23/2017 03:45:56.120607',E'ZMNWCRHPIVPAQOGUG',94,-36223466,E'BBLEGCZUVDOKL');
INSERT INTO "public"."Report"("ID","Active","CaseID","CreatedDate","CreatedUUID","JsonExtendedData","ModifiedDate","ModifiedUUID","ReportTemplateID","ReportVersion","ReportVersionNotes") 
VALUES(57,FALSE,82,'03/09/2017 17:59:13.602058',E'OLVZRMDLIDEKDYTFXRZGCH',NULL,'03/13/2017 17:14:25.750782',E'ACSILJBCAUQ',76,1077579492,E'DSDPUOHCCECXLYZTRNVNFDXID');
INSERT INTO "public"."Report"("ID","Active","CaseID","CreatedDate","CreatedUUID","JsonExtendedData","ModifiedDate","ModifiedUUID","ReportTemplateID","ReportVersion","ReportVersionNotes") 
VALUES(58,FALSE,50,'02/11/2017 07:03:10.670514',E'XCGEYPQGYZVJDJPFRSAWXHTV',NULL,'01/30/2017 13:15:02.416604',E'XBUAHNDQPTDSZIKCMBRTLP',18,-998539948,E'NRWDEFDQZT');
INSERT INTO "public"."Report"("ID","Active","CaseID","CreatedDate","CreatedUUID","JsonExtendedData","ModifiedDate","ModifiedUUID","ReportTemplateID","ReportVersion","ReportVersionNotes") 
VALUES(59,FALSE,9,'03/12/2017 08:30:38.381189',E'NHUFKG',NULL,'03/03/2017 08:42:44.908159',E'CAHWQBYPRBSIAVYYQ',61,-2023671572,E'RTAOHRICNKAVKAJSJM');
INSERT INTO "public"."Report"("ID","Active","CaseID","CreatedDate","CreatedUUID","JsonExtendedData","ModifiedDate","ModifiedUUID","ReportTemplateID","ReportVersion","ReportVersionNotes") 
VALUES(60,FALSE,66,'02/23/2017 16:33:43.557286',E'OSQDWEOKTMU',NULL,'02/07/2017 18:30:20.146575',E'WDHTIYNHETCFFSFLBVCMR',9,-2092612,E'ZMLBY');
INSERT INTO "public"."Report"("ID","Active","CaseID","CreatedDate","CreatedUUID","JsonExtendedData","ModifiedDate","ModifiedUUID","ReportTemplateID","ReportVersion","ReportVersionNotes") 
VALUES(61,FALSE,99,'02/27/2017 12:39:14.961600',E'BYKBMMUIUECHMBHLGATMLORIO',NULL,'03/15/2017 14:42:32.885948',E'RJZMUKFWSMXB',35,-810774726,E'GPYGUGE');
INSERT INTO "public"."Report"("ID","Active","CaseID","CreatedDate","CreatedUUID","JsonExtendedData","ModifiedDate","ModifiedUUID","ReportTemplateID","ReportVersion","ReportVersionNotes") 
VALUES(62,TRUE,5,'03/10/2017 08:35:56.301872',E'AOXVGILBOX',NULL,'02/21/2017 19:47:22.658854',E'NMMRDBVQCV',14,1240420786,E'ZEVHYDMKOHTAVMOMID');
INSERT INTO "public"."Report"("ID","Active","CaseID","CreatedDate","CreatedUUID","JsonExtendedData","ModifiedDate","ModifiedUUID","ReportTemplateID","ReportVersion","ReportVersionNotes") 
VALUES(63,FALSE,52,'02/05/2017 10:27:49.099736',E'FFSTIO',NULL,'03/11/2017 12:03:32.579441',E'JQAHFY',58,-19077968,E'PTTJEACMCIOZARIRAXEQEG');
INSERT INTO "public"."Report"("ID","Active","CaseID","CreatedDate","CreatedUUID","JsonExtendedData","ModifiedDate","ModifiedUUID","ReportTemplateID","ReportVersion","ReportVersionNotes") 
VALUES(64,FALSE,45,'01/20/2017 09:55:01.596575',E'QMPBWTZFCRSMWPQGZLVNL',NULL,'02/23/2017 07:21:12.335976',E'XDPZGGJDVQQQCZUJKNSELKDVJ',10,1479155680,E'PTMYPYVOJGFCCHUIBVO');
INSERT INTO "public"."Report"("ID","Active","CaseID","CreatedDate","CreatedUUID","JsonExtendedData","ModifiedDate","ModifiedUUID","ReportTemplateID","ReportVersion","ReportVersionNotes") 
VALUES(65,TRUE,64,'01/18/2017 14:37:04.390228',E'SXUADXNUXINHXIRX',NULL,'02/05/2017 18:09:58.842836',E'OVWIGTYVFPSCKSBQXP',64,898832894,E'MIMMIQIUXTXAVACVDOGZ');
INSERT INTO "public"."Report"("ID","Active","CaseID","CreatedDate","CreatedUUID","JsonExtendedData","ModifiedDate","ModifiedUUID","ReportTemplateID","ReportVersion","ReportVersionNotes") 
VALUES(66,TRUE,85,'02/18/2017 10:58:13.718282',E'UHENYADUHCHJCOEJWF',NULL,'02/26/2017 15:26:55.111711',E'MTXUHVPQYZUJJWK',65,1284493266,E'VJRSRI');
INSERT INTO "public"."Report"("ID","Active","CaseID","CreatedDate","CreatedUUID","JsonExtendedData","ModifiedDate","ModifiedUUID","ReportTemplateID","ReportVersion","ReportVersionNotes") 
VALUES(67,FALSE,37,'02/13/2017 11:17:40.767102',E'FVYGCUBSKHLVWFZMVGUHPD',NULL,'02/08/2017 22:17:04.653278',E'MXEZIMOSPLWYN',54,1972718824,E'QKRQGFVUQYHKEMUARAOFIOON');
INSERT INTO "public"."Report"("ID","Active","CaseID","CreatedDate","CreatedUUID","JsonExtendedData","ModifiedDate","ModifiedUUID","ReportTemplateID","ReportVersion","ReportVersionNotes") 
VALUES(68,FALSE,17,'02/23/2017 09:58:27.788958',E'EKBTXUPGJUUTUMFH',NULL,'02/13/2017 13:08:49.468008',E'ZUGAWVTGLDXUXPALYMKOVKN',43,-1662217906,E'RHZEVMDURUQ');
INSERT INTO "public"."Report"("ID","Active","CaseID","CreatedDate","CreatedUUID","JsonExtendedData","ModifiedDate","ModifiedUUID","ReportTemplateID","ReportVersion","ReportVersionNotes") 
VALUES(69,TRUE,46,'01/19/2017 22:32:33.011332',E'KLFZRTJBPU',NULL,'02/11/2017 07:47:06.137403',E'BLUSUYMVQTHTJA',79,1865918134,E'BCZVBFLEEANTJCXMWLKSOKN');
INSERT INTO "public"."Report"("ID","Active","CaseID","CreatedDate","CreatedUUID","JsonExtendedData","ModifiedDate","ModifiedUUID","ReportTemplateID","ReportVersion","ReportVersionNotes") 
VALUES(70,TRUE,4,'03/03/2017 21:37:15.466256',E'DNRZLVLHOKGGWPIHGXBDTTNMS',NULL,'02/24/2017 15:38:44.441948',E'NHVAQM',42,-1365085844,E'PBTTMXHWPBNX');
INSERT INTO "public"."Report"("ID","Active","CaseID","CreatedDate","CreatedUUID","JsonExtendedData","ModifiedDate","ModifiedUUID","ReportTemplateID","ReportVersion","ReportVersionNotes") 
VALUES(71,FALSE,75,'01/19/2017 19:41:53.305311',E'DFLZGYPYNMRWKZW',NULL,'01/22/2017 16:09:27.188698',E'KUICUAUGJMPNPS',67,717521246,E'KCWUSEMZJQVXWENTFTSYGQNH');
INSERT INTO "public"."Report"("ID","Active","CaseID","CreatedDate","CreatedUUID","JsonExtendedData","ModifiedDate","ModifiedUUID","ReportTemplateID","ReportVersion","ReportVersionNotes") 
VALUES(72,FALSE,72,'01/26/2017 17:49:52.903823',E'WPHNSGLNLLDQPELK',NULL,'01/20/2017 11:49:32.609865',E'ZGOSWD',20,-888563224,E'YLTMUGXVIOAYUGASARXBEVNL');
INSERT INTO "public"."Report"("ID","Active","CaseID","CreatedDate","CreatedUUID","JsonExtendedData","ModifiedDate","ModifiedUUID","ReportTemplateID","ReportVersion","ReportVersionNotes") 
VALUES(73,FALSE,21,'02/09/2017 14:32:25.477838',E'DZZZHLYLWXIUEOGHRIFACVMMI',NULL,'02/23/2017 09:48:00.516597',E'WLTQRNCDYHLCRPFE',26,-480807724,E'ABPZN');
INSERT INTO "public"."Report"("ID","Active","CaseID","CreatedDate","CreatedUUID","JsonExtendedData","ModifiedDate","ModifiedUUID","ReportTemplateID","ReportVersion","ReportVersionNotes") 
VALUES(74,TRUE,14,'03/14/2017 00:05:29.645429',E'VLOLMVSWIJZ',NULL,'02/26/2017 07:06:56.320442',E'IMMLJAJVGQDIHMTT',98,-2101920448,E'GFNSNAVFWRN');
INSERT INTO "public"."Report"("ID","Active","CaseID","CreatedDate","CreatedUUID","JsonExtendedData","ModifiedDate","ModifiedUUID","ReportTemplateID","ReportVersion","ReportVersionNotes") 
VALUES(75,FALSE,8,'01/22/2017 07:57:10.366647',E'WNWIFHBCYK',NULL,'01/31/2017 22:40:41.708272',E'URSVAOXVJZPTVYMXOA',75,-870959580,E'AWREHXBN');
INSERT INTO "public"."Report"("ID","Active","CaseID","CreatedDate","CreatedUUID","JsonExtendedData","ModifiedDate","ModifiedUUID","ReportTemplateID","ReportVersion","ReportVersionNotes") 
VALUES(76,TRUE,27,'03/18/2017 01:15:37.438733',E'CHNHYJRIRIPIFWF',NULL,'01/27/2017 23:31:37.626320',E'FOFGNKRBQVOILDSF',52,-969106302,E'DAAJAQQOMDPZSSJKC');
INSERT INTO "public"."Report"("ID","Active","CaseID","CreatedDate","CreatedUUID","JsonExtendedData","ModifiedDate","ModifiedUUID","ReportTemplateID","ReportVersion","ReportVersionNotes") 
VALUES(77,TRUE,12,'02/14/2017 01:33:10.763987',E'WLTGGXRCNTOTYPJMEE',NULL,'01/21/2017 05:53:59.084543',E'MLHVUQAQSUBFRWFLUHK',66,-1253622060,E'GEMLPMJKAPPVESATZFFUT');
INSERT INTO "public"."Report"("ID","Active","CaseID","CreatedDate","CreatedUUID","JsonExtendedData","ModifiedDate","ModifiedUUID","ReportTemplateID","ReportVersion","ReportVersionNotes") 
VALUES(78,TRUE,100,'02/26/2017 02:26:50.413098',E'BBWRX',NULL,'02/05/2017 09:29:53.760968',E'AJLDZWMORGOPOANOU',62,1483598750,E'TJXIFFVRLMTEODGGIZDUCU');
INSERT INTO "public"."Report"("ID","Active","CaseID","CreatedDate","CreatedUUID","JsonExtendedData","ModifiedDate","ModifiedUUID","ReportTemplateID","ReportVersion","ReportVersionNotes") 
VALUES(79,FALSE,63,'01/27/2017 15:31:26.247495',E'MLFTFXDXWVMGHFPV',NULL,'01/18/2017 17:48:56.845425',E'NEGRONOZFHDAXFFKWAOWCCD',88,-1735900908,E'DLZCU');
INSERT INTO "public"."Report"("ID","Active","CaseID","CreatedDate","CreatedUUID","JsonExtendedData","ModifiedDate","ModifiedUUID","ReportTemplateID","ReportVersion","ReportVersionNotes") 
VALUES(80,TRUE,89,'02/10/2017 07:16:24.046914',E'XXMTQJMKD',NULL,'02/12/2017 22:03:58.375255',E'LPQGBIGWCWDRQMZZU',97,426284192,E'WQPLQFGQPXZHDLEDLMJNJV');
INSERT INTO "public"."Report"("ID","Active","CaseID","CreatedDate","CreatedUUID","JsonExtendedData","ModifiedDate","ModifiedUUID","ReportTemplateID","ReportVersion","ReportVersionNotes") 
VALUES(81,FALSE,47,'03/02/2017 22:06:24.601951',E'KPPISOUBXYXGSBNEUU',NULL,'03/13/2017 17:41:55.622720',E'GAEHSKSCO',11,552985358,E'DFMRQYNEY');
INSERT INTO "public"."Report"("ID","Active","CaseID","CreatedDate","CreatedUUID","JsonExtendedData","ModifiedDate","ModifiedUUID","ReportTemplateID","ReportVersion","ReportVersionNotes") 
VALUES(82,TRUE,16,'03/15/2017 07:29:57.855975',E'CKJDBAGZGXKZNXXQRMKQ',NULL,'01/25/2017 07:19:28.342634',E'OGEFPOZADCXJQQIVXLWBWGF',92,-284295504,E'WSXYSO');
INSERT INTO "public"."Report"("ID","Active","CaseID","CreatedDate","CreatedUUID","JsonExtendedData","ModifiedDate","ModifiedUUID","ReportTemplateID","ReportVersion","ReportVersionNotes") 
VALUES(83,TRUE,2,'01/27/2017 11:01:47.192146',E'EEJUEEQMDCBCYGKVGRTZQD',NULL,'02/27/2017 12:15:37.999917',E'MUAKISMZ',95,2144079300,E'RXBNGJHLJUEGCA');
INSERT INTO "public"."Report"("ID","Active","CaseID","CreatedDate","CreatedUUID","JsonExtendedData","ModifiedDate","ModifiedUUID","ReportTemplateID","ReportVersion","ReportVersionNotes") 
VALUES(84,TRUE,62,'01/28/2017 23:36:50.955639',E'PDUEWBNHPDIAUERUF',NULL,'03/11/2017 11:05:47.365938',E'UVCVCTYSEFPTSODHCBTK',30,765215246,E'VOOHOQ');
INSERT INTO "public"."Report"("ID","Active","CaseID","CreatedDate","CreatedUUID","JsonExtendedData","ModifiedDate","ModifiedUUID","ReportTemplateID","ReportVersion","ReportVersionNotes") 
VALUES(85,TRUE,53,'02/18/2017 03:32:05.122265',E'TUHQUTQDYWTRJSNENEB',NULL,'03/14/2017 01:52:23.704371',E'FHFZWWPWUQLQOTF',41,1840578092,E'NYYVPGJQOT');
INSERT INTO "public"."Report"("ID","Active","CaseID","CreatedDate","CreatedUUID","JsonExtendedData","ModifiedDate","ModifiedUUID","ReportTemplateID","ReportVersion","ReportVersionNotes") 
VALUES(86,TRUE,7,'01/30/2017 21:49:57.244542',E'BOSCLWBIMFMTTBDG',NULL,'01/31/2017 13:28:27.116183',E'VUNYUICOAZDMAOOCXQEGXB',90,-2053409632,E'TZDPTWDBQW');
INSERT INTO "public"."Report"("ID","Active","CaseID","CreatedDate","CreatedUUID","JsonExtendedData","ModifiedDate","ModifiedUUID","ReportTemplateID","ReportVersion","ReportVersionNotes") 
VALUES(87,FALSE,28,'02/01/2017 08:47:23.515914',E'QOVLEINM',NULL,'02/07/2017 20:46:16.016280',E'UTPASTIFNPRJEAKGQXEMJ',15,-1593460928,E'UFCREXRSAVQNZ');
INSERT INTO "public"."Report"("ID","Active","CaseID","CreatedDate","CreatedUUID","JsonExtendedData","ModifiedDate","ModifiedUUID","ReportTemplateID","ReportVersion","ReportVersionNotes") 
VALUES(88,FALSE,92,'02/16/2017 02:18:27.507590',E'TPEROIZDHEUK',NULL,'03/01/2017 08:53:44.970564',E'JYDPMNJJKQMLAHYARHJVMO',21,2118245294,E'NAHEYCSDIYNXR');
INSERT INTO "public"."Report"("ID","Active","CaseID","CreatedDate","CreatedUUID","JsonExtendedData","ModifiedDate","ModifiedUUID","ReportTemplateID","ReportVersion","ReportVersionNotes") 
VALUES(89,FALSE,35,'03/18/2017 00:35:12.865068',E'PKGNYUHKHVSRISTMPJTDYHGJ',NULL,'02/14/2017 11:23:23.556564',E'YWGDHBZBXWQOYNOAYAG',85,364773098,E'ALJIRCQWFHN');
INSERT INTO "public"."Report"("ID","Active","CaseID","CreatedDate","CreatedUUID","JsonExtendedData","ModifiedDate","ModifiedUUID","ReportTemplateID","ReportVersion","ReportVersionNotes") 
VALUES(90,FALSE,3,'03/09/2017 21:34:51.534875',E'ZSGPCTFGQWWXFTJISJYUQFBCM',NULL,'02/18/2017 18:40:05.252839',E'KJOJNLWP',57,1823146354,E'OGMSJXTOMJIAOKSZQ');
INSERT INTO "public"."Report"("ID","Active","CaseID","CreatedDate","CreatedUUID","JsonExtendedData","ModifiedDate","ModifiedUUID","ReportTemplateID","ReportVersion","ReportVersionNotes") 
VALUES(91,TRUE,88,'02/06/2017 17:09:46.254349',E'YVLYM',NULL,'02/09/2017 16:54:57.676471',E'LTZQJCATEAIVJYWZL',73,1324113088,E'RIMPZQWVJUGXPLWLHCSINARK');
INSERT INTO "public"."Report"("ID","Active","CaseID","CreatedDate","CreatedUUID","JsonExtendedData","ModifiedDate","ModifiedUUID","ReportTemplateID","ReportVersion","ReportVersionNotes") 
VALUES(92,TRUE,30,'02/27/2017 03:05:18.643725',E'PIAIJVFPQHCDCITSQGSSQ',NULL,'01/20/2017 14:50:06.875959',E'GBDNE',13,2143136608,E'NVCQL');
INSERT INTO "public"."Report"("ID","Active","CaseID","CreatedDate","CreatedUUID","JsonExtendedData","ModifiedDate","ModifiedUUID","ReportTemplateID","ReportVersion","ReportVersionNotes") 
VALUES(93,FALSE,34,'02/11/2017 03:53:40.414668',E'GARQYQUVQFIDPUNWILGRFBIFY',NULL,'02/17/2017 14:38:41.849593',E'PHHZIIAZVSVUCT',63,2101259978,E'AXGIMCTP');
INSERT INTO "public"."Report"("ID","Active","CaseID","CreatedDate","CreatedUUID","JsonExtendedData","ModifiedDate","ModifiedUUID","ReportTemplateID","ReportVersion","ReportVersionNotes") 
VALUES(94,FALSE,74,'02/04/2017 04:41:12.612220',E'JALOAKZZRRHLFEMEBGH',NULL,'03/06/2017 07:12:49.722052',E'PKAIZHAVXIMXUCGYWWIV',8,-1639591510,E'OSWYGQZT');
INSERT INTO "public"."Report"("ID","Active","CaseID","CreatedDate","CreatedUUID","JsonExtendedData","ModifiedDate","ModifiedUUID","ReportTemplateID","ReportVersion","ReportVersionNotes") 
VALUES(95,FALSE,69,'02/26/2017 04:15:59.109518',E'KDYMNRVMHDQWTUOQZKYJSFYK',NULL,'02/24/2017 12:11:53.302896',E'LHXEJVKHFXMZLBEPAUD',50,-104333460,E'IGPXJWUTFDHTKLUSNMWPL');
INSERT INTO "public"."Report"("ID","Active","CaseID","CreatedDate","CreatedUUID","JsonExtendedData","ModifiedDate","ModifiedUUID","ReportTemplateID","ReportVersion","ReportVersionNotes") 
VALUES(96,FALSE,15,'02/10/2017 14:46:16.486149',E'SVOVWCHWWFQGSZWXDC',NULL,'03/12/2017 11:59:52.899238',E'KQTCK',83,-1185789462,E'GOGSFHF');
INSERT INTO "public"."Report"("ID","Active","CaseID","CreatedDate","CreatedUUID","JsonExtendedData","ModifiedDate","ModifiedUUID","ReportTemplateID","ReportVersion","ReportVersionNotes") 
VALUES(97,TRUE,70,'03/03/2017 08:49:48.229714',E'KBLASJMXAL',NULL,'01/24/2017 02:43:56.159752',E'VENFDWUQRWZBDQYLRUWA',86,-915226868,E'XLSRYHTTNLKMK');
INSERT INTO "public"."Report"("ID","Active","CaseID","CreatedDate","CreatedUUID","JsonExtendedData","ModifiedDate","ModifiedUUID","ReportTemplateID","ReportVersion","ReportVersionNotes") 
VALUES(98,TRUE,39,'02/12/2017 10:18:14.123618',E'BWTVMUKXDEEVKCWHFUVRFPOEQ',NULL,'03/17/2017 23:59:08.268482',E'ZOFRTWZDADEIKOVIVXJTQ',84,-1940073856,E'KIYTSADBH');
INSERT INTO "public"."Report"("ID","Active","CaseID","CreatedDate","CreatedUUID","JsonExtendedData","ModifiedDate","ModifiedUUID","ReportTemplateID","ReportVersion","ReportVersionNotes") 
VALUES(99,FALSE,48,'03/01/2017 01:36:57.284971',E'PMDWZWBWOMJPSFLPRSET',NULL,'03/04/2017 06:15:07.286478',E'CCPCRAJBM',28,570415062,E'LUCKCQAVYXUCZOXSCOOXCVGWD');
INSERT INTO "public"."Report"("ID","Active","CaseID","CreatedDate","CreatedUUID","JsonExtendedData","ModifiedDate","ModifiedUUID","ReportTemplateID","ReportVersion","ReportVersionNotes") 
VALUES(100,TRUE,77,'03/05/2017 11:54:42.280699',E'XJNIF',NULL,'02/21/2017 22:25:24.029155',E'YWQVBG',5,598963632,E'YPSZY');
COMMIT;

/* Generating data for table public.ReportDocument... */
INSERT INTO "public"."ReportDocument"("ID","Active","CreatedDate","CreatedUUID","JsonExtendedData","ModifiedDate","ModifiedUUID","ReportDocumentType","ReportID") 
VALUES(1,TRUE,'02/23/2017 20:47:36.258054',E'JFNBYJOMQESZQMMYIRFSGEDY',NULL,'02/03/2017 04:02:15.097016',E'UIVQCAPKGQQQSJEUNDJOBJSNG',-1490260566,22);
INSERT INTO "public"."ReportDocument"("ID","Active","CreatedDate","CreatedUUID","JsonExtendedData","ModifiedDate","ModifiedUUID","ReportDocumentType","ReportID") 
VALUES(2,FALSE,'03/03/2017 15:49:55.827970',E'JOTLURTKLPJFNLEAHHFCXFDC',NULL,'02/27/2017 11:28:34.949093',E'AYUHJVMHJEHJCRASQYYUOHW',1439942652,49);
INSERT INTO "public"."ReportDocument"("ID","Active","CreatedDate","CreatedUUID","JsonExtendedData","ModifiedDate","ModifiedUUID","ReportDocumentType","ReportID") 
VALUES(3,FALSE,'02/10/2017 07:42:23.974777',E'YJZGZASMOZKICMTVAR',NULL,'02/21/2017 12:31:44.753273',E'OYMYVHDPPTAXGNDVMEDSIHBBE',-1024532720,1);
INSERT INTO "public"."ReportDocument"("ID","Active","CreatedDate","CreatedUUID","JsonExtendedData","ModifiedDate","ModifiedUUID","ReportDocumentType","ReportID") 
VALUES(4,FALSE,'03/08/2017 14:17:17.010586',E'BBXGLXTMQXOHZVKCZYPUBDIGB',NULL,'03/09/2017 15:25:32.750620',E'JHDZMOBQHP',-797526588,76);
INSERT INTO "public"."ReportDocument"("ID","Active","CreatedDate","CreatedUUID","JsonExtendedData","ModifiedDate","ModifiedUUID","ReportDocumentType","ReportID") 
VALUES(5,FALSE,'01/22/2017 07:48:38.260893',E'ZVDFGTAFIV',NULL,'02/15/2017 15:37:19.630568',E'FULWYYICMJFSO',563576864,38);
INSERT INTO "public"."ReportDocument"("ID","Active","CreatedDate","CreatedUUID","JsonExtendedData","ModifiedDate","ModifiedUUID","ReportDocumentType","ReportID") 
VALUES(6,FALSE,'03/18/2017 04:19:14.523376',E'PLXBTGJYUVWEJGZCMYK',NULL,'02/20/2017 06:57:25.159438',E'RGCCMOYDRS',1633486784,8);
INSERT INTO "public"."ReportDocument"("ID","Active","CreatedDate","CreatedUUID","JsonExtendedData","ModifiedDate","ModifiedUUID","ReportDocumentType","ReportID") 
VALUES(7,TRUE,'02/16/2017 10:57:20.901413',E'PADRWYMO',NULL,'03/05/2017 04:41:44.016509',E'YJCFWCPAWCCIK',581452246,40);
INSERT INTO "public"."ReportDocument"("ID","Active","CreatedDate","CreatedUUID","JsonExtendedData","ModifiedDate","ModifiedUUID","ReportDocumentType","ReportID") 
VALUES(8,TRUE,'01/23/2017 22:42:20.655148',E'OZIDZGTHC',NULL,'02/19/2017 11:43:54.884761',E'YTYGCYI',1417321478,75);
INSERT INTO "public"."ReportDocument"("ID","Active","CreatedDate","CreatedUUID","JsonExtendedData","ModifiedDate","ModifiedUUID","ReportDocumentType","ReportID") 
VALUES(9,TRUE,'02/03/2017 22:32:35.301589',E'FRDEUFWETOMWAVZF',NULL,'02/28/2017 12:23:31.015770',E'IQEGYNQMJNDZTUGKGU',1033485028,99);
INSERT INTO "public"."ReportDocument"("ID","Active","CreatedDate","CreatedUUID","JsonExtendedData","ModifiedDate","ModifiedUUID","ReportDocumentType","ReportID") 
VALUES(10,FALSE,'03/13/2017 09:53:22.793821',E'DTUAKXGHYEGCWEFVHBCDCE',NULL,'03/06/2017 03:54:08.701432',E'CJXLMQCVNVARWAYCAQYZD',935145466,52);
INSERT INTO "public"."ReportDocument"("ID","Active","CreatedDate","CreatedUUID","JsonExtendedData","ModifiedDate","ModifiedUUID","ReportDocumentType","ReportID") 
VALUES(11,TRUE,'02/18/2017 15:05:03.995043',E'EBIJGQ',NULL,'01/30/2017 11:24:18.153384',E'XVYZECW',1704535122,100);
INSERT INTO "public"."ReportDocument"("ID","Active","CreatedDate","CreatedUUID","JsonExtendedData","ModifiedDate","ModifiedUUID","ReportDocumentType","ReportID") 
VALUES(12,FALSE,'03/17/2017 17:29:59.530250',E'CMMEWGAVVBEBQLCETC',NULL,'02/05/2017 09:29:04.512656',E'TLEVNPLGUIKFOIPBPVHOUDNBY',689961280,42);
INSERT INTO "public"."ReportDocument"("ID","Active","CreatedDate","CreatedUUID","JsonExtendedData","ModifiedDate","ModifiedUUID","ReportDocumentType","ReportID") 
VALUES(13,FALSE,'03/04/2017 22:21:17.503181',E'ICKVGLDBWOMQRFNSZXWHMJEK',NULL,'03/11/2017 22:31:45.007444',E'SNBAD',-232444034,51);
INSERT INTO "public"."ReportDocument"("ID","Active","CreatedDate","CreatedUUID","JsonExtendedData","ModifiedDate","ModifiedUUID","ReportDocumentType","ReportID") 
VALUES(14,TRUE,'02/08/2017 06:43:54.850131',E'OCYQOYJQTGEOXHINH',NULL,'03/13/2017 01:37:43.180770',E'SLGRVKXTJSGG',1733374908,93);
INSERT INTO "public"."ReportDocument"("ID","Active","CreatedDate","CreatedUUID","JsonExtendedData","ModifiedDate","ModifiedUUID","ReportDocumentType","ReportID") 
VALUES(15,FALSE,'03/15/2017 15:01:03.009181',E'SPVPVIQKWMQZSWGSQHX',NULL,'02/26/2017 07:24:18.030731',E'DVWHUHSXDRXLEFCXOMZJO',68940360,46);
INSERT INTO "public"."ReportDocument"("ID","Active","CreatedDate","CreatedUUID","JsonExtendedData","ModifiedDate","ModifiedUUID","ReportDocumentType","ReportID") 
VALUES(16,FALSE,'01/22/2017 17:39:35.786771',E'RJDPSMAKALKADDPBHKAAIJI',NULL,'02/05/2017 04:35:03.841498',E'VSMVOIQIMBEZOTCNOFRGJ',-960522054,54);
INSERT INTO "public"."ReportDocument"("ID","Active","CreatedDate","CreatedUUID","JsonExtendedData","ModifiedDate","ModifiedUUID","ReportDocumentType","ReportID") 
VALUES(17,TRUE,'02/14/2017 22:06:29.738523',E'RNWLXX',NULL,'02/17/2017 18:13:17.358761',E'WVOLSHGKNJFBELBJYCNIIZI',1287913374,5);
INSERT INTO "public"."ReportDocument"("ID","Active","CreatedDate","CreatedUUID","JsonExtendedData","ModifiedDate","ModifiedUUID","ReportDocumentType","ReportID") 
VALUES(18,FALSE,'02/03/2017 12:49:05.669152',E'RDFFSTB',NULL,'02/20/2017 13:00:27.072227',E'CVONHFGBAUBBKVFRDTNDCU',-675068136,69);
INSERT INTO "public"."ReportDocument"("ID","Active","CreatedDate","CreatedUUID","JsonExtendedData","ModifiedDate","ModifiedUUID","ReportDocumentType","ReportID") 
VALUES(19,TRUE,'03/07/2017 14:46:43.365012',E'GNTPBKJIIPZFYH',NULL,'03/01/2017 03:53:52.737531',E'UOARUT',1433445802,79);
INSERT INTO "public"."ReportDocument"("ID","Active","CreatedDate","CreatedUUID","JsonExtendedData","ModifiedDate","ModifiedUUID","ReportDocumentType","ReportID") 
VALUES(20,FALSE,'01/28/2017 20:19:44.503543',E'YPBHSPUWA',NULL,'02/17/2017 22:10:40.182739',E'WAJHKFBXNKOVTAL',1452058974,45);
INSERT INTO "public"."ReportDocument"("ID","Active","CreatedDate","CreatedUUID","JsonExtendedData","ModifiedDate","ModifiedUUID","ReportDocumentType","ReportID") 
VALUES(21,TRUE,'02/02/2017 14:37:20.947522',E'HPPKXYEDQASXGJJYEVSEURITX',NULL,'02/27/2017 13:51:29.366513',E'ZNKWWRXAP',751028316,10);
INSERT INTO "public"."ReportDocument"("ID","Active","CreatedDate","CreatedUUID","JsonExtendedData","ModifiedDate","ModifiedUUID","ReportDocumentType","ReportID") 
VALUES(22,FALSE,'02/23/2017 08:40:14.407587',E'SMCHGCO',NULL,'03/16/2017 21:40:07.594515',E'GBSENYUXJYDNCKSTAYFYQFZ',-375953248,86);
INSERT INTO "public"."ReportDocument"("ID","Active","CreatedDate","CreatedUUID","JsonExtendedData","ModifiedDate","ModifiedUUID","ReportDocumentType","ReportID") 
VALUES(23,TRUE,'01/23/2017 01:34:49.018259',E'PTWCFWYDGRWBNFPCTPK',NULL,'02/07/2017 18:39:12.112133',E'STTEFSHVKWDVA',-749332856,77);
INSERT INTO "public"."ReportDocument"("ID","Active","CreatedDate","CreatedUUID","JsonExtendedData","ModifiedDate","ModifiedUUID","ReportDocumentType","ReportID") 
VALUES(24,FALSE,'02/04/2017 15:30:30.721248',E'POEETNVMBYV',NULL,'02/02/2017 12:56:41.356553',E'PAMQYSTQPDUXZODBYTDCU',-1193187978,68);
INSERT INTO "public"."ReportDocument"("ID","Active","CreatedDate","CreatedUUID","JsonExtendedData","ModifiedDate","ModifiedUUID","ReportDocumentType","ReportID") 
VALUES(25,TRUE,'02/08/2017 21:49:15.970750',E'RSBANNZSJLSCZFGOCOYWYBAFT',NULL,'03/10/2017 07:39:08.730030',E'HQFODDTCNJZHVJDNTGXQJ',-708033754,18);
INSERT INTO "public"."ReportDocument"("ID","Active","CreatedDate","CreatedUUID","JsonExtendedData","ModifiedDate","ModifiedUUID","ReportDocumentType","ReportID") 
VALUES(26,TRUE,'02/10/2017 21:52:47.466565',E'KPBCIMTQKYARAGRTYSAROASJL',NULL,'03/18/2017 09:03:02.886742',E'DJZXZEUZMXVWUYPRLHWB',1431085002,95);
INSERT INTO "public"."ReportDocument"("ID","Active","CreatedDate","CreatedUUID","JsonExtendedData","ModifiedDate","ModifiedUUID","ReportDocumentType","ReportID") 
VALUES(27,TRUE,'03/14/2017 19:38:13.462807',E'JJATCO',NULL,'02/27/2017 23:54:18.531188',E'MDENDWGWQOXWAKYCYCNHVV',428799020,65);
INSERT INTO "public"."ReportDocument"("ID","Active","CreatedDate","CreatedUUID","JsonExtendedData","ModifiedDate","ModifiedUUID","ReportDocumentType","ReportID") 
VALUES(28,FALSE,'02/28/2017 06:00:28.161773',E'ZACIYCIITCNAMJFRGTD',NULL,'02/15/2017 09:25:14.557986',E'TBVICXM',-129973386,19);
INSERT INTO "public"."ReportDocument"("ID","Active","CreatedDate","CreatedUUID","JsonExtendedData","ModifiedDate","ModifiedUUID","ReportDocumentType","ReportID") 
VALUES(29,FALSE,'03/15/2017 05:32:55.862455',E'QKYVXJDCJQN',NULL,'02/07/2017 11:55:25.174315',E'YKKQSR',1675670950,20);
INSERT INTO "public"."ReportDocument"("ID","Active","CreatedDate","CreatedUUID","JsonExtendedData","ModifiedDate","ModifiedUUID","ReportDocumentType","ReportID") 
VALUES(30,TRUE,'03/12/2017 08:33:59.360537',E'TEXDLWHVKXHRLAEJFMET',NULL,'01/20/2017 08:33:04.578367',E'SLBBWMVDTFSLE',901126698,50);
INSERT INTO "public"."ReportDocument"("ID","Active","CreatedDate","CreatedUUID","JsonExtendedData","ModifiedDate","ModifiedUUID","ReportDocumentType","ReportID") 
VALUES(31,TRUE,'01/20/2017 15:54:54.307087',E'YHELFVGQDXKEKIBXODTZHOXHT',NULL,'03/05/2017 02:49:44.777598',E'VSHKGLIDJFRJCALSRKSADJXQQ',1181751448,67);
INSERT INTO "public"."ReportDocument"("ID","Active","CreatedDate","CreatedUUID","JsonExtendedData","ModifiedDate","ModifiedUUID","ReportDocumentType","ReportID") 
VALUES(32,TRUE,'03/01/2017 00:12:05.428489',E'VYZIFHZIIHMICMQNOMSOKJ',NULL,'01/28/2017 23:21:54.906741',E'FZFCQILFIEDHJWAYTLAOOG',1767835886,29);
INSERT INTO "public"."ReportDocument"("ID","Active","CreatedDate","CreatedUUID","JsonExtendedData","ModifiedDate","ModifiedUUID","ReportDocumentType","ReportID") 
VALUES(33,TRUE,'02/21/2017 04:36:18.694612',E'PTVIWDGQGVZCBWPKDP',NULL,'01/27/2017 13:07:36.010551',E'IYIXEXNQSBSIDULPKJFOQQDB',-565987084,48);
INSERT INTO "public"."ReportDocument"("ID","Active","CreatedDate","CreatedUUID","JsonExtendedData","ModifiedDate","ModifiedUUID","ReportDocumentType","ReportID") 
VALUES(34,TRUE,'02/05/2017 17:08:10.401703',E'ZXYFZEOPDMEKHWRBRDS',NULL,'02/03/2017 09:48:54.457620',E'SZKDUOYLTBVUFTXIJFNNIAI',807652228,91);
INSERT INTO "public"."ReportDocument"("ID","Active","CreatedDate","CreatedUUID","JsonExtendedData","ModifiedDate","ModifiedUUID","ReportDocumentType","ReportID") 
VALUES(35,TRUE,'02/07/2017 20:30:10.668564',E'ZLLUXLDXKIVMCINRAIZVSTU',NULL,'03/16/2017 08:01:27.113264',E'XBBHOKODDMP',2114363762,33);
INSERT INTO "public"."ReportDocument"("ID","Active","CreatedDate","CreatedUUID","JsonExtendedData","ModifiedDate","ModifiedUUID","ReportDocumentType","ReportID") 
VALUES(36,FALSE,'01/25/2017 06:06:51.838321',E'CLBKWEKMSJSWZ',NULL,'01/31/2017 18:08:05.503404',E'FRBLRJMRDFXBSKYOPJRXSC',-447625816,87);
INSERT INTO "public"."ReportDocument"("ID","Active","CreatedDate","CreatedUUID","JsonExtendedData","ModifiedDate","ModifiedUUID","ReportDocumentType","ReportID") 
VALUES(37,TRUE,'02/05/2017 11:18:06.386029',E'TCDNSDXMGQCDCAKC',NULL,'02/24/2017 11:04:56.295471',E'JECIHPBTFRZCVPWS',1535626382,96);
INSERT INTO "public"."ReportDocument"("ID","Active","CreatedDate","CreatedUUID","JsonExtendedData","ModifiedDate","ModifiedUUID","ReportDocumentType","ReportID") 
VALUES(38,TRUE,'02/04/2017 18:21:12.718994',E'SJIXSNGYHHQMWUIVIMMKZMZC',NULL,'02/12/2017 15:41:16.632585',E'VYAOCKVOGEFBFXNHG',814149434,62);
INSERT INTO "public"."ReportDocument"("ID","Active","CreatedDate","CreatedUUID","JsonExtendedData","ModifiedDate","ModifiedUUID","ReportDocumentType","ReportID") 
VALUES(39,FALSE,'01/29/2017 08:14:21.281397',E'ODATA',NULL,'02/03/2017 03:07:37.224915',E'UHYAHPWCKDF',-356244640,12);
INSERT INTO "public"."ReportDocument"("ID","Active","CreatedDate","CreatedUUID","JsonExtendedData","ModifiedDate","ModifiedUUID","ReportDocumentType","ReportID") 
VALUES(40,TRUE,'01/18/2017 10:42:18.265271',E'MXKUXEZXKRCMKDNEHXBM',NULL,'01/18/2017 19:59:20.484377',E'PIUDXM',-219239838,90);
INSERT INTO "public"."ReportDocument"("ID","Active","CreatedDate","CreatedUUID","JsonExtendedData","ModifiedDate","ModifiedUUID","ReportDocumentType","ReportID") 
VALUES(41,TRUE,'02/06/2017 04:59:39.844268',E'EQWAADKBUNZD',NULL,'02/10/2017 15:48:51.800628',E'MQBNGHGHNY',317997792,59);
INSERT INTO "public"."ReportDocument"("ID","Active","CreatedDate","CreatedUUID","JsonExtendedData","ModifiedDate","ModifiedUUID","ReportDocumentType","ReportID") 
VALUES(42,FALSE,'03/17/2017 10:00:33.752872',E'IPWTKZCDJTDCZDWLKUIGSVMS',NULL,'03/14/2017 19:17:40.461453',E'NESFUDZVWMZDDQJF',1649593214,66);
INSERT INTO "public"."ReportDocument"("ID","Active","CreatedDate","CreatedUUID","JsonExtendedData","ModifiedDate","ModifiedUUID","ReportDocumentType","ReportID") 
VALUES(43,FALSE,'02/26/2017 05:09:55.189830',E'DIBIM',NULL,'01/28/2017 02:39:31.033822',E'CMZYRLXPQXRTKGQ',699281734,4);
INSERT INTO "public"."ReportDocument"("ID","Active","CreatedDate","CreatedUUID","JsonExtendedData","ModifiedDate","ModifiedUUID","ReportDocumentType","ReportID") 
VALUES(44,FALSE,'02/22/2017 05:15:30.013692',E'NRLAO',NULL,'02/15/2017 14:31:44.919992',E'DROKZTNPZRQNMRPWRNDO',1797603760,30);
INSERT INTO "public"."ReportDocument"("ID","Active","CreatedDate","CreatedUUID","JsonExtendedData","ModifiedDate","ModifiedUUID","ReportDocumentType","ReportID") 
VALUES(45,TRUE,'03/09/2017 18:20:18.066210',E'TTBWKRGBKDGKLXNDUTMRCLQDO',NULL,'02/12/2017 01:38:52.786105',E'RTDUNATZ',1526465130,72);
INSERT INTO "public"."ReportDocument"("ID","Active","CreatedDate","CreatedUUID","JsonExtendedData","ModifiedDate","ModifiedUUID","ReportDocumentType","ReportID") 
VALUES(46,FALSE,'01/23/2017 12:10:20.172249',E'WMRCYBSHNLVGBTYEHLSBEN',NULL,'03/02/2017 06:46:45.239061',E'FBXQUOAACESYUKUJEOFEAENYR',1459809654,60);
INSERT INTO "public"."ReportDocument"("ID","Active","CreatedDate","CreatedUUID","JsonExtendedData","ModifiedDate","ModifiedUUID","ReportDocumentType","ReportID") 
VALUES(47,TRUE,'02/13/2017 14:58:20.377956',E'RUKWVASMECIHBZYBPTZNFLL',NULL,'03/08/2017 20:24:05.812894',E'VCTOYLCLBDRKDJZCUREABINP',-2127279038,73);
INSERT INTO "public"."ReportDocument"("ID","Active","CreatedDate","CreatedUUID","JsonExtendedData","ModifiedDate","ModifiedUUID","ReportDocumentType","ReportID") 
VALUES(48,FALSE,'01/27/2017 00:26:36.902033',E'WFKFJEMZVMRMYCRKI',NULL,'03/14/2017 02:26:54.121111',E'POCPMZUDXIIXLCCS',-1871019604,34);
INSERT INTO "public"."ReportDocument"("ID","Active","CreatedDate","CreatedUUID","JsonExtendedData","ModifiedDate","ModifiedUUID","ReportDocumentType","ReportID") 
VALUES(49,TRUE,'02/26/2017 06:16:58.971943',E'AJIFPNLEAD',NULL,'03/10/2017 05:25:11.094797',E'BYLGQNJCWZYEZCKX',1524059046,3);
INSERT INTO "public"."ReportDocument"("ID","Active","CreatedDate","CreatedUUID","JsonExtendedData","ModifiedDate","ModifiedUUID","ReportDocumentType","ReportID") 
VALUES(50,FALSE,'02/27/2017 20:53:46.385320',E'LNZRBOX',NULL,'01/19/2017 00:21:10.165795',E'OCYRZSAJIOYELYBXZQDWE',-324538488,97);
INSERT INTO "public"."ReportDocument"("ID","Active","CreatedDate","CreatedUUID","JsonExtendedData","ModifiedDate","ModifiedUUID","ReportDocumentType","ReportID") 
VALUES(51,FALSE,'02/28/2017 14:28:38.961731',E'MUYWXXDSXCRVHVMDBASXW',NULL,'02/09/2017 22:47:21.050166',E'BCZWQTQOLAP',90112370,53);
INSERT INTO "public"."ReportDocument"("ID","Active","CreatedDate","CreatedUUID","JsonExtendedData","ModifiedDate","ModifiedUUID","ReportDocumentType","ReportID") 
VALUES(52,TRUE,'02/03/2017 21:08:17.868308',E'CBPJRFVHPX',NULL,'03/14/2017 14:05:51.019579',E'TGVOJHNUDOP',-1604835386,36);
INSERT INTO "public"."ReportDocument"("ID","Active","CreatedDate","CreatedUUID","JsonExtendedData","ModifiedDate","ModifiedUUID","ReportDocumentType","ReportID") 
VALUES(53,TRUE,'02/12/2017 00:18:11.019880',E'BMVLHU',NULL,'03/15/2017 23:37:41.246160',E'XJJTZSONKZYRDJXFALX',-73709376,92);
INSERT INTO "public"."ReportDocument"("ID","Active","CreatedDate","CreatedUUID","JsonExtendedData","ModifiedDate","ModifiedUUID","ReportDocumentType","ReportID") 
VALUES(54,FALSE,'03/15/2017 02:38:32.200273',E'CAOIIYAIBYWQMVIB',NULL,'02/08/2017 16:23:41.575310',E'QRXJPYYHQOOYFTOBAVV',-1882884954,7);
INSERT INTO "public"."ReportDocument"("ID","Active","CreatedDate","CreatedUUID","JsonExtendedData","ModifiedDate","ModifiedUUID","ReportDocumentType","ReportID") 
VALUES(55,TRUE,'02/17/2017 21:11:35.249098',E'OOIITZTFNO',NULL,'02/07/2017 19:18:09.153129',E'VHZCG',-328382880,26);
INSERT INTO "public"."ReportDocument"("ID","Active","CreatedDate","CreatedUUID","JsonExtendedData","ModifiedDate","ModifiedUUID","ReportDocumentType","ReportID") 
VALUES(56,FALSE,'03/10/2017 15:04:53.085715',E'SCHMRTELC',NULL,'02/12/2017 09:27:03.888225',E'YQLPMZKFFCDIOBGFMNLEUNE',-98074564,70);
INSERT INTO "public"."ReportDocument"("ID","Active","CreatedDate","CreatedUUID","JsonExtendedData","ModifiedDate","ModifiedUUID","ReportDocumentType","ReportID") 
VALUES(57,FALSE,'03/06/2017 15:49:40.564058',E'ZFVLQBWBQWZJNKBPXRURBZN',NULL,'03/12/2017 14:01:17.385111',E'RRUQMEDPPAMEI',928260554,32);
INSERT INTO "public"."ReportDocument"("ID","Active","CreatedDate","CreatedUUID","JsonExtendedData","ModifiedDate","ModifiedUUID","ReportDocumentType","ReportID") 
VALUES(58,FALSE,'03/17/2017 09:39:37.524593',E'GCNGOTDY',NULL,'03/07/2017 13:43:08.267949',E'YHDXIBIVEHBVWJFDVOIABX',1953936076,84);
INSERT INTO "public"."ReportDocument"("ID","Active","CreatedDate","CreatedUUID","JsonExtendedData","ModifiedDate","ModifiedUUID","ReportDocumentType","ReportID") 
VALUES(59,FALSE,'01/31/2017 20:14:03.886655',E'QSZDNLYPJYYPNCAZUNRXZ',NULL,'03/03/2017 07:57:33.917683',E'HBOEJV',483716214,94);
INSERT INTO "public"."ReportDocument"("ID","Active","CreatedDate","CreatedUUID","JsonExtendedData","ModifiedDate","ModifiedUUID","ReportDocumentType","ReportID") 
VALUES(60,TRUE,'02/09/2017 04:56:58.539045',E'FJPTRHYLAHIIM',NULL,'03/07/2017 15:33:27.305670',E'BQRVIUHQSQLYAQBFUIGSZLT',-554662038,56);
INSERT INTO "public"."ReportDocument"("ID","Active","CreatedDate","CreatedUUID","JsonExtendedData","ModifiedDate","ModifiedUUID","ReportDocumentType","ReportID") 
VALUES(61,TRUE,'02/14/2017 07:49:48.943538',E'NBTGUKPGMDYYB',NULL,'01/20/2017 19:34:24.281143',E'ZSKDJXVPPEXXRJZWYVZVOCPBX',-2125827880,39);
INSERT INTO "public"."ReportDocument"("ID","Active","CreatedDate","CreatedUUID","JsonExtendedData","ModifiedDate","ModifiedUUID","ReportDocumentType","ReportID") 
VALUES(62,TRUE,'03/12/2017 09:41:43.952791',E'WEUMIZ',NULL,'03/06/2017 14:05:44.930300',E'KILSMRJOQMRCCWMHRN',1043756432,78);
INSERT INTO "public"."ReportDocument"("ID","Active","CreatedDate","CreatedUUID","JsonExtendedData","ModifiedDate","ModifiedUUID","ReportDocumentType","ReportID") 
VALUES(63,FALSE,'02/07/2017 02:47:44.398949',E'KTQEBFGSNNOZQ',NULL,'03/05/2017 11:34:31.442473',E'RMQQYPAJU',1767940734,88);
INSERT INTO "public"."ReportDocument"("ID","Active","CreatedDate","CreatedUUID","JsonExtendedData","ModifiedDate","ModifiedUUID","ReportDocumentType","ReportID") 
VALUES(64,FALSE,'01/25/2017 09:31:15.955271',E'MSWYTJKYBSK',NULL,'02/24/2017 00:06:06.103330',E'OGYYZSWCERLHGHLOGWQ',1196193252,31);
INSERT INTO "public"."ReportDocument"("ID","Active","CreatedDate","CreatedUUID","JsonExtendedData","ModifiedDate","ModifiedUUID","ReportDocumentType","ReportID") 
VALUES(65,TRUE,'01/22/2017 12:17:13.380223',E'TTPHZAJYFSHOJLHOKHQCN',NULL,'02/27/2017 08:20:12.967307',E'EHSHONQVCMFBUEJIAGWKAPKHB',-321900044,71);
INSERT INTO "public"."ReportDocument"("ID","Active","CreatedDate","CreatedUUID","JsonExtendedData","ModifiedDate","ModifiedUUID","ReportDocumentType","ReportID") 
VALUES(66,FALSE,'02/17/2017 11:28:11.850757',E'DZXCSKQIGMTQXABE',NULL,'03/08/2017 08:55:21.715098',E'OEGTPYQJXZO',1484767738,27);
INSERT INTO "public"."ReportDocument"("ID","Active","CreatedDate","CreatedUUID","JsonExtendedData","ModifiedDate","ModifiedUUID","ReportDocumentType","ReportID") 
VALUES(67,TRUE,'02/16/2017 05:50:02.211920',E'IQDHV',NULL,'02/04/2017 18:40:13.002799',E'KWCFKUIMDOXFKBYLTYEPIFJW',731411232,23);
INSERT INTO "public"."ReportDocument"("ID","Active","CreatedDate","CreatedUUID","JsonExtendedData","ModifiedDate","ModifiedUUID","ReportDocumentType","ReportID") 
VALUES(68,TRUE,'03/05/2017 08:32:28.056793',E'RQNOJLPAKRVZAJIXRNKGPB',NULL,'02/05/2017 10:44:23.580050',E'YGCTJN',632197602,47);
INSERT INTO "public"."ReportDocument"("ID","Active","CreatedDate","CreatedUUID","JsonExtendedData","ModifiedDate","ModifiedUUID","ReportDocumentType","ReportID") 
VALUES(69,TRUE,'02/25/2017 18:07:16.796376',E'KDLAEBULRATIYLVPEXHV',NULL,'02/01/2017 07:23:21.357811',E'VYOVWMRLUQLYCWZ',-403971736,2);
INSERT INTO "public"."ReportDocument"("ID","Active","CreatedDate","CreatedUUID","JsonExtendedData","ModifiedDate","ModifiedUUID","ReportDocumentType","ReportID") 
VALUES(70,TRUE,'02/06/2017 08:42:42.564251',E'CBRELXFTZ',NULL,'02/03/2017 16:55:36.084388',E'WQYYIMZG',790341668,74);
INSERT INTO "public"."ReportDocument"("ID","Active","CreatedDate","CreatedUUID","JsonExtendedData","ModifiedDate","ModifiedUUID","ReportDocumentType","ReportID") 
VALUES(71,TRUE,'01/26/2017 08:03:54.414054',E'GEANAWSLUQ',NULL,'01/24/2017 08:33:30.583987',E'EQGZROMRYOTBCDGGMKSDEOJI',-1061409460,9);
INSERT INTO "public"."ReportDocument"("ID","Active","CreatedDate","CreatedUUID","JsonExtendedData","ModifiedDate","ModifiedUUID","ReportDocumentType","ReportID") 
VALUES(72,TRUE,'02/20/2017 22:54:34.622200',E'PLDNNWVGHXLVJYMFHMRUVSJJR',NULL,'01/26/2017 20:47:47.963459',E'WOSKGZESVSD',-2109605432,28);
INSERT INTO "public"."ReportDocument"("ID","Active","CreatedDate","CreatedUUID","JsonExtendedData","ModifiedDate","ModifiedUUID","ReportDocumentType","ReportID") 
VALUES(73,FALSE,'02/20/2017 00:17:22.764715',E'JGKRFKCHYVEZMHHCAK',NULL,'01/29/2017 04:56:12.587900',E'RHTDSU',-1183466848,17);
INSERT INTO "public"."ReportDocument"("ID","Active","CreatedDate","CreatedUUID","JsonExtendedData","ModifiedDate","ModifiedUUID","ReportDocumentType","ReportID") 
VALUES(74,TRUE,'03/18/2017 22:26:02.612293',E'LAQCFYWM',NULL,'03/01/2017 09:02:24.011444',E'TNERACVMTASQFQIVVUWJ',-533759016,14);
INSERT INTO "public"."ReportDocument"("ID","Active","CreatedDate","CreatedUUID","JsonExtendedData","ModifiedDate","ModifiedUUID","ReportDocumentType","ReportID") 
VALUES(75,TRUE,'02/09/2017 00:54:55.142553',E'IVRFXALTJRAMLRWKRQT',NULL,'03/02/2017 16:44:19.750083',E'QWLTFPHX',1298912060,58);
INSERT INTO "public"."ReportDocument"("ID","Active","CreatedDate","CreatedUUID","JsonExtendedData","ModifiedDate","ModifiedUUID","ReportDocumentType","ReportID") 
VALUES(76,TRUE,'02/01/2017 17:38:50.661134',E'XCPFHJZAOQ',NULL,'02/22/2017 04:33:40.782464',E'REXJH',-503746176,15);
INSERT INTO "public"."ReportDocument"("ID","Active","CreatedDate","CreatedUUID","JsonExtendedData","ModifiedDate","ModifiedUUID","ReportDocumentType","ReportID") 
VALUES(77,TRUE,'03/13/2017 16:36:00.919011',E'XIBOWKEQUFELTWJYACDG',NULL,'02/08/2017 01:16:47.079758',E'NUMVPHIMGNWRGZWND',-1081426752,11);
INSERT INTO "public"."ReportDocument"("ID","Active","CreatedDate","CreatedUUID","JsonExtendedData","ModifiedDate","ModifiedUUID","ReportDocumentType","ReportID") 
VALUES(78,FALSE,'01/27/2017 04:46:36.226492',E'UUDAKNZGCRYLBDM',NULL,'02/05/2017 07:05:47.774015',E'VVXQUYQRLXNWKSCX',762184150,24);
INSERT INTO "public"."ReportDocument"("ID","Active","CreatedDate","CreatedUUID","JsonExtendedData","ModifiedDate","ModifiedUUID","ReportDocumentType","ReportID") 
VALUES(79,FALSE,'02/22/2017 22:26:09.775535',E'MTTWNWFJXDKR',NULL,'02/04/2017 05:37:41.151342',E'MMKCKXDKLSCNWG',-1858412146,13);
INSERT INTO "public"."ReportDocument"("ID","Active","CreatedDate","CreatedUUID","JsonExtendedData","ModifiedDate","ModifiedUUID","ReportDocumentType","ReportID") 
VALUES(80,FALSE,'03/10/2017 09:24:58.327162',E'OIYGADBECNRXWUBNUBGGGAN',NULL,'03/17/2017 13:16:24.103235',E'FMDQGC',-1330759048,85);
INSERT INTO "public"."ReportDocument"("ID","Active","CreatedDate","CreatedUUID","JsonExtendedData","ModifiedDate","ModifiedUUID","ReportDocumentType","ReportID") 
VALUES(81,TRUE,'02/24/2017 03:10:15.643479',E'HWNFCPEMCKVGUKGLOBXX',NULL,'02/09/2017 01:53:51.044975',E'HEBMSHQIF',2122364222,80);
INSERT INTO "public"."ReportDocument"("ID","Active","CreatedDate","CreatedUUID","JsonExtendedData","ModifiedDate","ModifiedUUID","ReportDocumentType","ReportID") 
VALUES(82,TRUE,'02/01/2017 02:54:53.952658',E'WQXQO',NULL,'03/05/2017 05:01:03.408127',E'LBTCBOGUQUBYFGBLHJ',872119290,57);
INSERT INTO "public"."ReportDocument"("ID","Active","CreatedDate","CreatedUUID","JsonExtendedData","ModifiedDate","ModifiedUUID","ReportDocumentType","ReportID") 
VALUES(83,FALSE,'03/02/2017 16:56:44.926763',E'ONMAICOMJ',NULL,'03/03/2017 07:11:13.614120',E'MYHUPRP',-1014450586,37);
INSERT INTO "public"."ReportDocument"("ID","Active","CreatedDate","CreatedUUID","JsonExtendedData","ModifiedDate","ModifiedUUID","ReportDocumentType","ReportID") 
VALUES(84,TRUE,'03/08/2017 18:28:32.118312',E'YJDMZ',NULL,'02/01/2017 17:26:05.095104',E'MOKWFOCJUHPSKDSPDOADD',1149175084,81);
INSERT INTO "public"."ReportDocument"("ID","Active","CreatedDate","CreatedUUID","JsonExtendedData","ModifiedDate","ModifiedUUID","ReportDocumentType","ReportID") 
VALUES(85,FALSE,'01/18/2017 07:13:52.311111',E'DPTMCMEKGMCAJZCGMWDI',NULL,'01/18/2017 14:56:31.201689',E'LFPLW',-282267524,21);
INSERT INTO "public"."ReportDocument"("ID","Active","CreatedDate","CreatedUUID","JsonExtendedData","ModifiedDate","ModifiedUUID","ReportDocumentType","ReportID") 
VALUES(86,TRUE,'03/15/2017 22:08:37.231004',E'AYRUKZESJXINAJKSBRC',NULL,'02/04/2017 18:31:12.841268',E'KVTBSCXNAC',1868600808,89);
INSERT INTO "public"."ReportDocument"("ID","Active","CreatedDate","CreatedUUID","JsonExtendedData","ModifiedDate","ModifiedUUID","ReportDocumentType","ReportID") 
VALUES(87,FALSE,'03/03/2017 10:38:56.692636',E'OIQBBVLXLOCPNVOTDWYXBCW',NULL,'03/17/2017 22:31:31.661685',E'WEJKZX',772943134,63);
INSERT INTO "public"."ReportDocument"("ID","Active","CreatedDate","CreatedUUID","JsonExtendedData","ModifiedDate","ModifiedUUID","ReportDocumentType","ReportID") 
VALUES(88,TRUE,'02/06/2017 10:06:10.932318',E'KXEGAWWKBCTUIBTUVVVL',NULL,'02/09/2017 11:06:39.945281',E'EFNRQUQTBETHOSVWTEVMVG',-1420794406,25);
INSERT INTO "public"."ReportDocument"("ID","Active","CreatedDate","CreatedUUID","JsonExtendedData","ModifiedDate","ModifiedUUID","ReportDocumentType","ReportID") 
VALUES(89,FALSE,'03/01/2017 12:29:26.096418',E'YOYWNOUYMN',NULL,'02/01/2017 07:17:29.974111',E'DUSFXJQQBZIRNQAOKYOR',726589804,98);
INSERT INTO "public"."ReportDocument"("ID","Active","CreatedDate","CreatedUUID","JsonExtendedData","ModifiedDate","ModifiedUUID","ReportDocumentType","ReportID") 
VALUES(90,TRUE,'02/26/2017 07:51:03.468641',E'PWTSKLWY',NULL,'02/16/2017 01:48:30.436568',E'PRKAZTMUMLTRAXZWG',1202835792,83);
INSERT INTO "public"."ReportDocument"("ID","Active","CreatedDate","CreatedUUID","JsonExtendedData","ModifiedDate","ModifiedUUID","ReportDocumentType","ReportID") 
VALUES(91,FALSE,'03/14/2017 23:29:46.190425',E'YQTLBLJ',NULL,'02/09/2017 17:06:14.633261',E'DIMOH',-349879908,82);
INSERT INTO "public"."ReportDocument"("ID","Active","CreatedDate","CreatedUUID","JsonExtendedData","ModifiedDate","ModifiedUUID","ReportDocumentType","ReportID") 
VALUES(92,TRUE,'01/23/2017 06:27:58.988389',E'YCHZAOTOZLNZMZBCESDDIKNL',NULL,'02/19/2017 10:41:38.204738',E'AUNGKLLDOAXVHR',-621371464,64);
INSERT INTO "public"."ReportDocument"("ID","Active","CreatedDate","CreatedUUID","JsonExtendedData","ModifiedDate","ModifiedUUID","ReportDocumentType","ReportID") 
VALUES(93,FALSE,'02/12/2017 19:03:20.250903',E'UMFYWZSRIAKFTRMAXYSUTZNGQ',NULL,'02/11/2017 02:11:14.032096',E'DFUFGCZYIETEZFA',1970280366,44);
INSERT INTO "public"."ReportDocument"("ID","Active","CreatedDate","CreatedUUID","JsonExtendedData","ModifiedDate","ModifiedUUID","ReportDocumentType","ReportID") 
VALUES(94,FALSE,'03/10/2017 15:04:30.714414',E'BDHBGDKH',NULL,'03/15/2017 06:19:08.705412',E'AHVLFBTHTJIXKRVBXHANB',304291428,35);
INSERT INTO "public"."ReportDocument"("ID","Active","CreatedDate","CreatedUUID","JsonExtendedData","ModifiedDate","ModifiedUUID","ReportDocumentType","ReportID") 
VALUES(95,FALSE,'03/02/2017 03:33:06.511618',E'GTYTRSWGGXSI',NULL,'01/27/2017 16:27:39.363535',E'EAUOO',-1079999952,55);
INSERT INTO "public"."ReportDocument"("ID","Active","CreatedDate","CreatedUUID","JsonExtendedData","ModifiedDate","ModifiedUUID","ReportDocumentType","ReportID") 
VALUES(96,FALSE,'02/08/2017 04:50:59.945404',E'YYOAIUAQOBICDOCYUS',NULL,'03/13/2017 19:48:38.448148',E'LSVTFFLZOH',-1027392014,41);
INSERT INTO "public"."ReportDocument"("ID","Active","CreatedDate","CreatedUUID","JsonExtendedData","ModifiedDate","ModifiedUUID","ReportDocumentType","ReportID") 
VALUES(97,FALSE,'02/23/2017 03:32:22.303351',E'KIDPVRIDKED',NULL,'02/02/2017 10:27:22.287411',E'TJQUJBWXZXD',-1609040612,6);
INSERT INTO "public"."ReportDocument"("ID","Active","CreatedDate","CreatedUUID","JsonExtendedData","ModifiedDate","ModifiedUUID","ReportDocumentType","ReportID") 
VALUES(98,FALSE,'02/19/2017 20:41:40.719516',E'MKBDHQOAGTFGRIQOZY',NULL,'02/17/2017 15:49:16.595397',E'QSDDKTBKQUB',-2031466054,16);
INSERT INTO "public"."ReportDocument"("ID","Active","CreatedDate","CreatedUUID","JsonExtendedData","ModifiedDate","ModifiedUUID","ReportDocumentType","ReportID") 
VALUES(99,FALSE,'01/26/2017 04:21:27.415971',E'YISHRDC',NULL,'01/18/2017 22:11:04.632070',E'VKLPLUDJL',2140034528,43);
INSERT INTO "public"."ReportDocument"("ID","Active","CreatedDate","CreatedUUID","JsonExtendedData","ModifiedDate","ModifiedUUID","ReportDocumentType","ReportID") 
VALUES(100,FALSE,'02/01/2017 05:09:02.850551',E'PSTZKTWVQTOWUMFDWRDPV',NULL,'02/24/2017 06:38:14.107537',E'DNNXQFD',1504208946,61);
COMMIT;

/* Generating data for table public.Workflow... */
INSERT INTO "public"."Workflow"("ID","Active","CreatedDate","CreatedUUID","JsonExtendedData","ModifiedDate","ModifiedUUID","WorkflowName") 
VALUES(1,FALSE,'03/17/2017 19:10:49.525372',E'KLWHYHYETTNX',NULL,'01/26/2017 16:36:39.856082',E'OQDADSOEXVQG',E'AYDECEIB');
INSERT INTO "public"."Workflow"("ID","Active","CreatedDate","CreatedUUID","JsonExtendedData","ModifiedDate","ModifiedUUID","WorkflowName") 
VALUES(2,FALSE,'02/12/2017 13:18:39.530856',E'XHWECVVKBEOBJGUJZKUAQ',NULL,'02/21/2017 18:42:16.533299',E'XOXWOGHKHNWVBCWQDHOVO',E'WRKLIR');
INSERT INTO "public"."Workflow"("ID","Active","CreatedDate","CreatedUUID","JsonExtendedData","ModifiedDate","ModifiedUUID","WorkflowName") 
VALUES(3,TRUE,'01/18/2017 18:35:38.924359',E'JLSMOFPLAKQYQYEYFIGKKA',NULL,'01/19/2017 15:46:40.148476',E'MPACSUYAEHV',E'DNPISMLZONTRBUSO');
INSERT INTO "public"."Workflow"("ID","Active","CreatedDate","CreatedUUID","JsonExtendedData","ModifiedDate","ModifiedUUID","WorkflowName") 
VALUES(4,FALSE,'03/18/2017 13:22:58.964320',E'UDKIKCISNUGWW',NULL,'03/13/2017 19:01:28.460157',E'HZIPTFDKAFMNXGNSEEXEEJB',E'KIQCRUCKMHMX');
INSERT INTO "public"."Workflow"("ID","Active","CreatedDate","CreatedUUID","JsonExtendedData","ModifiedDate","ModifiedUUID","WorkflowName") 
VALUES(5,FALSE,'02/17/2017 16:50:39.793004',E'TOZYSVNNIAMZIJSUU',NULL,'02/08/2017 06:18:45.341767',E'WOGYSA',E'OFAZYUGLTBLNJVOSTZBFRA');
INSERT INTO "public"."Workflow"("ID","Active","CreatedDate","CreatedUUID","JsonExtendedData","ModifiedDate","ModifiedUUID","WorkflowName") 
VALUES(6,FALSE,'02/24/2017 04:26:15.521005',E'IJFKVWOMUOBTDNWWZFDPBKS',NULL,'01/18/2017 07:03:06.470367',E'MDJSDHOVKEKWCYKFGUXQ',E'QKGQDJQUSWRPD');
INSERT INTO "public"."Workflow"("ID","Active","CreatedDate","CreatedUUID","JsonExtendedData","ModifiedDate","ModifiedUUID","WorkflowName") 
VALUES(7,FALSE,'02/06/2017 03:31:17.165021',E'VGACQ',NULL,'02/04/2017 12:45:28.735127',E'WBPRSSYC',E'NWDKLHCRLXYZJTHDXD');
INSERT INTO "public"."Workflow"("ID","Active","CreatedDate","CreatedUUID","JsonExtendedData","ModifiedDate","ModifiedUUID","WorkflowName") 
VALUES(8,FALSE,'01/21/2017 19:59:36.861990',E'FNAAQ',NULL,'01/26/2017 07:11:02.292490',E'IOYJPKHTWQUTB',E'QAWYFPJOVET');
INSERT INTO "public"."Workflow"("ID","Active","CreatedDate","CreatedUUID","JsonExtendedData","ModifiedDate","ModifiedUUID","WorkflowName") 
VALUES(9,TRUE,'01/24/2017 02:26:21.664236',E'MSYFEJOHSFEGHTTS',NULL,'02/07/2017 21:07:49.028769',E'QSTQVBGUHG',E'HUCKZDSVBTUEUWKLO');
INSERT INTO "public"."Workflow"("ID","Active","CreatedDate","CreatedUUID","JsonExtendedData","ModifiedDate","ModifiedUUID","WorkflowName") 
VALUES(10,TRUE,'01/23/2017 06:17:41.489602',E'QAFGROUNJVNFDBFQLFXB',NULL,'01/28/2017 12:44:38.703805',E'IXWHOARTJDDMBAATVTWQ',E'TNREPYFM');
INSERT INTO "public"."Workflow"("ID","Active","CreatedDate","CreatedUUID","JsonExtendedData","ModifiedDate","ModifiedUUID","WorkflowName") 
VALUES(11,FALSE,'01/30/2017 00:26:18.043937',E'HFRKNBQNIYTCREDWK',NULL,'03/08/2017 12:32:22.375320',E'PCFIZBWUOXPXLITKMSPSCP',E'VXZKUL');
INSERT INTO "public"."Workflow"("ID","Active","CreatedDate","CreatedUUID","JsonExtendedData","ModifiedDate","ModifiedUUID","WorkflowName") 
VALUES(12,TRUE,'01/28/2017 08:22:58.027661',E'KGCUBOB',NULL,'02/07/2017 19:23:21.387842',E'XTJDQEGNXFGTEICJTOLKVRX',E'KXIDVUTEPQULZB');
INSERT INTO "public"."Workflow"("ID","Active","CreatedDate","CreatedUUID","JsonExtendedData","ModifiedDate","ModifiedUUID","WorkflowName") 
VALUES(13,FALSE,'03/05/2017 09:12:27.943843',E'NSIBFQCVRKWNZAXU',NULL,'03/04/2017 11:34:37.136281',E'LRAEFZLPBBZASQRTTWSMQ',E'YJTDMJGUSPMBYKOOQ');
INSERT INTO "public"."Workflow"("ID","Active","CreatedDate","CreatedUUID","JsonExtendedData","ModifiedDate","ModifiedUUID","WorkflowName") 
VALUES(14,TRUE,'03/15/2017 08:43:39.666031',E'SFNXFFBPIYBPWQAJOGHXNT',NULL,'03/09/2017 13:52:51.061983',E'DFREUUSUP',E'LGCSCMONLWVSXQWXLPH');
INSERT INTO "public"."Workflow"("ID","Active","CreatedDate","CreatedUUID","JsonExtendedData","ModifiedDate","ModifiedUUID","WorkflowName") 
VALUES(15,TRUE,'03/02/2017 02:25:17.889927',E'CSNNSYJ',NULL,'02/20/2017 21:40:27.833229',E'OPZBLVLEFZT',E'HVGDOTCHDXQELQH');
INSERT INTO "public"."Workflow"("ID","Active","CreatedDate","CreatedUUID","JsonExtendedData","ModifiedDate","ModifiedUUID","WorkflowName") 
VALUES(16,FALSE,'02/18/2017 13:44:56.562352',E'EWVJQHMHJHOZIPJMXW',NULL,'02/05/2017 23:14:43.586452',E'YSSCQIPBLMV',E'BLJHKKNF');
INSERT INTO "public"."Workflow"("ID","Active","CreatedDate","CreatedUUID","JsonExtendedData","ModifiedDate","ModifiedUUID","WorkflowName") 
VALUES(17,TRUE,'02/14/2017 17:50:59.753925',E'RIZSDTLABGRYZG',NULL,'02/25/2017 12:23:00.484935',E'GHMAICO',E'YYAVOVOFDEHMQQAURGG');
INSERT INTO "public"."Workflow"("ID","Active","CreatedDate","CreatedUUID","JsonExtendedData","ModifiedDate","ModifiedUUID","WorkflowName") 
VALUES(18,TRUE,'02/12/2017 19:37:23.632236',E'AWVXXUYSKERITVJHUJEQFB',NULL,'02/01/2017 17:13:06.478909',E'CWUIPBVSEKUCOEMLHOHPV',E'PHUIRWEIKZFYXXIE');
INSERT INTO "public"."Workflow"("ID","Active","CreatedDate","CreatedUUID","JsonExtendedData","ModifiedDate","ModifiedUUID","WorkflowName") 
VALUES(19,TRUE,'03/08/2017 05:37:49.414525',E'CKKWKDIFEDFQQFQMY',NULL,'01/18/2017 13:21:35.805730',E'YUKHGTLFBQ',E'ELPAYFZZP');
INSERT INTO "public"."Workflow"("ID","Active","CreatedDate","CreatedUUID","JsonExtendedData","ModifiedDate","ModifiedUUID","WorkflowName") 
VALUES(20,FALSE,'02/24/2017 07:46:02.754241',E'UHSCFRHLGJENTNYVENCNPFY',NULL,'02/28/2017 08:24:04.242590',E'EZIGHWSXQTXVMQKBQ',E'DEYXKDOCRO');
INSERT INTO "public"."Workflow"("ID","Active","CreatedDate","CreatedUUID","JsonExtendedData","ModifiedDate","ModifiedUUID","WorkflowName") 
VALUES(21,FALSE,'03/17/2017 00:40:02.788749',E'XTCFCNRANZWOWTJQ',NULL,'03/16/2017 07:14:29.718942',E'FAUJLI',E'IEGIY');
INSERT INTO "public"."Workflow"("ID","Active","CreatedDate","CreatedUUID","JsonExtendedData","ModifiedDate","ModifiedUUID","WorkflowName") 
VALUES(22,FALSE,'02/23/2017 08:41:30.896829',E'OOUOBKWHELYUHEZOKD',NULL,'03/18/2017 20:49:08.655247',E'IXDEVJMXRTTLLQCSIVBL',E'LRERMUMEIHGBWDYC');
INSERT INTO "public"."Workflow"("ID","Active","CreatedDate","CreatedUUID","JsonExtendedData","ModifiedDate","ModifiedUUID","WorkflowName") 
VALUES(23,TRUE,'03/02/2017 05:00:51.557458',E'BRKKXBNWJNTXKCKJL',NULL,'02/17/2017 14:08:08.561750',E'DSNGWDQLLKKOZCECAUJ',E'RKPTQPSSPNYLHGTZ');
INSERT INTO "public"."Workflow"("ID","Active","CreatedDate","CreatedUUID","JsonExtendedData","ModifiedDate","ModifiedUUID","WorkflowName") 
VALUES(24,TRUE,'03/09/2017 21:12:15.639345',E'KMJJVCDDDTUS',NULL,'02/07/2017 07:57:44.774110',E'WCBBNV',E'QGBNYYPTKUCTKXAHFHZ');
INSERT INTO "public"."Workflow"("ID","Active","CreatedDate","CreatedUUID","JsonExtendedData","ModifiedDate","ModifiedUUID","WorkflowName") 
VALUES(25,FALSE,'01/22/2017 13:56:24.453652',E'NBAYXE',NULL,'02/01/2017 09:56:33.193683',E'KODSS',E'QRNZZPOREQOPOAC');
INSERT INTO "public"."Workflow"("ID","Active","CreatedDate","CreatedUUID","JsonExtendedData","ModifiedDate","ModifiedUUID","WorkflowName") 
VALUES(26,TRUE,'01/19/2017 03:52:04.486463',E'MXVII',NULL,'02/10/2017 05:26:47.628936',E'CIUSMAMGDEEBHLGO',E'ZGIMRXMDHBITOXATXOB');
INSERT INTO "public"."Workflow"("ID","Active","CreatedDate","CreatedUUID","JsonExtendedData","ModifiedDate","ModifiedUUID","WorkflowName") 
VALUES(27,FALSE,'03/18/2017 15:04:49.931535',E'BPBEEDYSMFXJMJZIVA',NULL,'03/16/2017 20:43:14.705335',E'ESDEPKPAFFDONSTF',E'QRHVODGNTPLCBJJLMZGYHJGHZ');
INSERT INTO "public"."Workflow"("ID","Active","CreatedDate","CreatedUUID","JsonExtendedData","ModifiedDate","ModifiedUUID","WorkflowName") 
VALUES(28,TRUE,'01/27/2017 20:53:17.439316',E'BYKYBFWEKYTKMJEKYJA',NULL,'02/10/2017 19:19:49.622059',E'QZDYKMTMCVXNXJZIFV',E'OVZJUDMEUODWXRAY');
INSERT INTO "public"."Workflow"("ID","Active","CreatedDate","CreatedUUID","JsonExtendedData","ModifiedDate","ModifiedUUID","WorkflowName") 
VALUES(29,TRUE,'03/13/2017 19:08:19.320196',E'NGXVINOEYPZ',NULL,'03/02/2017 06:47:00.322993',E'CBTDQPVW',E'AFIEWGGZBPVSLYBXZV');
INSERT INTO "public"."Workflow"("ID","Active","CreatedDate","CreatedUUID","JsonExtendedData","ModifiedDate","ModifiedUUID","WorkflowName") 
VALUES(30,TRUE,'02/02/2017 21:25:37.256936',E'BJBGXR',NULL,'02/28/2017 14:04:34.911094',E'MGIUPUOHULZPQGEZUZLOZIHPJ',E'KCQWAZUDGQKSTIGMW');
INSERT INTO "public"."Workflow"("ID","Active","CreatedDate","CreatedUUID","JsonExtendedData","ModifiedDate","ModifiedUUID","WorkflowName") 
VALUES(31,TRUE,'03/07/2017 13:15:58.723362',E'RVYYCNFWEZHMQFXNHUT',NULL,'02/07/2017 00:44:55.735602',E'VALCB',E'ZXSYBUNRFVXNEINWRSACI');
INSERT INTO "public"."Workflow"("ID","Active","CreatedDate","CreatedUUID","JsonExtendedData","ModifiedDate","ModifiedUUID","WorkflowName") 
VALUES(32,FALSE,'01/24/2017 17:06:49.112093',E'YUVVLQESVZIXLQGW',NULL,'03/08/2017 02:21:49.776792',E'KOZBZLJJQMQEHQYSE',E'NSTJQGSQMWFDNTL');
INSERT INTO "public"."Workflow"("ID","Active","CreatedDate","CreatedUUID","JsonExtendedData","ModifiedDate","ModifiedUUID","WorkflowName") 
VALUES(33,TRUE,'03/10/2017 18:36:16.608903',E'VVWGQMCLBUXWYPGRKR',NULL,'01/18/2017 04:45:45.041797',E'JKRUFENXEDBOEQARBMIOSPBE',E'PIZYT');
INSERT INTO "public"."Workflow"("ID","Active","CreatedDate","CreatedUUID","JsonExtendedData","ModifiedDate","ModifiedUUID","WorkflowName") 
VALUES(34,TRUE,'02/08/2017 22:22:32.935233',E'FQHKRLIVCSGUUJSS',NULL,'03/12/2017 19:27:40.059750',E'QYXSZQ',E'WLEYMAVHPMEVF');
INSERT INTO "public"."Workflow"("ID","Active","CreatedDate","CreatedUUID","JsonExtendedData","ModifiedDate","ModifiedUUID","WorkflowName") 
VALUES(35,FALSE,'01/22/2017 10:19:39.393806',E'SRERSFYESKALFH',NULL,'03/05/2017 18:32:59.976694',E'MOEBAAZFTNVIFBKKNHG',E'CHEAHYLDAWASO');
INSERT INTO "public"."Workflow"("ID","Active","CreatedDate","CreatedUUID","JsonExtendedData","ModifiedDate","ModifiedUUID","WorkflowName") 
VALUES(36,FALSE,'02/02/2017 20:07:21.421673',E'JGJHNZ',NULL,'01/29/2017 16:21:49.639478',E'KHMPTSEUVFWSTJRS',E'WLGOSYRIPOGYCIKKKR');
INSERT INTO "public"."Workflow"("ID","Active","CreatedDate","CreatedUUID","JsonExtendedData","ModifiedDate","ModifiedUUID","WorkflowName") 
VALUES(37,TRUE,'02/18/2017 06:47:38.721995',E'KUVMBSZAMRMDVEHJITZT',NULL,'02/21/2017 18:40:37.797063',E'AWLJKDCBEGLTZYULTLAUN',E'BGMBNACYHBPLQXYOTYPCNTSW');
INSERT INTO "public"."Workflow"("ID","Active","CreatedDate","CreatedUUID","JsonExtendedData","ModifiedDate","ModifiedUUID","WorkflowName") 
VALUES(38,TRUE,'03/04/2017 00:13:41.466820',E'SVPWJFRPKWKGFKFKIABJ',NULL,'03/02/2017 14:56:40.703972',E'LPZPBSVRUNAHUJVNZGW',E'UPVCNAJVTOOKPBMUVEEBGC');
INSERT INTO "public"."Workflow"("ID","Active","CreatedDate","CreatedUUID","JsonExtendedData","ModifiedDate","ModifiedUUID","WorkflowName") 
VALUES(39,TRUE,'02/03/2017 17:25:27.092510',E'HVMOVYFIKPXIDOCASY',NULL,'03/04/2017 05:50:44.702965',E'RVMROQXKNESRALRKDFEYKCDPI',E'QWHXYEHISWR');
INSERT INTO "public"."Workflow"("ID","Active","CreatedDate","CreatedUUID","JsonExtendedData","ModifiedDate","ModifiedUUID","WorkflowName") 
VALUES(40,FALSE,'01/26/2017 04:11:56.376831',E'IELHFKFLRKTZVPT',NULL,'03/03/2017 19:16:48.789152',E'SFVBOVATRHLOOLWKMWVE',E'HCWMDDEPRRZSZV');
INSERT INTO "public"."Workflow"("ID","Active","CreatedDate","CreatedUUID","JsonExtendedData","ModifiedDate","ModifiedUUID","WorkflowName") 
VALUES(41,FALSE,'03/01/2017 03:43:09.941056',E'XHRPIDYUDMDPCSKJIBCXZM',NULL,'02/22/2017 07:08:45.607027',E'QNHHTOHE',E'MSHOPBPJYRADKM');
INSERT INTO "public"."Workflow"("ID","Active","CreatedDate","CreatedUUID","JsonExtendedData","ModifiedDate","ModifiedUUID","WorkflowName") 
VALUES(42,FALSE,'03/17/2017 13:53:48.275568',E'IYUEIRYB',NULL,'01/25/2017 04:26:47.369247',E'KTNNSYSBCQZJKWAVQGS',E'MIKANZQQAQWPHLPE');
INSERT INTO "public"."Workflow"("ID","Active","CreatedDate","CreatedUUID","JsonExtendedData","ModifiedDate","ModifiedUUID","WorkflowName") 
VALUES(43,TRUE,'02/10/2017 09:27:42.089660',E'XGHPGHQDIEBMCHD',NULL,'02/20/2017 19:45:27.464897',E'PNFQWXQKLLZO',E'YDOLRWEXQKA');
INSERT INTO "public"."Workflow"("ID","Active","CreatedDate","CreatedUUID","JsonExtendedData","ModifiedDate","ModifiedUUID","WorkflowName") 
VALUES(44,FALSE,'02/15/2017 21:31:09.953221',E'PJZEYBRBWKECOCAYUUFCXKLD',NULL,'02/17/2017 06:36:22.377760',E'UNPIOEIJVLNUPNCIDCVGKVPWI',E'OAESHNPAMOUOQXQTZCNQQFZ');
INSERT INTO "public"."Workflow"("ID","Active","CreatedDate","CreatedUUID","JsonExtendedData","ModifiedDate","ModifiedUUID","WorkflowName") 
VALUES(45,FALSE,'02/21/2017 17:03:46.459528',E'FPBMPYAOX',NULL,'01/23/2017 12:06:58.924208',E'FJNIYNJXBRHZSCLZLCN',E'HUNRFIOUVWAFIFOEAEBDYHAEO');
INSERT INTO "public"."Workflow"("ID","Active","CreatedDate","CreatedUUID","JsonExtendedData","ModifiedDate","ModifiedUUID","WorkflowName") 
VALUES(46,FALSE,'01/21/2017 23:04:52.012703',E'QYIUNWKUNZRBXRR',NULL,'01/26/2017 12:54:04.137722',E'BSPZEHWHQULUJZMLBGJAQCJ',E'RLCLVWMRELENKNQKT');
INSERT INTO "public"."Workflow"("ID","Active","CreatedDate","CreatedUUID","JsonExtendedData","ModifiedDate","ModifiedUUID","WorkflowName") 
VALUES(47,FALSE,'01/19/2017 11:26:28.026554',E'GSGRHSKZPUKBD',NULL,'02/10/2017 20:12:37.506622',E'XHNUZMCTAKZULVGDMPY',E'FATCBEXWHSJOIQMHVHJEH');
INSERT INTO "public"."Workflow"("ID","Active","CreatedDate","CreatedUUID","JsonExtendedData","ModifiedDate","ModifiedUUID","WorkflowName") 
VALUES(48,TRUE,'03/01/2017 09:40:21.187175',E'FHMAKCHWZZEXXXUUNDAGAST',NULL,'03/05/2017 13:55:16.112408',E'EFYTI',E'ESARKVQEFRTNJPIC');
INSERT INTO "public"."Workflow"("ID","Active","CreatedDate","CreatedUUID","JsonExtendedData","ModifiedDate","ModifiedUUID","WorkflowName") 
VALUES(49,FALSE,'01/23/2017 16:29:59.515811',E'HQACACQCTBWLNTMWTLUMXABZV',NULL,'03/17/2017 15:41:45.503722',E'GUAGXVMTCXZIYJDR',E'UUCVGHD');
INSERT INTO "public"."Workflow"("ID","Active","CreatedDate","CreatedUUID","JsonExtendedData","ModifiedDate","ModifiedUUID","WorkflowName") 
VALUES(50,TRUE,'02/02/2017 21:23:21.440988',E'IREULXLKEBQK',NULL,'03/08/2017 08:05:18.019561',E'OJCNVKAQYVJNJTEUSXXV',E'OTYEQVLTIBBMTFBX');
INSERT INTO "public"."Workflow"("ID","Active","CreatedDate","CreatedUUID","JsonExtendedData","ModifiedDate","ModifiedUUID","WorkflowName") 
VALUES(51,FALSE,'01/27/2017 05:33:34.612665',E'MAEVMRS',NULL,'02/22/2017 10:59:32.112257',E'BDTWWKRPQMLPZQMPRFGFYDM',E'TQRWXXVJKRMFDFUROBHWBKFTX');
INSERT INTO "public"."Workflow"("ID","Active","CreatedDate","CreatedUUID","JsonExtendedData","ModifiedDate","ModifiedUUID","WorkflowName") 
VALUES(52,TRUE,'03/06/2017 07:09:04.748106',E'UNVSLAESBCRMEGRYPXTKXRIV',NULL,'03/18/2017 07:50:39.196494',E'FQZCCGUHLOCPHLXTEVHB',E'WORLV');
INSERT INTO "public"."Workflow"("ID","Active","CreatedDate","CreatedUUID","JsonExtendedData","ModifiedDate","ModifiedUUID","WorkflowName") 
VALUES(53,TRUE,'02/17/2017 03:43:12.557330',E'QMIOXRJWP',NULL,'01/27/2017 06:55:36.095804',E'IYFTIWUYEURPAQXPJ',E'WHVNIIYTXKRMAEMIRXU');
INSERT INTO "public"."Workflow"("ID","Active","CreatedDate","CreatedUUID","JsonExtendedData","ModifiedDate","ModifiedUUID","WorkflowName") 
VALUES(54,TRUE,'02/01/2017 18:27:46.571713',E'LOQVCGULKLWEYFLZDCH',NULL,'03/18/2017 15:55:30.876789',E'PJQEJWNPGQJCPHEAPDTPJS',E'UJKOBQIDA');
INSERT INTO "public"."Workflow"("ID","Active","CreatedDate","CreatedUUID","JsonExtendedData","ModifiedDate","ModifiedUUID","WorkflowName") 
VALUES(55,FALSE,'02/11/2017 09:43:26.489321',E'RASWQOFPBIGE',NULL,'02/16/2017 01:36:47.451102',E'UUXXB',E'YINAHKDWXTTY');
INSERT INTO "public"."Workflow"("ID","Active","CreatedDate","CreatedUUID","JsonExtendedData","ModifiedDate","ModifiedUUID","WorkflowName") 
VALUES(56,TRUE,'01/26/2017 04:22:48.624891',E'YJAJITGHZAHRGXPTC',NULL,'02/25/2017 07:51:04.980161',E'NRJFQSBISUUFHWWNMHGFCWFV',E'WFMUCPBTPYHO');
INSERT INTO "public"."Workflow"("ID","Active","CreatedDate","CreatedUUID","JsonExtendedData","ModifiedDate","ModifiedUUID","WorkflowName") 
VALUES(57,FALSE,'01/19/2017 10:45:56.993459',E'FIHUWHBFXKLMVSFMZKE',NULL,'03/10/2017 10:20:22.693862',E'MFMQB',E'FNQFVBD');
INSERT INTO "public"."Workflow"("ID","Active","CreatedDate","CreatedUUID","JsonExtendedData","ModifiedDate","ModifiedUUID","WorkflowName") 
VALUES(58,TRUE,'01/26/2017 22:21:24.542079',E'KFYVTWHNJU',NULL,'02/14/2017 23:03:09.825619',E'EAJQSRNEAYQMMJGOHR',E'KWUKIPHGKNSFSSTIELZZHSOB');
INSERT INTO "public"."Workflow"("ID","Active","CreatedDate","CreatedUUID","JsonExtendedData","ModifiedDate","ModifiedUUID","WorkflowName") 
VALUES(59,FALSE,'02/23/2017 06:40:08.756835',E'XXPRSIXXNNICC',NULL,'02/17/2017 16:52:11.778700',E'BTPXNXVI',E'YOGTB');
INSERT INTO "public"."Workflow"("ID","Active","CreatedDate","CreatedUUID","JsonExtendedData","ModifiedDate","ModifiedUUID","WorkflowName") 
VALUES(60,TRUE,'01/20/2017 02:30:24.352769',E'UIDPNLMHHZSIQCAZ',NULL,'02/04/2017 22:54:17.527219',E'YFOKNCGWBVW',E'FRTVTDYPC');
INSERT INTO "public"."Workflow"("ID","Active","CreatedDate","CreatedUUID","JsonExtendedData","ModifiedDate","ModifiedUUID","WorkflowName") 
VALUES(61,FALSE,'02/10/2017 08:57:51.211105',E'LHPAWPEXRJ',NULL,'01/19/2017 07:04:54.557147',E'PZOUWLBOZNJWUCK',E'SNFCGQBFITKUOAJLLXQZPYCIM');
INSERT INTO "public"."Workflow"("ID","Active","CreatedDate","CreatedUUID","JsonExtendedData","ModifiedDate","ModifiedUUID","WorkflowName") 
VALUES(62,TRUE,'01/25/2017 07:06:54.975777',E'QLYCPVJWZDGIKDCNOGJIN',NULL,'02/15/2017 23:32:00.339612',E'CCUIHBCNBQQSRTWM',E'JAUFDSZNBHPEKPWJHBNOWBV');
INSERT INTO "public"."Workflow"("ID","Active","CreatedDate","CreatedUUID","JsonExtendedData","ModifiedDate","ModifiedUUID","WorkflowName") 
VALUES(63,TRUE,'03/02/2017 04:42:13.213232',E'ZABMPGCEWDJVJIFP',NULL,'01/27/2017 21:42:51.191157',E'DUBAHHPC',E'FRFLTZLPEHGV');
INSERT INTO "public"."Workflow"("ID","Active","CreatedDate","CreatedUUID","JsonExtendedData","ModifiedDate","ModifiedUUID","WorkflowName") 
VALUES(64,FALSE,'01/28/2017 19:09:49.466840',E'QKJGICFLXYFA',NULL,'03/03/2017 05:48:57.980105',E'ODLRDWLXUDZDKAMO',E'GWMVERI');
INSERT INTO "public"."Workflow"("ID","Active","CreatedDate","CreatedUUID","JsonExtendedData","ModifiedDate","ModifiedUUID","WorkflowName") 
VALUES(65,TRUE,'01/30/2017 00:39:13.782655',E'ZDJJMBPFHXMOR',NULL,'02/09/2017 00:12:29.492768',E'IRXLLUY',E'JQSHIJMRJIBJDINUHUYYYTWVW');
INSERT INTO "public"."Workflow"("ID","Active","CreatedDate","CreatedUUID","JsonExtendedData","ModifiedDate","ModifiedUUID","WorkflowName") 
VALUES(66,FALSE,'02/24/2017 04:07:06.093653',E'PQOKVMBRZUK',NULL,'02/14/2017 10:44:43.417554',E'ZCZLPRKEDNSHFV',E'VJLSESRRNZY');
INSERT INTO "public"."Workflow"("ID","Active","CreatedDate","CreatedUUID","JsonExtendedData","ModifiedDate","ModifiedUUID","WorkflowName") 
VALUES(67,FALSE,'02/11/2017 00:15:44.202438',E'NRTAVQCSLNGN',NULL,'01/25/2017 22:11:55.898603',E'HOWJUJMJITOWWXTJU',E'WMNJWUFYBYBCBJBKXFJD');
INSERT INTO "public"."Workflow"("ID","Active","CreatedDate","CreatedUUID","JsonExtendedData","ModifiedDate","ModifiedUUID","WorkflowName") 
VALUES(68,FALSE,'01/22/2017 10:52:23.422147',E'SOGDNLQPOD',NULL,'03/10/2017 04:39:29.353614',E'DFRGINXAUGLRR',E'WESRUNQI');
INSERT INTO "public"."Workflow"("ID","Active","CreatedDate","CreatedUUID","JsonExtendedData","ModifiedDate","ModifiedUUID","WorkflowName") 
VALUES(69,FALSE,'03/10/2017 23:33:37.503346',E'VXRIEJFLZQMCVOLRWNUCBB',NULL,'01/21/2017 12:14:54.601837',E'YKXME',E'JGIZBPTBVLVTCUPDU');
INSERT INTO "public"."Workflow"("ID","Active","CreatedDate","CreatedUUID","JsonExtendedData","ModifiedDate","ModifiedUUID","WorkflowName") 
VALUES(70,TRUE,'01/19/2017 16:56:28.835483',E'CKOTPDH',NULL,'02/16/2017 19:32:32.031636',E'NUUXMREN',E'IIERQNVWUOKPJAN');
INSERT INTO "public"."Workflow"("ID","Active","CreatedDate","CreatedUUID","JsonExtendedData","ModifiedDate","ModifiedUUID","WorkflowName") 
VALUES(71,FALSE,'01/29/2017 22:06:32.797666',E'TSCSXAVEBQUBUCEPAB',NULL,'02/25/2017 20:49:13.963964',E'SUVVMMCSAMQASVFEKQEGM',E'XCFYDMSHUWXRELAEX');
INSERT INTO "public"."Workflow"("ID","Active","CreatedDate","CreatedUUID","JsonExtendedData","ModifiedDate","ModifiedUUID","WorkflowName") 
VALUES(72,TRUE,'03/10/2017 19:49:20.888321',E'BOOBLIOUMELCDLXZFB',NULL,'01/31/2017 09:01:59.059605',E'EKYLSQWDMHVRGTCLWCWBZ',E'OTAKEEUIFKXHYRULTZI');
INSERT INTO "public"."Workflow"("ID","Active","CreatedDate","CreatedUUID","JsonExtendedData","ModifiedDate","ModifiedUUID","WorkflowName") 
VALUES(73,TRUE,'01/25/2017 17:14:52.214737',E'VVAZQACFAWVAXIT',NULL,'02/10/2017 19:38:52.877633',E'SXMMLGDVMCEKAMVBJY',E'JRVTMOEFE');
INSERT INTO "public"."Workflow"("ID","Active","CreatedDate","CreatedUUID","JsonExtendedData","ModifiedDate","ModifiedUUID","WorkflowName") 
VALUES(74,FALSE,'03/04/2017 06:18:09.223782',E'VYCKWJEBVK',NULL,'01/29/2017 00:56:31.764573',E'IACEHAEQSKNKRAAEYO',E'PVVXTHXKRJTKWIYITH');
INSERT INTO "public"."Workflow"("ID","Active","CreatedDate","CreatedUUID","JsonExtendedData","ModifiedDate","ModifiedUUID","WorkflowName") 
VALUES(75,FALSE,'03/18/2017 19:49:26.061707',E'XILIAXCHNGWY',NULL,'03/03/2017 09:28:31.481098',E'KDVNZZTYAHU',E'HUOUXIASNXECPEIT');
INSERT INTO "public"."Workflow"("ID","Active","CreatedDate","CreatedUUID","JsonExtendedData","ModifiedDate","ModifiedUUID","WorkflowName") 
VALUES(76,FALSE,'01/30/2017 19:55:54.601423',E'UFZZYNZRNDFMDINTQMTBGNR',NULL,'02/04/2017 23:14:43.125339',E'DUOXQP',E'BWKSZVMQWDPWXDKGFLRPQLSUM');
INSERT INTO "public"."Workflow"("ID","Active","CreatedDate","CreatedUUID","JsonExtendedData","ModifiedDate","ModifiedUUID","WorkflowName") 
VALUES(77,FALSE,'02/03/2017 14:35:25.524126',E'JDYLQRYCQODOBLXKQHEXNZUZ',NULL,'02/02/2017 20:14:31.825641',E'NKTPUCCVPYTEXCMWODW',E'EZYYURUFCJMLPBF');
INSERT INTO "public"."Workflow"("ID","Active","CreatedDate","CreatedUUID","JsonExtendedData","ModifiedDate","ModifiedUUID","WorkflowName") 
VALUES(78,TRUE,'01/28/2017 16:16:22.461453',E'WEKVNLCAGPSWXF',NULL,'01/24/2017 11:20:37.153099',E'KRTGBCUJDMXGFBPJYY',E'TZUMHYOL');
INSERT INTO "public"."Workflow"("ID","Active","CreatedDate","CreatedUUID","JsonExtendedData","ModifiedDate","ModifiedUUID","WorkflowName") 
VALUES(79,TRUE,'03/04/2017 14:50:52.629689',E'JBJINOEV',NULL,'02/15/2017 07:14:21.421649',E'LTSPIKVAYVQGLFKVN',E'RVMBYMHRASOULWJZQEQHYIJO');
INSERT INTO "public"."Workflow"("ID","Active","CreatedDate","CreatedUUID","JsonExtendedData","ModifiedDate","ModifiedUUID","WorkflowName") 
VALUES(80,TRUE,'01/23/2017 17:37:39.397713',E'EFELFNMWJ',NULL,'03/06/2017 00:20:17.533726',E'NRZVTMNSVQJQRGIETZGXIPF',E'GEWSDAZZT');
INSERT INTO "public"."Workflow"("ID","Active","CreatedDate","CreatedUUID","JsonExtendedData","ModifiedDate","ModifiedUUID","WorkflowName") 
VALUES(81,TRUE,'02/26/2017 13:50:03.142739',E'EXBPHXUALWAF',NULL,'03/10/2017 05:00:19.788860',E'WYNDDGUXIJINWSJYYR',E'MHZPTSJOTYPY');
INSERT INTO "public"."Workflow"("ID","Active","CreatedDate","CreatedUUID","JsonExtendedData","ModifiedDate","ModifiedUUID","WorkflowName") 
VALUES(82,TRUE,'01/26/2017 16:32:28.841230',E'FNXVQBTXYGMBY',NULL,'02/21/2017 19:56:46.168410',E'SQGIHXESBBGHY',E'CACTSWSBNERVSWTOHAYHCMZCO');
INSERT INTO "public"."Workflow"("ID","Active","CreatedDate","CreatedUUID","JsonExtendedData","ModifiedDate","ModifiedUUID","WorkflowName") 
VALUES(83,TRUE,'02/15/2017 21:56:32.122808',E'KXIWN',NULL,'01/25/2017 05:43:33.243259',E'UZDZMIAZRBWJPQSNROTRNOJ',E'UMOGDASQAOHOVPJPHNDRMENPS');
INSERT INTO "public"."Workflow"("ID","Active","CreatedDate","CreatedUUID","JsonExtendedData","ModifiedDate","ModifiedUUID","WorkflowName") 
VALUES(84,TRUE,'01/22/2017 02:26:25.537940',E'KTMUCTZMZVIZCFNPNNQ',NULL,'02/21/2017 09:42:56.246173',E'TRRWEZFEIVBZUBJZV',E'ZVRVHMSUYUZPQI');
INSERT INTO "public"."Workflow"("ID","Active","CreatedDate","CreatedUUID","JsonExtendedData","ModifiedDate","ModifiedUUID","WorkflowName") 
VALUES(85,TRUE,'01/28/2017 22:06:47.972441',E'OINFYK',NULL,'02/06/2017 21:03:42.135934',E'FDWKEQQNUPBGZ',E'AKVMLDICQEFNTLY');
INSERT INTO "public"."Workflow"("ID","Active","CreatedDate","CreatedUUID","JsonExtendedData","ModifiedDate","ModifiedUUID","WorkflowName") 
VALUES(86,FALSE,'02/16/2017 04:45:54.151046',E'ZZKIQDYIVZ',NULL,'02/13/2017 17:02:13.373857',E'AXFYKXNXORVEH',E'FZJYUKHXSUQGHXFNZDQXONCP');
INSERT INTO "public"."Workflow"("ID","Active","CreatedDate","CreatedUUID","JsonExtendedData","ModifiedDate","ModifiedUUID","WorkflowName") 
VALUES(87,TRUE,'02/12/2017 02:41:12.170367',E'RFGPXDTIBWBTP',NULL,'02/03/2017 00:39:18.835594',E'TZCZDSXWOYCCTXLHRMTDYAXYX',E'NETSGK');
INSERT INTO "public"."Workflow"("ID","Active","CreatedDate","CreatedUUID","JsonExtendedData","ModifiedDate","ModifiedUUID","WorkflowName") 
VALUES(88,TRUE,'02/06/2017 18:01:11.165225',E'JVQMGUEOOKNSPNURYVWPV',NULL,'03/10/2017 11:25:37.613066',E'HNVHFMNTZFCKFMYCMC',E'MDYXPRGPRO');
INSERT INTO "public"."Workflow"("ID","Active","CreatedDate","CreatedUUID","JsonExtendedData","ModifiedDate","ModifiedUUID","WorkflowName") 
VALUES(89,TRUE,'01/27/2017 12:11:50.947092',E'XPDSDNFQCWBKORNZLFENBUCI',NULL,'03/05/2017 15:59:08.149937',E'AHFLSLQHDFNSSSZXGQXG',E'XTNHFWXAKOZ');
INSERT INTO "public"."Workflow"("ID","Active","CreatedDate","CreatedUUID","JsonExtendedData","ModifiedDate","ModifiedUUID","WorkflowName") 
VALUES(90,TRUE,'01/18/2017 12:09:27.294020',E'GDJWEAXRNLHFTUHVU',NULL,'02/19/2017 20:42:36.192039',E'YQMZCPQFRVWLN',E'JPZJINW');
INSERT INTO "public"."Workflow"("ID","Active","CreatedDate","CreatedUUID","JsonExtendedData","ModifiedDate","ModifiedUUID","WorkflowName") 
VALUES(91,TRUE,'03/10/2017 03:07:12.928888',E'EEIKNSKSGGMXNABIWS',NULL,'02/12/2017 13:25:45.994191',E'UZJMMMBDNBLJJY',E'GLFRKRQEBOAXPFURQ');
INSERT INTO "public"."Workflow"("ID","Active","CreatedDate","CreatedUUID","JsonExtendedData","ModifiedDate","ModifiedUUID","WorkflowName") 
VALUES(92,FALSE,'03/05/2017 02:31:39.373907',E'HPMULRVVHDCMSML',NULL,'03/15/2017 23:16:15.532103',E'UULXFVLSFUKIYZUGHZCCTDZ',E'ZSCVVOLPYPULKOXGKGNQUDCVJ');
INSERT INTO "public"."Workflow"("ID","Active","CreatedDate","CreatedUUID","JsonExtendedData","ModifiedDate","ModifiedUUID","WorkflowName") 
VALUES(93,TRUE,'02/12/2017 17:27:22.767236',E'AQPFGOFN',NULL,'03/13/2017 08:54:22.539406',E'JAPYXOKLJWWXHXXCXL',E'ARNCBJHGJKXFJPSYVC');
INSERT INTO "public"."Workflow"("ID","Active","CreatedDate","CreatedUUID","JsonExtendedData","ModifiedDate","ModifiedUUID","WorkflowName") 
VALUES(94,FALSE,'02/02/2017 17:54:28.414178',E'YULNNZQYOGHYKTHGH',NULL,'01/25/2017 10:48:50.165230',E'IYLBZXVQHCDPTVBKREDSKXAQM',E'GRIJIZKUKYENP');
INSERT INTO "public"."Workflow"("ID","Active","CreatedDate","CreatedUUID","JsonExtendedData","ModifiedDate","ModifiedUUID","WorkflowName") 
VALUES(95,FALSE,'02/04/2017 05:48:26.822939',E'HAGLHTWYAHTX',NULL,'02/21/2017 14:48:13.144550',E'VBDRPRVYEXQIXQMPFW',E'CGODRL');
INSERT INTO "public"."Workflow"("ID","Active","CreatedDate","CreatedUUID","JsonExtendedData","ModifiedDate","ModifiedUUID","WorkflowName") 
VALUES(96,FALSE,'02/08/2017 15:57:59.922070',E'GHYULCCAXVO',NULL,'01/21/2017 11:26:04.761458',E'RRQYKWNBWANERDIKLTPP',E'OAIIA');
INSERT INTO "public"."Workflow"("ID","Active","CreatedDate","CreatedUUID","JsonExtendedData","ModifiedDate","ModifiedUUID","WorkflowName") 
VALUES(97,FALSE,'02/08/2017 13:48:32.056387',E'FHLRFAINOWRQ',NULL,'03/10/2017 02:01:14.469989',E'JLFKZNBTZDQFEPKF',E'YXUHKNMRXHMRGJCXHHOWGXGU');
INSERT INTO "public"."Workflow"("ID","Active","CreatedDate","CreatedUUID","JsonExtendedData","ModifiedDate","ModifiedUUID","WorkflowName") 
VALUES(98,FALSE,'02/14/2017 03:52:08.235912',E'OSHQVXXJRMQFEYBUUWLMGR',NULL,'02/03/2017 12:12:57.409644',E'WJKYJBPCF',E'LXFBOGUCSGUDAYCYXHGVU');
INSERT INTO "public"."Workflow"("ID","Active","CreatedDate","CreatedUUID","JsonExtendedData","ModifiedDate","ModifiedUUID","WorkflowName") 
VALUES(99,FALSE,'03/10/2017 21:09:02.435293',E'JWDRMLRNUZ',NULL,'03/04/2017 01:44:28.122171',E'JCBLVMTFSWNBJDXCHFVMOAND',E'KSURZIYROZSVUWIQTRFGPYON');
INSERT INTO "public"."Workflow"("ID","Active","CreatedDate","CreatedUUID","JsonExtendedData","ModifiedDate","ModifiedUUID","WorkflowName") 
VALUES(100,FALSE,'01/25/2017 00:56:05.116456',E'LWHCNKXOLOGZPOLKSUGD',NULL,'03/15/2017 15:06:38.754647',E'JYMIMJZQCEJAE',E'TCJDTH');
COMMIT;

/* Generating data for table public.Step... */
INSERT INTO "public"."Step"("ID","Active","CreatedDate","CreatedUUID","JsonExtendedData","ModifiedDate","ModifiedUUID","WorkflowID","WorkflowStepName") 
VALUES(1,FALSE,'01/28/2017 01:59:39.311569',E'KYHGX',NULL,'01/21/2017 08:00:57.286188',E'NWQWFITCXEVBZL',95,E'ZQMKDDUQSPSTUSO');
INSERT INTO "public"."Step"("ID","Active","CreatedDate","CreatedUUID","JsonExtendedData","ModifiedDate","ModifiedUUID","WorkflowID","WorkflowStepName") 
VALUES(2,FALSE,'03/03/2017 04:52:02.602385',E'FWZEMYPTDBHQAPMRSRHDDDQX',NULL,'03/15/2017 13:09:45.132680',E'DXWRINM',40,E'PMCHCDRVAGNNNJQTP');
INSERT INTO "public"."Step"("ID","Active","CreatedDate","CreatedUUID","JsonExtendedData","ModifiedDate","ModifiedUUID","WorkflowID","WorkflowStepName") 
VALUES(3,TRUE,'02/25/2017 23:10:08.809804',E'QRIIVIKUNXMDMB',NULL,'01/31/2017 13:34:36.120955',E'FWBRCFSLUESNNAFPU',41,E'MKTOURZPIGZQAQCKSVAPLXFP');
INSERT INTO "public"."Step"("ID","Active","CreatedDate","CreatedUUID","JsonExtendedData","ModifiedDate","ModifiedUUID","WorkflowID","WorkflowStepName") 
VALUES(4,TRUE,'02/25/2017 13:43:10.813126',E'NMQVKUGVGWVWOZKPYNNLV',NULL,'02/24/2017 06:56:23.946775',E'HXZNFQTIPFCWZOGVPUD',26,E'DYXUQKHJR');
INSERT INTO "public"."Step"("ID","Active","CreatedDate","CreatedUUID","JsonExtendedData","ModifiedDate","ModifiedUUID","WorkflowID","WorkflowStepName") 
VALUES(5,TRUE,'01/28/2017 00:07:17.032671',E'UVKGDCTYSGWP',NULL,'02/18/2017 05:04:10.491016',E'TYXEJRZZNHBUKYXMFN',79,E'OJIWTJECXBDXSCYJVY');
INSERT INTO "public"."Step"("ID","Active","CreatedDate","CreatedUUID","JsonExtendedData","ModifiedDate","ModifiedUUID","WorkflowID","WorkflowStepName") 
VALUES(6,TRUE,'02/26/2017 17:19:12.344315',E'ZDKFIWEWDOFQF',NULL,'01/30/2017 19:38:42.237908',E'KIZRLGBFRWBX',15,E'JNLWSMCIJOODCZHREXMISZ');
INSERT INTO "public"."Step"("ID","Active","CreatedDate","CreatedUUID","JsonExtendedData","ModifiedDate","ModifiedUUID","WorkflowID","WorkflowStepName") 
VALUES(7,FALSE,'02/14/2017 23:30:46.355221',E'GZYEBOMNTXZTSEXEDR',NULL,'03/12/2017 01:47:44.580522',E'WGLMCTFUZNBNQYXHD',66,E'WMWPBRSVDGWTK');
INSERT INTO "public"."Step"("ID","Active","CreatedDate","CreatedUUID","JsonExtendedData","ModifiedDate","ModifiedUUID","WorkflowID","WorkflowStepName") 
VALUES(8,FALSE,'03/06/2017 15:44:52.694842',E'ADXWZGLFZILXIGVZZVPSIZTM',NULL,'02/12/2017 21:13:55.612468',E'BSVGFIKCETRDDVKXALMWYKP',19,E'NQKLUJRFONLRALVBZQW');
INSERT INTO "public"."Step"("ID","Active","CreatedDate","CreatedUUID","JsonExtendedData","ModifiedDate","ModifiedUUID","WorkflowID","WorkflowStepName") 
VALUES(9,FALSE,'01/25/2017 05:36:43.465908',E'BHDMCEOWRKLTSKQQWFWGKKNBF',NULL,'02/28/2017 02:27:39.977829',E'RQAJINGRSCCPLCLVN',8,E'MRCTDECVBGNHW');
INSERT INTO "public"."Step"("ID","Active","CreatedDate","CreatedUUID","JsonExtendedData","ModifiedDate","ModifiedUUID","WorkflowID","WorkflowStepName") 
VALUES(10,TRUE,'01/27/2017 13:30:39.608140',E'BSKOPXZTMNAAPPERNDJVDKV',NULL,'01/29/2017 14:00:03.966564',E'HVFSNDEHKBXWYX',87,E'JIWSJOULWUYXTUZPVLK');
INSERT INTO "public"."Step"("ID","Active","CreatedDate","CreatedUUID","JsonExtendedData","ModifiedDate","ModifiedUUID","WorkflowID","WorkflowStepName") 
VALUES(11,FALSE,'01/30/2017 08:01:03.196678',E'CSGDSPOMXBUQZANLQAXE',NULL,'01/29/2017 13:45:53.888842',E'XSUAIG',62,E'TYRDTH');
INSERT INTO "public"."Step"("ID","Active","CreatedDate","CreatedUUID","JsonExtendedData","ModifiedDate","ModifiedUUID","WorkflowID","WorkflowStepName") 
VALUES(12,FALSE,'02/15/2017 18:08:19.965788',E'GBAWEKNMBFCUFCYAUZAGPV',NULL,'02/14/2017 06:17:02.996656',E'YPEEJ',3,E'LGVVLWKSKEWKRBU');
INSERT INTO "public"."Step"("ID","Active","CreatedDate","CreatedUUID","JsonExtendedData","ModifiedDate","ModifiedUUID","WorkflowID","WorkflowStepName") 
VALUES(13,FALSE,'02/13/2017 04:19:06.461090',E'SZIGXMUHVHJF',NULL,'03/08/2017 03:27:48.868312',E'BVCCRGLVSFQAGEWPLR',10,E'DWPSFDOQIJHSCVSIVNXSCDTDA');
INSERT INTO "public"."Step"("ID","Active","CreatedDate","CreatedUUID","JsonExtendedData","ModifiedDate","ModifiedUUID","WorkflowID","WorkflowStepName") 
VALUES(14,FALSE,'01/19/2017 21:01:10.042529',E'RWFPFEKWKVNBWKBOFUUJSI',NULL,'03/02/2017 05:45:54.626214',E'RLPERCGZNGDKJM',25,E'CSNUZ');
INSERT INTO "public"."Step"("ID","Active","CreatedDate","CreatedUUID","JsonExtendedData","ModifiedDate","ModifiedUUID","WorkflowID","WorkflowStepName") 
VALUES(15,TRUE,'01/29/2017 13:03:43.295624',E'MIPMYBFFJFSRLAFWTKJ',NULL,'02/19/2017 20:21:41.041509',E'BMLSOAFDXYOOEUOJHJAQBGXJU',37,E'ERANAMCEABVWFDRQKYSTZ');
INSERT INTO "public"."Step"("ID","Active","CreatedDate","CreatedUUID","JsonExtendedData","ModifiedDate","ModifiedUUID","WorkflowID","WorkflowStepName") 
VALUES(16,TRUE,'02/23/2017 11:57:21.713252',E'YVIHSARQIQI',NULL,'01/19/2017 11:06:36.060371',E'UXAUTAKZES',6,E'ZLOEJGMTBRRVKINWJ');
INSERT INTO "public"."Step"("ID","Active","CreatedDate","CreatedUUID","JsonExtendedData","ModifiedDate","ModifiedUUID","WorkflowID","WorkflowStepName") 
VALUES(17,FALSE,'02/22/2017 20:28:00.187757',E'RSTMPSOKELZSGCHFTNHGO',NULL,'02/15/2017 22:26:17.441523',E'LTRNUADBJDSABMMTDKCK',97,E'ZEZUNQBYYNMG');
INSERT INTO "public"."Step"("ID","Active","CreatedDate","CreatedUUID","JsonExtendedData","ModifiedDate","ModifiedUUID","WorkflowID","WorkflowStepName") 
VALUES(18,TRUE,'02/06/2017 22:57:51.928722',E'EYINVLPIYM',NULL,'03/13/2017 13:46:32.052711',E'GQHGHTMMFIPXSWRHFRJFESF',43,E'LTABEQXWOGXVTGICZAPQUMRPP');
INSERT INTO "public"."Step"("ID","Active","CreatedDate","CreatedUUID","JsonExtendedData","ModifiedDate","ModifiedUUID","WorkflowID","WorkflowStepName") 
VALUES(19,TRUE,'02/13/2017 21:13:27.428286',E'BKLOS',NULL,'02/25/2017 00:32:38.519291',E'VGHPWDVRUVFA',99,E'CEBEXIIWUERHJTPPSPVKT');
INSERT INTO "public"."Step"("ID","Active","CreatedDate","CreatedUUID","JsonExtendedData","ModifiedDate","ModifiedUUID","WorkflowID","WorkflowStepName") 
VALUES(20,FALSE,'02/05/2017 13:53:25.105310',E'ZGCEDBTDOOXMDEZEF',NULL,'02/08/2017 16:35:55.978432',E'KYHMQSC',36,E'FJZSYAHYPOIFQS');
INSERT INTO "public"."Step"("ID","Active","CreatedDate","CreatedUUID","JsonExtendedData","ModifiedDate","ModifiedUUID","WorkflowID","WorkflowStepName") 
VALUES(21,TRUE,'03/07/2017 17:21:56.187010',E'WOVRHQANXREDTZJ',NULL,'01/26/2017 04:48:05.948138',E'ECCTTOOUWAPEYRXZA',1,E'MSWCALELFMUUVTLXTFFQQVU');
INSERT INTO "public"."Step"("ID","Active","CreatedDate","CreatedUUID","JsonExtendedData","ModifiedDate","ModifiedUUID","WorkflowID","WorkflowStepName") 
VALUES(22,TRUE,'03/08/2017 01:23:43.745978',E'QEZJQNXOMFZBDADSTCAM',NULL,'02/11/2017 12:04:07.304208',E'NZBDGMSAEHEWKLZEBMXLAH',78,E'GLGVPYP');
INSERT INTO "public"."Step"("ID","Active","CreatedDate","CreatedUUID","JsonExtendedData","ModifiedDate","ModifiedUUID","WorkflowID","WorkflowStepName") 
VALUES(23,FALSE,'02/25/2017 03:06:15.153560',E'MEQRNQYK',NULL,'01/19/2017 10:12:54.351034',E'KBPZNFSDPFMZSM',52,E'KXQNESN');
INSERT INTO "public"."Step"("ID","Active","CreatedDate","CreatedUUID","JsonExtendedData","ModifiedDate","ModifiedUUID","WorkflowID","WorkflowStepName") 
VALUES(24,FALSE,'03/17/2017 02:59:14.059291',E'PIAMLAAFWMBVDVCAUAD',NULL,'03/10/2017 01:44:10.322529',E'TVKKVSSXXXCYMDI',74,E'HWTVDGCYVQKRYGJLRMIZ');
INSERT INTO "public"."Step"("ID","Active","CreatedDate","CreatedUUID","JsonExtendedData","ModifiedDate","ModifiedUUID","WorkflowID","WorkflowStepName") 
VALUES(25,FALSE,'03/10/2017 01:19:49.761184',E'LQMLKCJDYXYIEKITALL',NULL,'01/22/2017 03:28:55.340314',E'BDJGHVZBCRQM',65,E'EMELRTTCY');
INSERT INTO "public"."Step"("ID","Active","CreatedDate","CreatedUUID","JsonExtendedData","ModifiedDate","ModifiedUUID","WorkflowID","WorkflowStepName") 
VALUES(26,FALSE,'02/28/2017 11:15:24.630353',E'GMUENXNRLNXEN',NULL,'02/14/2017 00:16:07.915475',E'FEDWDHHP',93,E'YDYMLHJVCIM');
INSERT INTO "public"."Step"("ID","Active","CreatedDate","CreatedUUID","JsonExtendedData","ModifiedDate","ModifiedUUID","WorkflowID","WorkflowStepName") 
VALUES(27,FALSE,'02/25/2017 15:39:34.850074',E'IIYVEGMPCEHOQTZVZKEBFU',NULL,'03/18/2017 12:43:59.689835',E'YACVAYVBYHWTSYKEO',89,E'FNFPGKZJDI');
INSERT INTO "public"."Step"("ID","Active","CreatedDate","CreatedUUID","JsonExtendedData","ModifiedDate","ModifiedUUID","WorkflowID","WorkflowStepName") 
VALUES(28,FALSE,'02/15/2017 03:06:57.232023',E'AWZUPOZSPCMSMOCEHFEUSJZU',NULL,'01/18/2017 11:00:45.405073',E'EEZUAHBCOBPJYXRYZXLTWJP',2,E'FGXTYOPZ');
INSERT INTO "public"."Step"("ID","Active","CreatedDate","CreatedUUID","JsonExtendedData","ModifiedDate","ModifiedUUID","WorkflowID","WorkflowStepName") 
VALUES(29,TRUE,'01/23/2017 13:02:55.618025',E'IFDVGKRHLEFUPDFPDTTJ',NULL,'03/10/2017 21:01:45.340741',E'YPVTWBQEKVFILVGJDR',46,E'XTMWMPXCKJOUYIGUTGWNRSMLE');
INSERT INTO "public"."Step"("ID","Active","CreatedDate","CreatedUUID","JsonExtendedData","ModifiedDate","ModifiedUUID","WorkflowID","WorkflowStepName") 
VALUES(30,TRUE,'03/09/2017 10:39:31.304086',E'JEVKJCSLKQSLO',NULL,'02/14/2017 02:57:21.058651',E'WTXUCYZYFLBDJE',51,E'JGQJASYBZXSEMXIIULYXAAAQ');
INSERT INTO "public"."Step"("ID","Active","CreatedDate","CreatedUUID","JsonExtendedData","ModifiedDate","ModifiedUUID","WorkflowID","WorkflowStepName") 
VALUES(31,TRUE,'01/19/2017 10:27:57.684093',E'XPMIDBLERBJKLXLVILA',NULL,'01/19/2017 13:23:26.659620',E'IDEULFKEDR',56,E'XTJHHAIIBS');
INSERT INTO "public"."Step"("ID","Active","CreatedDate","CreatedUUID","JsonExtendedData","ModifiedDate","ModifiedUUID","WorkflowID","WorkflowStepName") 
VALUES(32,FALSE,'01/24/2017 13:43:47.902763',E'HTAQHUU',NULL,'01/25/2017 02:04:23.666716',E'ATUTD',63,E'HQWFMFD');
INSERT INTO "public"."Step"("ID","Active","CreatedDate","CreatedUUID","JsonExtendedData","ModifiedDate","ModifiedUUID","WorkflowID","WorkflowStepName") 
VALUES(33,TRUE,'02/17/2017 02:57:00.369404',E'HSULXPSQGCZU',NULL,'02/18/2017 13:38:45.950292',E'LQLWVYEFKVYYGDDASCSJYWHM',77,E'HVOHVZLGYN');
INSERT INTO "public"."Step"("ID","Active","CreatedDate","CreatedUUID","JsonExtendedData","ModifiedDate","ModifiedUUID","WorkflowID","WorkflowStepName") 
VALUES(34,TRUE,'02/04/2017 02:17:13.872746',E'LJULFIHSHNX',NULL,'03/13/2017 14:12:59.276525',E'WKWCCSVUXQTCJ',54,E'JUBUWBKMPPIYIHGPPPKBUB');
INSERT INTO "public"."Step"("ID","Active","CreatedDate","CreatedUUID","JsonExtendedData","ModifiedDate","ModifiedUUID","WorkflowID","WorkflowStepName") 
VALUES(35,TRUE,'02/02/2017 18:33:09.554356',E'KAQTKS',NULL,'02/22/2017 14:29:00.725291',E'IRWYQVYTJGXKYHNNDPRA',92,E'QUVKKGTQRVXMMXRBIYAPZ');
INSERT INTO "public"."Step"("ID","Active","CreatedDate","CreatedUUID","JsonExtendedData","ModifiedDate","ModifiedUUID","WorkflowID","WorkflowStepName") 
VALUES(36,FALSE,'02/03/2017 23:29:14.650101',E'WENQF',NULL,'02/12/2017 11:46:40.807538',E'KGJVQOKSQKQENYZGBZWGVSQFC',70,E'PEROH');
INSERT INTO "public"."Step"("ID","Active","CreatedDate","CreatedUUID","JsonExtendedData","ModifiedDate","ModifiedUUID","WorkflowID","WorkflowStepName") 
VALUES(37,TRUE,'02/27/2017 23:02:31.364299',E'IECZF',NULL,'01/29/2017 19:49:45.274116',E'WNNRSBVDMIJGMLWWUUZ',67,E'DKZUYPXWIXNGKLYDISTZEAM');
INSERT INTO "public"."Step"("ID","Active","CreatedDate","CreatedUUID","JsonExtendedData","ModifiedDate","ModifiedUUID","WorkflowID","WorkflowStepName") 
VALUES(38,TRUE,'02/16/2017 13:39:48.458988',E'JRLEDXHRYLHNCXGXXXNWY',NULL,'01/18/2017 01:31:50.420819',E'LHQXDNWJDOKFOZETCGKLN',81,E'JVOFBKZOJZGYUCWORA');
INSERT INTO "public"."Step"("ID","Active","CreatedDate","CreatedUUID","JsonExtendedData","ModifiedDate","ModifiedUUID","WorkflowID","WorkflowStepName") 
VALUES(39,FALSE,'02/10/2017 08:15:46.965789',E'ZWOZK',NULL,'01/19/2017 13:35:05.911456',E'JTKYSKIQ',80,E'BZAXREKPSMJQOAWAFFUVY');
INSERT INTO "public"."Step"("ID","Active","CreatedDate","CreatedUUID","JsonExtendedData","ModifiedDate","ModifiedUUID","WorkflowID","WorkflowStepName") 
VALUES(40,TRUE,'01/29/2017 15:39:19.501160',E'OMNLMJTCOQMBCEUQIPJKWH',NULL,'01/18/2017 00:36:09.969883',E'LGNZXRYY',28,E'QAWMWBW');
INSERT INTO "public"."Step"("ID","Active","CreatedDate","CreatedUUID","JsonExtendedData","ModifiedDate","ModifiedUUID","WorkflowID","WorkflowStepName") 
VALUES(41,FALSE,'03/16/2017 21:13:02.222891',E'YKKKFYWVKZCGVICPBUJ',NULL,'03/02/2017 03:50:34.352376',E'FPNTJYELBODXAQT',32,E'GFEGWZEWEOWRGNX');
INSERT INTO "public"."Step"("ID","Active","CreatedDate","CreatedUUID","JsonExtendedData","ModifiedDate","ModifiedUUID","WorkflowID","WorkflowStepName") 
VALUES(42,FALSE,'02/04/2017 06:49:12.503308',E'XFPELAYVJXSLIIKIBH',NULL,'02/16/2017 00:44:41.544953',E'XUSJOOMZG',49,E'TPATPEFNM');
INSERT INTO "public"."Step"("ID","Active","CreatedDate","CreatedUUID","JsonExtendedData","ModifiedDate","ModifiedUUID","WorkflowID","WorkflowStepName") 
VALUES(43,TRUE,'03/04/2017 09:48:58.901050',E'CMBVELOGLFIKJ',NULL,'02/23/2017 19:31:25.049443',E'MLILTHJJGEZBSTAYYJMX',53,E'MNEGRORRVXMPXHDTJHSXDDSD');
INSERT INTO "public"."Step"("ID","Active","CreatedDate","CreatedUUID","JsonExtendedData","ModifiedDate","ModifiedUUID","WorkflowID","WorkflowStepName") 
VALUES(44,TRUE,'02/07/2017 06:47:13.679559',E'RVKJDPACXPGINSAJZOK',NULL,'02/14/2017 23:29:09.768914',E'XSZZHSTNHLH',84,E'LOEKROWCVBDNJPJHOY');
INSERT INTO "public"."Step"("ID","Active","CreatedDate","CreatedUUID","JsonExtendedData","ModifiedDate","ModifiedUUID","WorkflowID","WorkflowStepName") 
VALUES(45,FALSE,'03/08/2017 17:41:37.834642',E'CGKNPOPUPCUKYLXBBGYVCU',NULL,'01/21/2017 08:51:28.870397',E'AEVVOUTMWEZILZDPBRDGJ',17,E'LGNJZVHRKQL');
INSERT INTO "public"."Step"("ID","Active","CreatedDate","CreatedUUID","JsonExtendedData","ModifiedDate","ModifiedUUID","WorkflowID","WorkflowStepName") 
VALUES(46,TRUE,'01/30/2017 03:19:55.249680',E'VFDUISZVF',NULL,'02/06/2017 02:50:08.514504',E'RPNCAA',47,E'TBXMYJXTYMEASBEWMEWKTI');
INSERT INTO "public"."Step"("ID","Active","CreatedDate","CreatedUUID","JsonExtendedData","ModifiedDate","ModifiedUUID","WorkflowID","WorkflowStepName") 
VALUES(47,TRUE,'02/02/2017 15:43:09.698056',E'HLGPREJLHL',NULL,'01/26/2017 09:56:59.318553',E'NCZHKTJSNLBRR',31,E'APHIZJGEVH');
INSERT INTO "public"."Step"("ID","Active","CreatedDate","CreatedUUID","JsonExtendedData","ModifiedDate","ModifiedUUID","WorkflowID","WorkflowStepName") 
VALUES(48,FALSE,'02/20/2017 19:02:41.288350',E'JPZSPNYAQRKUOGYGSOJVTNG',NULL,'02/27/2017 18:13:06.020497',E'FKVBPQCTIOQOLKS',85,E'MWUOWPKEYU');
INSERT INTO "public"."Step"("ID","Active","CreatedDate","CreatedUUID","JsonExtendedData","ModifiedDate","ModifiedUUID","WorkflowID","WorkflowStepName") 
VALUES(49,FALSE,'01/23/2017 23:21:26.011191',E'JDLLPYJ',NULL,'02/16/2017 14:11:23.527117',E'GPPNTJJMNOIPTZIQTCEWKTWRZ',42,E'QESCE');
INSERT INTO "public"."Step"("ID","Active","CreatedDate","CreatedUUID","JsonExtendedData","ModifiedDate","ModifiedUUID","WorkflowID","WorkflowStepName") 
VALUES(50,FALSE,'01/28/2017 00:21:23.837885',E'QVMIPWOTQNQV',NULL,'02/05/2017 11:32:56.992105',E'HTXAWBJBLPDTPGHFMG',44,E'WJOQMBIIYEP');
INSERT INTO "public"."Step"("ID","Active","CreatedDate","CreatedUUID","JsonExtendedData","ModifiedDate","ModifiedUUID","WorkflowID","WorkflowStepName") 
VALUES(51,FALSE,'03/06/2017 23:03:42.908103',E'BUMYJNI',NULL,'02/15/2017 20:01:04.008451',E'TGBJPFISPPC',100,E'RRUMSACNQYRCGXPDFSCQ');
INSERT INTO "public"."Step"("ID","Active","CreatedDate","CreatedUUID","JsonExtendedData","ModifiedDate","ModifiedUUID","WorkflowID","WorkflowStepName") 
VALUES(52,FALSE,'01/31/2017 11:37:05.522902',E'EGIPJPRSXCOD',NULL,'03/11/2017 20:13:19.201801',E'POTFUJTABTGNYIDCECMYILBKQ',16,E'XVPSA');
INSERT INTO "public"."Step"("ID","Active","CreatedDate","CreatedUUID","JsonExtendedData","ModifiedDate","ModifiedUUID","WorkflowID","WorkflowStepName") 
VALUES(53,FALSE,'02/01/2017 17:57:50.461094',E'PMOMTMSHJQRMFYHXMNKOAFA',NULL,'03/02/2017 06:37:04.293026',E'QQTKKGKVOTBADO',30,E'RPAEWYFQCRKYYQCJVQYGEYC');
INSERT INTO "public"."Step"("ID","Active","CreatedDate","CreatedUUID","JsonExtendedData","ModifiedDate","ModifiedUUID","WorkflowID","WorkflowStepName") 
VALUES(54,FALSE,'01/26/2017 23:59:31.467546',E'UUAAGVXIHLIMEFEHHOXOEST',NULL,'03/03/2017 08:30:22.160600',E'YGJECALJMTYXESBZUPKWA',86,E'HKQTZB');
INSERT INTO "public"."Step"("ID","Active","CreatedDate","CreatedUUID","JsonExtendedData","ModifiedDate","ModifiedUUID","WorkflowID","WorkflowStepName") 
VALUES(55,FALSE,'02/19/2017 04:32:12.872242',E'SBHOHXYCVXOQI',NULL,'01/29/2017 17:20:25.348188',E'IGNYTEMBXRUQRUOCIZVUOAEI',60,E'EXGCMIP');
INSERT INTO "public"."Step"("ID","Active","CreatedDate","CreatedUUID","JsonExtendedData","ModifiedDate","ModifiedUUID","WorkflowID","WorkflowStepName") 
VALUES(56,FALSE,'03/17/2017 22:51:09.192861',E'RJXHUJOTLS',NULL,'03/13/2017 04:41:30.413650',E'BJVLNI',29,E'ISAQSVSQFUXIAHFMY');
INSERT INTO "public"."Step"("ID","Active","CreatedDate","CreatedUUID","JsonExtendedData","ModifiedDate","ModifiedUUID","WorkflowID","WorkflowStepName") 
VALUES(57,FALSE,'01/27/2017 18:30:38.955641',E'PYIGWKDTOLMWBWX',NULL,'03/04/2017 11:18:01.467003',E'OEIPPFHNSYLCYFZFAERYT',23,E'VCYDHIH');
INSERT INTO "public"."Step"("ID","Active","CreatedDate","CreatedUUID","JsonExtendedData","ModifiedDate","ModifiedUUID","WorkflowID","WorkflowStepName") 
VALUES(58,TRUE,'03/13/2017 23:19:17.804816',E'XUIYMDWNOUA',NULL,'01/24/2017 03:58:06.596766',E'ZOYMTPFEGLLRAFSA',20,E'ARJPY');
INSERT INTO "public"."Step"("ID","Active","CreatedDate","CreatedUUID","JsonExtendedData","ModifiedDate","ModifiedUUID","WorkflowID","WorkflowStepName") 
VALUES(59,TRUE,'02/19/2017 09:41:55.016442',E'WDSBLOTTDLF',NULL,'02/20/2017 19:22:51.939092',E'OYANSPPRUV',45,E'GCFOGUIAAVZTWIHOT');
INSERT INTO "public"."Step"("ID","Active","CreatedDate","CreatedUUID","JsonExtendedData","ModifiedDate","ModifiedUUID","WorkflowID","WorkflowStepName") 
VALUES(60,FALSE,'03/15/2017 04:47:45.108375',E'CLLHVY',NULL,'01/23/2017 02:48:13.680920',E'NRMXXHBGOWVALFPTZA',75,E'LGFVXVNKNTDU');
INSERT INTO "public"."Step"("ID","Active","CreatedDate","CreatedUUID","JsonExtendedData","ModifiedDate","ModifiedUUID","WorkflowID","WorkflowStepName") 
VALUES(61,FALSE,'03/07/2017 20:20:33.561319',E'DULTAJGIXHEAGSVR',NULL,'02/27/2017 05:32:30.185769',E'QEPJLUVSWTHPYGRDFFYHOYHTP',57,E'VGGHZZZSDDIJKWMRYGUQP');
INSERT INTO "public"."Step"("ID","Active","CreatedDate","CreatedUUID","JsonExtendedData","ModifiedDate","ModifiedUUID","WorkflowID","WorkflowStepName") 
VALUES(62,FALSE,'01/30/2017 22:56:35.078634',E'OBLNSK',NULL,'02/06/2017 16:27:16.726240',E'UCDJIAUSXLEGXUKS',71,E'ORXUKAWNJWZVOPDXJNZXUACCU');
INSERT INTO "public"."Step"("ID","Active","CreatedDate","CreatedUUID","JsonExtendedData","ModifiedDate","ModifiedUUID","WorkflowID","WorkflowStepName") 
VALUES(63,TRUE,'02/21/2017 06:01:53.129513',E'KHCGZ',NULL,'03/11/2017 14:35:24.960968',E'PPACMNS',55,E'YPQEEVHFXSXICBFKRODYOPBBZ');
INSERT INTO "public"."Step"("ID","Active","CreatedDate","CreatedUUID","JsonExtendedData","ModifiedDate","ModifiedUUID","WorkflowID","WorkflowStepName") 
VALUES(64,FALSE,'01/20/2017 12:47:29.765215',E'TFGKEEYAPGP',NULL,'03/14/2017 15:05:06.176542',E'TYLFUVDXUGIJBHIY',88,E'BRYJAZPXXWRQTJUGOFPL');
INSERT INTO "public"."Step"("ID","Active","CreatedDate","CreatedUUID","JsonExtendedData","ModifiedDate","ModifiedUUID","WorkflowID","WorkflowStepName") 
VALUES(65,TRUE,'02/05/2017 19:22:34.688044',E'ZPONROQL',NULL,'03/03/2017 22:23:35.318575',E'IXPBC',90,E'TFDYGVJJZMJQTHOVZXYIBDZ');
INSERT INTO "public"."Step"("ID","Active","CreatedDate","CreatedUUID","JsonExtendedData","ModifiedDate","ModifiedUUID","WorkflowID","WorkflowStepName") 
VALUES(66,FALSE,'02/23/2017 09:39:07.684376',E'TUNGQPZEMW',NULL,'03/03/2017 19:39:05.434221',E'RGIBEL',82,E'PVRZSNDEIXN');
INSERT INTO "public"."Step"("ID","Active","CreatedDate","CreatedUUID","JsonExtendedData","ModifiedDate","ModifiedUUID","WorkflowID","WorkflowStepName") 
VALUES(67,FALSE,'01/23/2017 01:10:36.727988',E'CYTTGZZVYUBWVEESL',NULL,'02/18/2017 00:38:07.064873',E'QYAFACBJ',21,E'ZIPDUBWN');
INSERT INTO "public"."Step"("ID","Active","CreatedDate","CreatedUUID","JsonExtendedData","ModifiedDate","ModifiedUUID","WorkflowID","WorkflowStepName") 
VALUES(68,FALSE,'02/26/2017 06:40:37.241353',E'RTNYYUSWYVCGWPLXKDUSWQYO',NULL,'02/13/2017 01:08:18.286008',E'TKWHSYPZVTZRLMNUC',34,E'LIRHELP');
INSERT INTO "public"."Step"("ID","Active","CreatedDate","CreatedUUID","JsonExtendedData","ModifiedDate","ModifiedUUID","WorkflowID","WorkflowStepName") 
VALUES(69,TRUE,'02/20/2017 07:36:13.949434',E'EXZUTBOKFTSBHYK',NULL,'03/17/2017 13:11:49.269592',E'PWIMBFL',33,E'IXHAHBVK');
INSERT INTO "public"."Step"("ID","Active","CreatedDate","CreatedUUID","JsonExtendedData","ModifiedDate","ModifiedUUID","WorkflowID","WorkflowStepName") 
VALUES(70,TRUE,'01/31/2017 16:20:56.292106',E'QZDAH',NULL,'03/02/2017 07:17:08.193210',E'DYZIJXMCLPFUSWYKGHDFD',27,E'OPSBQUYPUSGNJF');
INSERT INTO "public"."Step"("ID","Active","CreatedDate","CreatedUUID","JsonExtendedData","ModifiedDate","ModifiedUUID","WorkflowID","WorkflowStepName") 
VALUES(71,TRUE,'02/21/2017 13:33:34.650893',E'FAUYKHLUSS',NULL,'02/16/2017 21:07:48.953179',E'GESOUSXUVBSYNWBDTB',38,E'KIFBQKVRYQXEWHZRBPD');
INSERT INTO "public"."Step"("ID","Active","CreatedDate","CreatedUUID","JsonExtendedData","ModifiedDate","ModifiedUUID","WorkflowID","WorkflowStepName") 
VALUES(72,FALSE,'01/29/2017 13:23:06.433420',E'DXWZX',NULL,'01/19/2017 07:42:00.290658',E'YXFQLPWABTWRTWVAQSGV',12,E'XXLWVXPFRNZ');
INSERT INTO "public"."Step"("ID","Active","CreatedDate","CreatedUUID","JsonExtendedData","ModifiedDate","ModifiedUUID","WorkflowID","WorkflowStepName") 
VALUES(73,TRUE,'02/04/2017 10:24:07.291477',E'AYFTKQJEYMZNAXKKGQ',NULL,'03/09/2017 13:01:34.488883',E'QBCWUUTICDVGCZLAFOOEFC',91,E'RDEDHCSKJOUVZLGQQWXL');
INSERT INTO "public"."Step"("ID","Active","CreatedDate","CreatedUUID","JsonExtendedData","ModifiedDate","ModifiedUUID","WorkflowID","WorkflowStepName") 
VALUES(74,TRUE,'03/10/2017 15:46:04.189509',E'HJHTMKLO',NULL,'01/23/2017 19:37:07.269505',E'EZQROUHGTEIBUWEOHLHT',58,E'MALITUQLOOUUNBOXA');
INSERT INTO "public"."Step"("ID","Active","CreatedDate","CreatedUUID","JsonExtendedData","ModifiedDate","ModifiedUUID","WorkflowID","WorkflowStepName") 
VALUES(75,TRUE,'01/29/2017 08:59:07.223130',E'LMBYMHQTEA',NULL,'03/10/2017 20:31:13.270956',E'OJATNRZEIUJSSWXLCTUAH',14,E'RFIXGKNFVRLYYPWHR');
INSERT INTO "public"."Step"("ID","Active","CreatedDate","CreatedUUID","JsonExtendedData","ModifiedDate","ModifiedUUID","WorkflowID","WorkflowStepName") 
VALUES(76,FALSE,'03/18/2017 09:57:09.007272',E'TGPTXIARJQQFGWMKNUOJJDR',NULL,'01/23/2017 14:27:39.832533',E'VYCYIGAX',94,E'UJGIEJTRWFWOXMOXHRPSTO');
INSERT INTO "public"."Step"("ID","Active","CreatedDate","CreatedUUID","JsonExtendedData","ModifiedDate","ModifiedUUID","WorkflowID","WorkflowStepName") 
VALUES(77,TRUE,'02/14/2017 04:00:03.223534',E'VAZTUGIQCJW',NULL,'02/06/2017 23:10:10.305086',E'AIYMTYOG',98,E'VIVKQLRT');
INSERT INTO "public"."Step"("ID","Active","CreatedDate","CreatedUUID","JsonExtendedData","ModifiedDate","ModifiedUUID","WorkflowID","WorkflowStepName") 
VALUES(78,TRUE,'02/14/2017 04:43:02.113120',E'VSLPQZHTLIE',NULL,'02/04/2017 04:13:07.080996',E'VPPXEEXTZG',48,E'MLEAPWKAYSRGO');
INSERT INTO "public"."Step"("ID","Active","CreatedDate","CreatedUUID","JsonExtendedData","ModifiedDate","ModifiedUUID","WorkflowID","WorkflowStepName") 
VALUES(79,FALSE,'01/22/2017 21:54:41.850135',E'SPQOCM',NULL,'01/29/2017 04:15:09.411092',E'BJSUHNFCCKYSNVBC',96,E'UTPCJBKTQXQJQFERXSPQPTG');
INSERT INTO "public"."Step"("ID","Active","CreatedDate","CreatedUUID","JsonExtendedData","ModifiedDate","ModifiedUUID","WorkflowID","WorkflowStepName") 
VALUES(80,TRUE,'02/05/2017 17:22:33.644883',E'RIRSYEQDBEASKEVORAD',NULL,'03/08/2017 00:01:03.744425',E'LXTRO',22,E'EJAKAUMJSRSAOWBRCXUYIKI');
INSERT INTO "public"."Step"("ID","Active","CreatedDate","CreatedUUID","JsonExtendedData","ModifiedDate","ModifiedUUID","WorkflowID","WorkflowStepName") 
VALUES(81,TRUE,'02/01/2017 19:17:59.320873',E'PTBCXLBMOEHJUAY',NULL,'03/09/2017 00:05:26.051329',E'ZGRAJVUHWEEEKEDXWT',13,E'PVIGFJ');
INSERT INTO "public"."Step"("ID","Active","CreatedDate","CreatedUUID","JsonExtendedData","ModifiedDate","ModifiedUUID","WorkflowID","WorkflowStepName") 
VALUES(82,TRUE,'03/10/2017 10:36:28.406051',E'YONGWEHEWHABYZOTURKUWJTU',NULL,'03/14/2017 01:35:38.178279',E'CMABMJBALKLYYVMJ',35,E'WQDYIPGLFZD');
INSERT INTO "public"."Step"("ID","Active","CreatedDate","CreatedUUID","JsonExtendedData","ModifiedDate","ModifiedUUID","WorkflowID","WorkflowStepName") 
VALUES(83,FALSE,'02/18/2017 19:09:34.531284',E'WAQCVBREVZRCGGDETKOABYOI',NULL,'03/03/2017 12:18:02.151190',E'CVNEAFKQCP',72,E'YRLVFSPGUBJQTK');
INSERT INTO "public"."Step"("ID","Active","CreatedDate","CreatedUUID","JsonExtendedData","ModifiedDate","ModifiedUUID","WorkflowID","WorkflowStepName") 
VALUES(84,FALSE,'01/26/2017 06:08:38.390305',E'UQCBMQWVNDQLYRGSYYFTCYU',NULL,'01/30/2017 12:49:46.971073',E'MPUHXLHROY',83,E'ABNCGXUGYCIPNFYBNP');
INSERT INTO "public"."Step"("ID","Active","CreatedDate","CreatedUUID","JsonExtendedData","ModifiedDate","ModifiedUUID","WorkflowID","WorkflowStepName") 
VALUES(85,FALSE,'03/09/2017 20:20:25.590050',E'RUWVHVRGC',NULL,'02/17/2017 21:19:54.579814',E'CZXPFI',64,E'JJPQZMLOLSWNM');
INSERT INTO "public"."Step"("ID","Active","CreatedDate","CreatedUUID","JsonExtendedData","ModifiedDate","ModifiedUUID","WorkflowID","WorkflowStepName") 
VALUES(86,FALSE,'02/10/2017 01:34:46.405102',E'VKIGHZBPJLPP',NULL,'01/30/2017 11:09:41.447837',E'RUBJQEPR',73,E'ZZXNEDWNB');
INSERT INTO "public"."Step"("ID","Active","CreatedDate","CreatedUUID","JsonExtendedData","ModifiedDate","ModifiedUUID","WorkflowID","WorkflowStepName") 
VALUES(87,TRUE,'03/12/2017 01:28:55.350643',E'NIRHTZTT',NULL,'03/03/2017 06:11:16.198687',E'NEQCAHGV',59,E'RCWXORFSXR');
INSERT INTO "public"."Step"("ID","Active","CreatedDate","CreatedUUID","JsonExtendedData","ModifiedDate","ModifiedUUID","WorkflowID","WorkflowStepName") 
VALUES(88,FALSE,'01/25/2017 19:00:31.028434',E'ITMMQLLTWAIGEBGU',NULL,'03/09/2017 16:07:22.429874',E'RSIEVLEYNINKDAWPLIQ',39,E'WXCRCFYPZSHKJZWNQDSG');
INSERT INTO "public"."Step"("ID","Active","CreatedDate","CreatedUUID","JsonExtendedData","ModifiedDate","ModifiedUUID","WorkflowID","WorkflowStepName") 
VALUES(89,FALSE,'03/10/2017 18:48:44.160862',E'MZCKH',NULL,'02/23/2017 12:06:03.753570',E'GGWZSZPJGQXNSGV',4,E'BDWDBXXDXTDTW');
INSERT INTO "public"."Step"("ID","Active","CreatedDate","CreatedUUID","JsonExtendedData","ModifiedDate","ModifiedUUID","WorkflowID","WorkflowStepName") 
VALUES(90,TRUE,'02/19/2017 11:25:48.688315',E'AHZSYQ',NULL,'01/21/2017 19:18:18.551474',E'EUNLMAFSQOVKRZAH',68,E'WJFEOLSLPVXYALNEDNMPUQ');
INSERT INTO "public"."Step"("ID","Active","CreatedDate","CreatedUUID","JsonExtendedData","ModifiedDate","ModifiedUUID","WorkflowID","WorkflowStepName") 
VALUES(91,TRUE,'03/10/2017 21:14:47.101061',E'HEKQDWK',NULL,'02/07/2017 18:09:11.096387',E'LZKEYDFMZG',9,E'DOPJDYEYDORHJRAQFJLJ');
INSERT INTO "public"."Step"("ID","Active","CreatedDate","CreatedUUID","JsonExtendedData","ModifiedDate","ModifiedUUID","WorkflowID","WorkflowStepName") 
VALUES(92,FALSE,'03/18/2017 16:27:14.348449',E'XVAMQVRGPBDETTUZFRFVJKD',NULL,'03/07/2017 03:57:54.706801',E'KXWEBIOYMGWKKLZQLOANQ',5,E'ELNYYWLN');
INSERT INTO "public"."Step"("ID","Active","CreatedDate","CreatedUUID","JsonExtendedData","ModifiedDate","ModifiedUUID","WorkflowID","WorkflowStepName") 
VALUES(93,TRUE,'01/29/2017 17:12:00.100130',E'USDYDLWDZRUXSBCIGNSZKBRYY',NULL,'01/19/2017 08:17:59.527413',E'JATRD',11,E'MQBOAZRISMJQFCESUDV');
INSERT INTO "public"."Step"("ID","Active","CreatedDate","CreatedUUID","JsonExtendedData","ModifiedDate","ModifiedUUID","WorkflowID","WorkflowStepName") 
VALUES(94,TRUE,'02/25/2017 22:05:27.445964',E'HNEUCUOSQCZPTL',NULL,'03/12/2017 11:34:24.620183',E'CDKECHINCJF',50,E'BOYVGNBYHHWDNJCZJRFUHH');
INSERT INTO "public"."Step"("ID","Active","CreatedDate","CreatedUUID","JsonExtendedData","ModifiedDate","ModifiedUUID","WorkflowID","WorkflowStepName") 
VALUES(95,TRUE,'01/19/2017 22:17:00.688569',E'GXQRIPFXNB',NULL,'01/23/2017 00:07:58.935468',E'YNXZKPSFFAWIIVTKVDRFP',61,E'LSYLILILEPNZOKJOFFGCSYDOP');
INSERT INTO "public"."Step"("ID","Active","CreatedDate","CreatedUUID","JsonExtendedData","ModifiedDate","ModifiedUUID","WorkflowID","WorkflowStepName") 
VALUES(96,TRUE,'03/17/2017 14:35:40.069245',E'HZWJCGILSABGJMURCX',NULL,'03/11/2017 20:41:33.606143',E'TEGRJNLDCVVFSEYNV',69,E'QTUKCHGNNGPHAFQIV');
INSERT INTO "public"."Step"("ID","Active","CreatedDate","CreatedUUID","JsonExtendedData","ModifiedDate","ModifiedUUID","WorkflowID","WorkflowStepName") 
VALUES(97,TRUE,'01/24/2017 22:56:06.295177',E'TCMZQHQX',NULL,'02/09/2017 14:15:16.400790',E'HUVOFLTAHDNBKCTHQRN',76,E'JSREVKF');
INSERT INTO "public"."Step"("ID","Active","CreatedDate","CreatedUUID","JsonExtendedData","ModifiedDate","ModifiedUUID","WorkflowID","WorkflowStepName") 
VALUES(98,TRUE,'03/09/2017 13:56:38.902038',E'OGYMVWBG',NULL,'01/28/2017 18:06:04.409895',E'FOKXQUQLFQYNYWPWLZN',18,E'PRJDYZTRDYOEPZYFNLS');
INSERT INTO "public"."Step"("ID","Active","CreatedDate","CreatedUUID","JsonExtendedData","ModifiedDate","ModifiedUUID","WorkflowID","WorkflowStepName") 
VALUES(99,TRUE,'03/18/2017 19:37:45.275089',E'GOQZKOQALBH',NULL,'03/06/2017 04:18:39.567072',E'VEEFYHDCTPXLF',24,E'XRSJYAHKJYD');
INSERT INTO "public"."Step"("ID","Active","CreatedDate","CreatedUUID","JsonExtendedData","ModifiedDate","ModifiedUUID","WorkflowID","WorkflowStepName") 
VALUES(100,TRUE,'03/06/2017 08:39:53.396782',E'ERUTKOZJXGHDOWEWKZKPBKTJ',NULL,'01/21/2017 22:47:55.882752',E'WOTJUIMPFWPBSKWMUM',7,E'FRAXSOGRLUSFDQI');
COMMIT;
